Date,BGT North of NE 70th Total,Ped South,Ped North,Bike North,Bike South
04/01/2014 12:00:00 AM,1,0,0,1,0
04/01/2014 01:00:00 AM,1,0,0,0,1
04/01/2014 02:00:00 AM,1,0,0,0,1
04/01/2014 03:00:00 AM,0,0,0,0,0
04/01/2014 04:00:00 AM,3,0,0,2,1
04/01/2014 05:00:00 AM,15,1,1,12,1
04/01/2014 06:00:00 AM,45,13,9,20,3
04/01/2014 07:00:00 AM,94,8,11,62,13
04/01/2014 08:00:00 AM,95,13,8,48,26
04/01/2014 09:00:00 AM,85,13,11,34,27
04/01/2014 10:00:00 AM,85,16,23,32,14
04/01/2014 11:00:00 AM,82,16,32,15,19
04/01/2014 12:00:00 PM,109,36,20,35,18
04/01/2014 01:00:00 PM,62,9,7,15,31
04/01/2014 02:00:00 PM,106,21,14,35,36
04/01/2014 03:00:00 PM,114,15,11,41,47
04/01/2014 04:00:00 PM,173,23,15,49,86
04/01/2014 05:00:00 PM,223,16,27,57,123
04/01/2014 06:00:00 PM,198,27,21,63,87
04/01/2014 07:00:00 PM,116,16,8,38,54
04/01/2014 08:00:00 PM,42,6,1,18,17
04/01/2014 09:00:00 PM,19,2,3,7,7
04/01/2014 10:00:00 PM,2,0,0,1,1
04/01/2014 11:00:00 PM,0,0,0,0,0
04/02/2014 12:00:00 AM,1,0,0,0,1
04/02/2014 01:00:00 AM,1,0,0,0,1
04/02/2014 02:00:00 AM,0,0,0,0,0
04/02/2014 03:00:00 AM,1,0,0,0,1
04/02/2014 04:00:00 AM,3,0,0,3,0
04/02/2014 05:00:00 AM,12,2,1,8,1
04/02/2014 06:00:00 AM,42,7,9,19,7
04/02/2014 07:00:00 AM,100,15,6,66,13
04/02/2014 08:00:00 AM,101,12,12,56,21
04/02/2014 09:00:00 AM,66,10,10,29,17
04/02/2014 10:00:00 AM,75,11,23,23,18
04/02/2014 11:00:00 AM,69,13,14,21,21
04/02/2014 12:00:00 PM,69,12,15,17,25
04/02/2014 01:00:00 PM,65,22,7,20,16
04/02/2014 02:00:00 PM,77,9,12,20,36
04/02/2014 03:00:00 PM,91,18,9,32,32
04/02/2014 04:00:00 PM,160,18,24,37,81
04/02/2014 05:00:00 PM,214,11,21,56,126
04/02/2014 06:00:00 PM,193,29,29,49,86
04/02/2014 07:00:00 PM,103,13,8,45,37
04/02/2014 08:00:00 PM,15,3,2,2,8
04/02/2014 09:00:00 PM,8,2,0,5,1
04/02/2014 10:00:00 PM,2,0,0,0,2
04/02/2014 11:00:00 PM,1,0,0,0,1
04/03/2014 12:00:00 AM,0,0,0,0,0
04/03/2014 01:00:00 AM,3,0,0,0,3
04/03/2014 02:00:00 AM,0,0,0,0,0
04/03/2014 03:00:00 AM,0,0,0,0,0
04/03/2014 04:00:00 AM,3,0,0,2,1
04/03/2014 05:00:00 AM,15,2,3,9,1
04/03/2014 06:00:00 AM,22,3,2,14,3
04/03/2014 07:00:00 AM,66,8,7,40,11
04/03/2014 08:00:00 AM,77,15,11,37,14
04/03/2014 09:00:00 AM,78,13,10,35,20
04/03/2014 10:00:00 AM,59,17,20,11,11
04/03/2014 11:00:00 AM,53,4,10,21,18
04/03/2014 12:00:00 PM,79,26,10,18,25
04/03/2014 01:00:00 PM,65,16,8,25,16
04/03/2014 02:00:00 PM,39,4,6,14,15
04/03/2014 03:00:00 PM,45,8,6,15,16
04/03/2014 04:00:00 PM,42,2,7,5,28
04/03/2014 05:00:00 PM,78,13,12,14,39
04/03/2014 06:00:00 PM,49,5,5,10,29
04/03/2014 07:00:00 PM,30,4,3,6,17
04/03/2014 08:00:00 PM,8,1,2,2,3
04/03/2014 09:00:00 PM,7,1,0,2,4
04/03/2014 10:00:00 PM,1,0,0,0,1
04/03/2014 11:00:00 PM,2,0,0,1,1
04/04/2014 12:00:00 AM,2,0,0,0,2
04/04/2014 01:00:00 AM,0,0,0,0,0
04/04/2014 02:00:00 AM,2,0,0,1,1
04/04/2014 03:00:00 AM,0,0,0,0,0
04/04/2014 04:00:00 AM,1,0,0,1,0
04/04/2014 05:00:00 AM,8,1,0,7,0
04/04/2014 06:00:00 AM,34,8,8,17,1
04/04/2014 07:00:00 AM,59,11,10,36,2
04/04/2014 08:00:00 AM,76,13,17,34,12
04/04/2014 09:00:00 AM,59,12,11,24,12
04/04/2014 10:00:00 AM,68,18,25,14,11
04/04/2014 11:00:00 AM,65,15,12,18,20
04/04/2014 12:00:00 PM,62,21,5,20,16
04/04/2014 01:00:00 PM,80,7,8,28,37
04/04/2014 02:00:00 PM,103,13,13,34,43
04/04/2014 03:00:00 PM,100,11,13,36,40
04/04/2014 04:00:00 PM,150,17,21,47,65
04/04/2014 05:00:00 PM,164,16,25,46,77
04/04/2014 06:00:00 PM,128,21,20,44,43
04/04/2014 07:00:00 PM,57,8,8,14,27
04/04/2014 08:00:00 PM,16,0,2,4,10
04/04/2014 09:00:00 PM,6,1,1,0,4
04/04/2014 10:00:00 PM,3,1,0,0,2
04/04/2014 11:00:00 PM,2,1,0,1,0
04/05/2014 12:00:00 AM,2,0,1,1,0
04/05/2014 01:00:00 AM,2,2,0,0,0
04/05/2014 02:00:00 AM,3,1,1,1,0
04/05/2014 03:00:00 AM,1,0,0,0,1
04/05/2014 04:00:00 AM,0,0,0,0,0
04/05/2014 05:00:00 AM,2,0,1,0,1
04/05/2014 06:00:00 AM,8,3,1,2,2
04/05/2014 07:00:00 AM,47,11,14,5,17
04/05/2014 08:00:00 AM,80,23,20,14,23
04/05/2014 09:00:00 AM,190,50,52,43,45
04/05/2014 10:00:00 AM,377,153,153,30,41
04/05/2014 11:00:00 AM,298,98,86,58,56
04/05/2014 12:00:00 PM,199,28,55,39,77
04/05/2014 01:00:00 PM,220,75,78,20,47
04/05/2014 02:00:00 PM,95,19,17,42,17
04/05/2014 03:00:00 PM,84,20,13,26,25
04/05/2014 04:00:00 PM,51,6,11,20,14
04/05/2014 05:00:00 PM,48,11,11,9,17
04/05/2014 06:00:00 PM,25,7,6,10,2
04/05/2014 07:00:00 PM,11,2,2,6,1
04/05/2014 08:00:00 PM,5,0,1,1,3
04/05/2014 09:00:00 PM,5,2,0,0,3
04/05/2014 10:00:00 PM,0,0,0,0,0
04/05/2014 11:00:00 PM,0,0,0,0,0
04/06/2014 12:00:00 AM,2,0,0,0,2
04/06/2014 01:00:00 AM,0,0,0,0,0
04/06/2014 02:00:00 AM,0,0,0,0,0
04/06/2014 03:00:00 AM,1,0,0,0,1
04/06/2014 04:00:00 AM,0,0,0,0,0
04/06/2014 05:00:00 AM,4,0,0,2,2
04/06/2014 06:00:00 AM,5,1,1,2,1
04/06/2014 07:00:00 AM,22,2,4,8,8
04/06/2014 08:00:00 AM,71,21,20,10,20
04/06/2014 09:00:00 AM,104,24,23,20,37
04/06/2014 10:00:00 AM,165,27,34,42,62
04/06/2014 11:00:00 AM,225,30,28,82,85
04/06/2014 12:00:00 PM,193,23,28,50,92
04/06/2014 01:00:00 PM,222,34,21,100,67
04/06/2014 02:00:00 PM,264,25,27,100,112
04/06/2014 03:00:00 PM,204,23,19,94,68
04/06/2014 04:00:00 PM,159,19,18,66,56
04/06/2014 05:00:00 PM,125,18,11,63,33
04/06/2014 06:00:00 PM,69,8,6,28,27
04/06/2014 07:00:00 PM,25,5,1,7,12
04/06/2014 08:00:00 PM,10,1,1,6,2
04/06/2014 09:00:00 PM,5,1,0,4,0
04/06/2014 10:00:00 PM,1,0,0,0,1
04/06/2014 11:00:00 PM,2,0,2,0,0
04/07/2014 12:00:00 AM,1,1,0,0,0
04/07/2014 01:00:00 AM,0,0,0,0,0
04/07/2014 02:00:00 AM,1,0,0,1,0
04/07/2014 03:00:00 AM,0,0,0,0,0
04/07/2014 04:00:00 AM,6,0,0,5,1
04/07/2014 05:00:00 AM,15,3,0,9,3
04/07/2014 06:00:00 AM,44,5,6,27,6
04/07/2014 07:00:00 AM,83,10,4,59,10
04/07/2014 08:00:00 AM,111,11,8,65,27
04/07/2014 09:00:00 AM,84,7,14,37,26
04/07/2014 10:00:00 AM,79,16,13,21,29
04/07/2014 11:00:00 AM,112,22,12,36,42
04/07/2014 12:00:00 PM,145,15,21,48,61
04/07/2014 01:00:00 PM,161,16,17,59,69
04/07/2014 02:00:00 PM,171,29,13,67,62
04/07/2014 03:00:00 PM,190,18,17,84,71
04/07/2014 04:00:00 PM,237,20,27,71,119
04/07/2014 05:00:00 PM,358,24,31,103,200
04/07/2014 06:00:00 PM,315,21,21,134,139
04/07/2014 07:00:00 PM,166,28,18,59,61
04/07/2014 08:00:00 PM,33,4,4,12,13
04/07/2014 09:00:00 PM,10,1,0,4,5
04/07/2014 10:00:00 PM,1,0,0,1,0
04/07/2014 11:00:00 PM,1,0,1,0,0
04/08/2014 12:00:00 AM,1,1,0,0,0
04/08/2014 01:00:00 AM,1,0,0,0,1
04/08/2014 02:00:00 AM,0,0,0,0,0
04/08/2014 03:00:00 AM,0,0,0,0,0
04/08/2014 04:00:00 AM,4,0,2,2,0
04/08/2014 05:00:00 AM,15,1,1,12,1
04/08/2014 06:00:00 AM,42,7,11,22,2
04/08/2014 07:00:00 AM,89,10,8,55,16
04/08/2014 08:00:00 AM,153,37,42,56,18
04/08/2014 09:00:00 AM,87,15,22,25,25
04/08/2014 10:00:00 AM,70,18,15,19,18
04/08/2014 11:00:00 AM,67,9,12,25,21
04/08/2014 12:00:00 PM,97,34,28,22,13
04/08/2014 01:00:00 PM,54,8,6,21,19
04/08/2014 02:00:00 PM,68,11,11,24,22
04/08/2014 03:00:00 PM,36,1,3,12,20
04/08/2014 04:00:00 PM,58,7,8,10,33
04/08/2014 05:00:00 PM,64,1,6,14,43
04/08/2014 06:00:00 PM,64,5,8,16,35
04/08/2014 07:00:00 PM,57,7,5,17,28
04/08/2014 08:00:00 PM,30,5,10,5,10
04/08/2014 09:00:00 PM,8,0,0,3,5
04/08/2014 10:00:00 PM,2,0,0,0,2
04/08/2014 11:00:00 PM,0,0,0,0,0
04/09/2014 12:00:00 AM,0,0,0,0,0
04/09/2014 01:00:00 AM,1,0,0,0,1
04/09/2014 02:00:00 AM,1,0,0,0,1
04/09/2014 03:00:00 AM,1,0,0,0,1
04/09/2014 04:00:00 AM,6,0,0,6,0
04/09/2014 05:00:00 AM,11,0,0,10,1
04/09/2014 06:00:00 AM,37,9,10,17,1
04/09/2014 07:00:00 AM,83,9,7,61,6
04/09/2014 08:00:00 AM,85,12,10,53,10
04/09/2014 09:00:00 AM,79,10,11,35,23
04/09/2014 10:00:00 AM,50,8,9,26,7
04/09/2014 11:00:00 AM,73,13,12,23,25
04/09/2014 12:00:00 PM,56,12,10,16,18
04/09/2014 01:00:00 PM,76,7,7,28,34
04/09/2014 02:00:00 PM,84,15,13,24,32
04/09/2014 03:00:00 PM,92,11,10,35,36
04/09/2014 04:00:00 PM,153,13,18,36,86
04/09/2014 05:00:00 PM,239,27,22,61,129
04/09/2014 06:00:00 PM,216,27,25,67,97
04/09/2014 07:00:00 PM,124,15,17,50,42
04/09/2014 08:00:00 PM,34,5,3,14,12
04/09/2014 09:00:00 PM,16,0,0,8,8
04/09/2014 10:00:00 PM,6,0,1,2,3
04/09/2014 11:00:00 PM,4,1,0,0,3
04/10/2014 12:00:00 AM,1,0,0,0,1
04/10/2014 01:00:00 AM,0,0,0,0,0
04/10/2014 02:00:00 AM,2,0,0,0,2
04/10/2014 03:00:00 AM,0,0,0,0,0
04/10/2014 04:00:00 AM,2,0,0,2,0
04/10/2014 05:00:00 AM,21,3,5,12,1
04/10/2014 06:00:00 AM,37,4,3,26,4
04/10/2014 07:00:00 AM,90,8,8,52,22
04/10/2014 08:00:00 AM,104,10,12,60,22
04/10/2014 09:00:00 AM,109,25,17,39,28
04/10/2014 10:00:00 AM,79,15,16,32,16
04/10/2014 11:00:00 AM,83,21,20,23,19
04/10/2014 12:00:00 PM,78,12,17,19,30
04/10/2014 01:00:00 PM,140,30,35,33,42
04/10/2014 02:00:00 PM,84,12,7,31,34
04/10/2014 03:00:00 PM,120,14,11,52,43
04/10/2014 04:00:00 PM,155,15,12,45,83
04/10/2014 05:00:00 PM,211,16,23,63,109
04/10/2014 06:00:00 PM,164,23,16,47,78
04/10/2014 07:00:00 PM,94,10,10,36,38
04/10/2014 08:00:00 PM,39,2,1,14,22
04/10/2014 09:00:00 PM,36,1,2,2,31
04/10/2014 10:00:00 PM,25,1,0,22,2
04/10/2014 11:00:00 PM,0,0,0,0,0
04/11/2014 12:00:00 AM,1,0,0,0,1
04/11/2014 01:00:00 AM,1,0,0,0,1
04/11/2014 02:00:00 AM,0,0,0,0,0
04/11/2014 03:00:00 AM,0,0,0,0,0
04/11/2014 04:00:00 AM,1,0,0,1,0
04/11/2014 05:00:00 AM,13,0,1,7,5
04/11/2014 06:00:00 AM,30,7,4,11,8
04/11/2014 07:00:00 AM,86,8,8,56,14
04/11/2014 08:00:00 AM,92,13,19,44,16
04/11/2014 09:00:00 AM,74,14,13,29,18
04/11/2014 10:00:00 AM,83,25,15,26,17
04/11/2014 11:00:00 AM,71,14,16,16,25
04/11/2014 12:00:00 PM,106,23,28,23,32
04/11/2014 01:00:00 PM,89,11,9,35,34
04/11/2014 02:00:00 PM,87,7,5,42,33
04/11/2014 03:00:00 PM,104,11,9,32,52
04/11/2014 04:00:00 PM,143,16,19,48,60
04/11/2014 05:00:00 PM,169,14,16,42,97
04/11/2014 06:00:00 PM,148,17,12,45,74
04/11/2014 07:00:00 PM,84,10,11,40,23
04/11/2014 08:00:00 PM,24,4,3,6,11
04/11/2014 09:00:00 PM,9,3,1,2,3
04/11/2014 10:00:00 PM,3,0,0,1,2
04/11/2014 11:00:00 PM,3,1,1,0,1
04/12/2014 12:00:00 AM,0,0,0,0,0
04/12/2014 01:00:00 AM,0,0,0,0,0
04/12/2014 02:00:00 AM,1,0,0,1,0
04/12/2014 03:00:00 AM,0,0,0,0,0
04/12/2014 04:00:00 AM,0,0,0,0,0
04/12/2014 05:00:00 AM,7,0,1,4,2
04/12/2014 06:00:00 AM,15,2,6,3,4
04/12/2014 07:00:00 AM,52,10,13,15,14
04/12/2014 08:00:00 AM,137,32,23,37,45
04/12/2014 09:00:00 AM,209,34,44,54,77
04/12/2014 10:00:00 AM,243,28,37,68,110
04/12/2014 11:00:00 AM,302,40,42,107,113
04/12/2014 12:00:00 PM,295,37,35,97,126
04/12/2014 01:00:00 PM,280,35,19,106,120
04/12/2014 02:00:00 PM,293,33,30,104,126
04/12/2014 03:00:00 PM,260,26,24,111,99
04/12/2014 04:00:00 PM,254,25,23,104,102
04/12/2014 05:00:00 PM,223,28,22,100,73
04/12/2014 06:00:00 PM,184,16,14,102,52
04/12/2014 07:00:00 PM,47,8,6,23,10
04/12/2014 08:00:00 PM,32,3,2,19,8
04/12/2014 09:00:00 PM,13,2,2,1,8
04/12/2014 10:00:00 PM,5,1,0,3,1
04/12/2014 11:00:00 PM,4,0,0,0,4
04/13/2014 12:00:00 AM,1,0,0,1,0
04/13/2014 01:00:00 AM,1,0,0,0,1
04/13/2014 02:00:00 AM,1,0,0,0,1
04/13/2014 03:00:00 AM,0,0,0,0,0
04/13/2014 04:00:00 AM,0,0,0,0,0
04/13/2014 05:00:00 AM,2,0,0,1,1
04/13/2014 06:00:00 AM,10,3,2,1,4
04/13/2014 07:00:00 AM,36,5,8,14,9
04/13/2014 08:00:00 AM,108,18,15,29,46
04/13/2014 09:00:00 AM,194,20,28,66,80
04/13/2014 10:00:00 AM,260,32,33,67,128
04/13/2014 11:00:00 AM,328,34,32,112,150
04/13/2014 12:00:00 PM,403,41,38,152,172
04/13/2014 01:00:00 PM,458,31,14,222,191
04/13/2014 02:00:00 PM,430,27,20,177,206
04/13/2014 03:00:00 PM,365,22,15,171,157
04/13/2014 04:00:00 PM,404,24,26,175,179
04/13/2014 05:00:00 PM,291,44,24,116,107
04/13/2014 06:00:00 PM,174,14,15,79,66
04/13/2014 07:00:00 PM,65,6,0,35,24
04/13/2014 08:00:00 PM,33,1,0,15,17
04/13/2014 09:00:00 PM,12,1,2,4,5
04/13/2014 10:00:00 PM,1,1,0,0,0
04/13/2014 11:00:00 PM,2,1,0,1,0
04/14/2014 12:00:00 AM,2,1,1,0,0
04/14/2014 01:00:00 AM,0,0,0,0,0
04/14/2014 02:00:00 AM,1,0,0,1,0
04/14/2014 03:00:00 AM,1,1,0,0,0
04/14/2014 04:00:00 AM,4,0,0,4,0
04/14/2014 05:00:00 AM,16,1,0,12,3
04/14/2014 06:00:00 AM,48,5,9,27,7
04/14/2014 07:00:00 AM,109,14,9,68,18
04/14/2014 08:00:00 AM,91,10,6,60,15
04/14/2014 09:00:00 AM,95,17,14,41,23
04/14/2014 10:00:00 AM,73,15,7,24,27
04/14/2014 11:00:00 AM,112,9,15,35,53
04/14/2014 12:00:00 PM,121,17,15,55,34
04/14/2014 01:00:00 PM,120,32,9,23,56
04/14/2014 02:00:00 PM,115,11,7,49,48
04/14/2014 03:00:00 PM,135,10,8,55,62
04/14/2014 04:00:00 PM,184,14,21,50,99
04/14/2014 05:00:00 PM,263,25,18,67,153
04/14/2014 06:00:00 PM,210,21,16,61,112
04/14/2014 07:00:00 PM,105,7,10,48,40
04/14/2014 08:00:00 PM,21,5,1,5,10
04/14/2014 09:00:00 PM,10,0,1,5,4
04/14/2014 10:00:00 PM,5,1,0,1,3
04/14/2014 11:00:00 PM,2,0,1,1,0
04/15/2014 12:00:00 AM,1,1,0,0,0
04/15/2014 01:00:00 AM,1,0,0,0,1
04/15/2014 02:00:00 AM,2,0,0,2,0
04/15/2014 03:00:00 AM,0,0,0,0,0
04/15/2014 04:00:00 AM,3,0,0,3,0
04/15/2014 05:00:00 AM,18,2,1,12,3
04/15/2014 06:00:00 AM,31,5,6,14,6
04/15/2014 07:00:00 AM,83,14,10,52,7
04/15/2014 08:00:00 AM,84,16,12,45,11
04/15/2014 09:00:00 AM,76,11,14,28,23
04/15/2014 10:00:00 AM,74,13,9,23,29
04/15/2014 11:00:00 AM,81,12,13,31,25
04/15/2014 12:00:00 PM,65,14,11,23,17
04/15/2014 01:00:00 PM,63,14,10,18,21
04/15/2014 02:00:00 PM,39,3,3,17,16
04/15/2014 03:00:00 PM,78,9,11,25,33
04/15/2014 04:00:00 PM,150,15,23,45,67
04/15/2014 05:00:00 PM,133,15,20,19,79
04/15/2014 06:00:00 PM,128,16,20,38,54
04/15/2014 07:00:00 PM,76,13,9,20,34
04/15/2014 08:00:00 PM,25,2,1,6,16
04/15/2014 09:00:00 PM,9,0,0,2,7
04/15/2014 10:00:00 PM,4,0,1,0,3
04/15/2014 11:00:00 PM,0,0,0,0,0
04/16/2014 12:00:00 AM,1,0,0,0,1
04/16/2014 01:00:00 AM,1,0,0,0,1
04/16/2014 02:00:00 AM,3,0,0,2,1
04/16/2014 03:00:00 AM,0,0,0,0,0
04/16/2014 04:00:00 AM,5,0,0,4,1
04/16/2014 05:00:00 AM,12,0,1,10,1
04/16/2014 06:00:00 AM,30,5,5,17,3
04/16/2014 07:00:00 AM,54,7,4,35,8
04/16/2014 08:00:00 AM,60,7,7,36,10
04/16/2014 09:00:00 AM,51,11,3,26,11
04/16/2014 10:00:00 AM,32,5,6,13,8
04/16/2014 11:00:00 AM,29,4,8,6,11
04/16/2014 12:00:00 PM,40,9,10,10,11
04/16/2014 01:00:00 PM,44,7,2,19,16
04/16/2014 02:00:00 PM,39,10,10,9,10
04/16/2014 03:00:00 PM,33,5,5,8,15
04/16/2014 04:00:00 PM,60,15,9,10,26
04/16/2014 05:00:00 PM,97,10,13,10,64
04/16/2014 06:00:00 PM,55,7,6,14,28
04/16/2014 07:00:00 PM,26,4,6,4,12
04/16/2014 08:00:00 PM,14,1,1,1,11
04/16/2014 09:00:00 PM,9,2,2,2,3
04/16/2014 10:00:00 PM,1,0,0,0,1
04/16/2014 11:00:00 PM,3,0,0,3,0
04/17/2014 12:00:00 AM,2,0,0,0,2
04/17/2014 01:00:00 AM,1,0,0,0,1
04/17/2014 02:00:00 AM,1,0,0,1,0
04/17/2014 03:00:00 AM,0,0,0,0,0
04/17/2014 04:00:00 AM,1,0,0,1,0
04/17/2014 05:00:00 AM,13,4,2,6,1
04/17/2014 06:00:00 AM,20,3,3,10,4
04/17/2014 07:00:00 AM,51,13,9,24,5
04/17/2014 08:00:00 AM,53,10,13,25,5
04/17/2014 09:00:00 AM,34,6,4,19,5
04/17/2014 10:00:00 AM,21,9,7,3,2
04/17/2014 11:00:00 AM,19,4,9,4,2
04/17/2014 12:00:00 PM,38,15,12,6,5
04/17/2014 01:00:00 PM,22,7,1,6,8
04/17/2014 02:00:00 PM,15,4,3,2,6
04/17/2014 03:00:00 PM,19,5,3,4,7
04/17/2014 04:00:00 PM,39,5,6,6,22
04/17/2014 05:00:00 PM,65,6,14,10,35
04/17/2014 06:00:00 PM,46,6,5,10,25
04/17/2014 07:00:00 PM,31,4,1,8,18
04/17/2014 08:00:00 PM,10,2,0,2,6
04/17/2014 09:00:00 PM,18,2,2,3,11
04/17/2014 10:00:00 PM,3,1,1,1,0
04/17/2014 11:00:00 PM,0,0,0,0,0
04/18/2014 12:00:00 AM,0,0,0,0,0
04/18/2014 01:00:00 AM,0,0,0,0,0
04/18/2014 02:00:00 AM,0,0,0,0,0
04/18/2014 03:00:00 AM,0,0,0,0,0
04/18/2014 04:00:00 AM,2,0,0,2,0
04/18/2014 05:00:00 AM,12,0,0,8,4
04/18/2014 06:00:00 AM,33,6,7,16,4
04/18/2014 07:00:00 AM,75,7,8,45,15
04/18/2014 08:00:00 AM,83,16,9,41,17
04/18/2014 09:00:00 AM,62,10,9,26,17
04/18/2014 10:00:00 AM,78,11,14,23,30
04/18/2014 11:00:00 AM,70,8,5,34,23
04/18/2014 12:00:00 PM,114,14,16,37,47
04/18/2014 01:00:00 PM,97,7,4,34,52
04/18/2014 02:00:00 PM,118,10,11,50,47
04/18/2014 03:00:00 PM,115,8,14,39,54
04/18/2014 04:00:00 PM,179,13,16,60,90
04/18/2014 05:00:00 PM,207,24,27,62,94
04/18/2014 06:00:00 PM,146,13,19,46,68
04/18/2014 07:00:00 PM,90,13,7,33,37
04/18/2014 08:00:00 PM,22,1,0,9,12
04/18/2014 09:00:00 PM,7,1,1,2,3
04/18/2014 10:00:00 PM,3,0,0,1,2
04/18/2014 11:00:00 PM,2,0,1,1,0
04/19/2014 12:00:00 AM,2,1,0,1,0
04/19/2014 01:00:00 AM,0,0,0,0,0
04/19/2014 02:00:00 AM,2,0,0,2,0
04/19/2014 03:00:00 AM,0,0,0,0,0
04/19/2014 04:00:00 AM,1,0,0,0,1
04/19/2014 05:00:00 AM,3,0,0,2,1
04/19/2014 06:00:00 AM,7,0,2,3,2
04/19/2014 07:00:00 AM,57,7,11,15,24
04/19/2014 08:00:00 AM,169,23,28,45,73
04/19/2014 09:00:00 AM,161,39,27,51,44
04/19/2014 10:00:00 AM,211,38,29,65,79
04/19/2014 11:00:00 AM,326,32,24,124,146
04/19/2014 12:00:00 PM,77,5,3,34,35
04/19/2014 01:00:00 PM,51,9,4,27,11
04/19/2014 02:00:00 PM,39,7,10,8,14
04/19/2014 03:00:00 PM,44,16,11,6,11
04/19/2014 04:00:00 PM,60,18,18,9,15
04/19/2014 05:00:00 PM,57,16,20,11,10
04/19/2014 06:00:00 PM,52,19,16,13,4
04/19/2014 07:00:00 PM,36,10,7,13,6
04/19/2014 08:00:00 PM,20,6,3,1,10
04/19/2014 09:00:00 PM,1,0,0,1,0
04/19/2014 10:00:00 PM,1,0,0,0,1
04/19/2014 11:00:00 PM,2,0,1,0,1
04/20/2014 12:00:00 AM,1,1,0,0,0
04/20/2014 01:00:00 AM,1,0,0,0,1
04/20/2014 02:00:00 AM,1,0,0,1,0
04/20/2014 03:00:00 AM,0,0,0,0,0
04/20/2014 04:00:00 AM,0,0,0,0,0
04/20/2014 05:00:00 AM,1,0,0,0,1
04/20/2014 06:00:00 AM,6,0,3,0,3
04/20/2014 07:00:00 AM,54,9,9,12,24
04/20/2014 08:00:00 AM,83,21,17,12,33
04/20/2014 09:00:00 AM,99,18,13,23,45
04/20/2014 10:00:00 AM,172,28,35,40,69
04/20/2014 11:00:00 AM,213,30,28,66,89
04/20/2014 12:00:00 PM,240,24,16,100,100
04/20/2014 01:00:00 PM,242,25,29,89,99
04/20/2014 02:00:00 PM,273,29,23,111,110
04/20/2014 03:00:00 PM,236,14,19,120,83
04/20/2014 04:00:00 PM,198,21,22,69,86
04/20/2014 05:00:00 PM,172,18,20,68,66
04/20/2014 06:00:00 PM,129,15,11,57,46
04/20/2014 07:00:00 PM,58,8,6,24,20
04/20/2014 08:00:00 PM,26,4,2,13,7
04/20/2014 09:00:00 PM,6,3,1,2,0
04/20/2014 10:00:00 PM,4,0,0,1,3
04/20/2014 11:00:00 PM,1,0,0,0,1
04/21/2014 12:00:00 AM,0,0,0,0,0
04/21/2014 01:00:00 AM,0,0,0,0,0
04/21/2014 02:00:00 AM,0,0,0,0,0
04/21/2014 03:00:00 AM,1,0,0,1,0
04/21/2014 04:00:00 AM,3,0,0,3,0
04/21/2014 05:00:00 AM,14,1,0,9,4
04/21/2014 06:00:00 AM,40,7,6,22,5
04/21/2014 07:00:00 AM,87,10,4,58,15
04/21/2014 08:00:00 AM,87,8,12,50,17
04/21/2014 09:00:00 AM,86,15,15,29,27
04/21/2014 10:00:00 AM,68,10,10,27,21
04/21/2014 11:00:00 AM,101,23,19,30,29
04/21/2014 12:00:00 PM,95,26,15,33,21
04/21/2014 01:00:00 PM,104,11,11,35,47
04/21/2014 02:00:00 PM,71,7,7,24,33
04/21/2014 03:00:00 PM,104,6,14,42,42
04/21/2014 04:00:00 PM,156,18,18,39,81
04/21/2014 05:00:00 PM,173,16,18,55,84
04/21/2014 06:00:00 PM,143,12,11,39,81
04/21/2014 07:00:00 PM,68,9,11,30,18
04/21/2014 08:00:00 PM,18,5,1,5,7
04/21/2014 09:00:00 PM,5,0,0,3,2
04/21/2014 10:00:00 PM,1,0,0,1,0
04/21/2014 11:00:00 PM,3,0,1,1,1
04/22/2014 12:00:00 AM,0,0,0,0,0
04/22/2014 01:00:00 AM,1,0,0,0,1
04/22/2014 02:00:00 AM,1,0,0,1,0
04/22/2014 03:00:00 AM,0,0,0,0,0
04/22/2014 04:00:00 AM,5,0,0,5,0
04/22/2014 05:00:00 AM,5,0,0,4,1
04/22/2014 06:00:00 AM,22,5,6,10,1
04/22/2014 07:00:00 AM,44,6,5,27,6
04/22/2014 08:00:00 AM,58,8,5,33,12
04/22/2014 09:00:00 AM,40,6,11,18,5
04/22/2014 10:00:00 AM,51,15,10,13,13
04/22/2014 11:00:00 AM,31,10,8,9,4
04/22/2014 12:00:00 PM,59,15,12,18,14
04/22/2014 01:00:00 PM,92,13,12,31,36
04/22/2014 02:00:00 PM,67,15,9,24,19
04/22/2014 03:00:00 PM,59,15,8,15,21
04/22/2014 04:00:00 PM,95,8,17,15,55
04/22/2014 05:00:00 PM,125,24,16,28,57
04/22/2014 06:00:00 PM,120,13,22,29,56
04/22/2014 07:00:00 PM,79,11,9,32,27
04/22/2014 08:00:00 PM,10,1,1,3,5
04/22/2014 09:00:00 PM,9,0,0,3,6
04/22/2014 10:00:00 PM,1,0,0,0,1
04/22/2014 11:00:00 PM,2,0,1,0,1
04/23/2014 12:00:00 AM,0,0,0,0,0
04/23/2014 01:00:00 AM,1,0,0,0,1
04/23/2014 02:00:00 AM,1,0,0,0,1
04/23/2014 03:00:00 AM,1,0,0,1,0
04/23/2014 04:00:00 AM,6,0,0,6,0
04/23/2014 05:00:00 AM,8,0,0,7,1
04/23/2014 06:00:00 AM,42,5,8,23,6
04/23/2014 07:00:00 AM,80,14,7,51,8
04/23/2014 08:00:00 AM,88,13,14,52,9
04/23/2014 09:00:00 AM,78,13,17,32,16
04/23/2014 10:00:00 AM,51,11,13,13,14
04/23/2014 11:00:00 AM,61,15,10,25,11
04/23/2014 12:00:00 PM,51,11,8,14,18
04/23/2014 01:00:00 PM,45,7,9,14,15
04/23/2014 02:00:00 PM,51,12,13,7,19
04/23/2014 03:00:00 PM,60,10,10,18,22
04/23/2014 04:00:00 PM,55,4,4,10,37
04/23/2014 05:00:00 PM,138,20,17,22,79
04/23/2014 06:00:00 PM,82,10,9,21,42
04/23/2014 07:00:00 PM,34,5,4,5,20
04/23/2014 08:00:00 PM,17,2,3,3,9
04/23/2014 09:00:00 PM,5,0,0,5,0
04/23/2014 10:00:00 PM,3,0,0,2,1
04/23/2014 11:00:00 PM,0,0,0,0,0
04/24/2014 12:00:00 AM,0,0,0,0,0
04/24/2014 01:00:00 AM,1,0,0,0,1
04/24/2014 02:00:00 AM,0,0,0,0,0
04/24/2014 03:00:00 AM,0,0,0,0,0
04/24/2014 04:00:00 AM,2,0,0,2,0
04/24/2014 05:00:00 AM,9,1,2,6,0
04/24/2014 06:00:00 AM,34,7,7,14,6
04/24/2014 07:00:00 AM,52,10,12,27,3
04/24/2014 08:00:00 AM,82,14,10,42,16
04/24/2014 09:00:00 AM,66,14,9,24,19
04/24/2014 10:00:00 AM,40,7,7,13,13
04/24/2014 11:00:00 AM,51,7,5,21,18
04/24/2014 12:00:00 PM,32,6,8,9,9
04/24/2014 01:00:00 PM,18,4,3,5,6
04/24/2014 02:00:00 PM,22,5,5,5,7
04/24/2014 03:00:00 PM,44,7,7,17,13
04/24/2014 04:00:00 PM,76,10,17,11,38
04/24/2014 05:00:00 PM,126,22,19,28,57
04/24/2014 06:00:00 PM,118,11,8,38,61
04/24/2014 07:00:00 PM,79,10,11,25,33
04/24/2014 08:00:00 PM,33,7,7,7,12
04/24/2014 09:00:00 PM,11,1,0,1,9
04/24/2014 10:00:00 PM,1,0,0,0,1
04/24/2014 11:00:00 PM,1,1,0,0,0
04/25/2014 12:00:00 AM,0,0,0,0,0
04/25/2014 01:00:00 AM,0,0,0,0,0
04/25/2014 02:00:00 AM,2,0,0,1,1
04/25/2014 03:00:00 AM,1,0,0,1,0
04/25/2014 04:00:00 AM,5,0,0,4,1
04/25/2014 05:00:00 AM,19,2,2,12,3
04/25/2014 06:00:00 AM,38,8,6,17,7
04/25/2014 07:00:00 AM,71,9,9,41,12
04/25/2014 08:00:00 AM,74,11,6,46,11
04/25/2014 09:00:00 AM,111,15,31,40,25
04/25/2014 10:00:00 AM,88,27,24,20,17
04/25/2014 11:00:00 AM,78,9,12,28,29
04/25/2014 12:00:00 PM,118,29,11,33,45
04/25/2014 01:00:00 PM,148,17,13,31,87
04/25/2014 02:00:00 PM,120,18,15,43,44
04/25/2014 03:00:00 PM,124,18,17,40,49
04/25/2014 04:00:00 PM,153,11,13,50,79
04/25/2014 05:00:00 PM,205,20,13,63,109
04/25/2014 06:00:00 PM,125,6,14,56,49
04/25/2014 07:00:00 PM,72,8,4,28,32
04/25/2014 08:00:00 PM,36,3,3,8,22
04/25/2014 09:00:00 PM,3,0,0,1,2
04/25/2014 10:00:00 PM,8,2,1,0,5
04/25/2014 11:00:00 PM,5,1,0,1,3
04/26/2014 12:00:00 AM,0,0,0,0,0
04/26/2014 01:00:00 AM,1,0,0,1,0
04/26/2014 02:00:00 AM,4,1,2,1,0
04/26/2014 03:00:00 AM,0,0,0,0,0
04/26/2014 04:00:00 AM,0,0,0,0,0
04/26/2014 05:00:00 AM,4,1,0,1,2
04/26/2014 06:00:00 AM,16,2,6,6,2
04/26/2014 07:00:00 AM,46,11,13,10,12
04/26/2014 08:00:00 AM,121,16,21,23,61
04/26/2014 09:00:00 AM,200,38,53,42,67
04/26/2014 10:00:00 AM,310,38,44,110,118
04/26/2014 11:00:00 AM,303,39,28,91,145
04/26/2014 12:00:00 PM,294,20,23,103,148
04/26/2014 01:00:00 PM,231,30,18,73,110
04/26/2014 02:00:00 PM,230,23,16,79,112
04/26/2014 03:00:00 PM,193,12,11,88,82
04/26/2014 04:00:00 PM,181,21,12,87,61
04/26/2014 05:00:00 PM,169,18,18,71,62
04/26/2014 06:00:00 PM,90,15,10,42,23
04/26/2014 07:00:00 PM,34,6,4,14,10
04/26/2014 08:00:00 PM,22,5,1,11,5
04/26/2014 09:00:00 PM,2,0,0,0,2
04/26/2014 10:00:00 PM,2,0,1,1,0
04/26/2014 11:00:00 PM,2,1,0,0,1
04/27/2014 12:00:00 AM,1,0,0,0,1
04/27/2014 01:00:00 AM,2,0,0,2,0
04/27/2014 02:00:00 AM,2,0,0,1,1
04/27/2014 03:00:00 AM,0,0,0,0,0
04/27/2014 04:00:00 AM,0,0,0,0,0
04/27/2014 05:00:00 AM,1,0,0,1,0
04/27/2014 06:00:00 AM,5,1,2,2,0
04/27/2014 07:00:00 AM,48,11,10,11,16
04/27/2014 08:00:00 AM,89,14,20,18,37
04/27/2014 09:00:00 AM,117,29,33,23,32
04/27/2014 10:00:00 AM,156,26,45,40,45
04/27/2014 11:00:00 AM,231,25,24,52,130
04/27/2014 12:00:00 PM,252,38,27,57,130
04/27/2014 01:00:00 PM,186,37,16,72,61
04/27/2014 02:00:00 PM,160,21,16,70,53
04/27/2014 03:00:00 PM,148,21,14,55,58
04/27/2014 04:00:00 PM,142,22,24,53,43
04/27/2014 05:00:00 PM,95,15,16,33,31
04/27/2014 06:00:00 PM,65,6,9,29,21
04/27/2014 07:00:00 PM,36,5,5,17,9
04/27/2014 08:00:00 PM,17,4,1,5,7
04/27/2014 09:00:00 PM,4,0,1,1,2
04/27/2014 10:00:00 PM,2,1,0,0,1
04/27/2014 11:00:00 PM,0,0,0,0,0
04/28/2014 12:00:00 AM,0,0,0,0,0
04/28/2014 01:00:00 AM,0,0,0,0,0
04/28/2014 02:00:00 AM,0,0,0,0,0
04/28/2014 03:00:00 AM,1,0,0,0,1
04/28/2014 04:00:00 AM,3,1,0,2,0
04/28/2014 05:00:00 AM,17,2,0,11,4
04/28/2014 06:00:00 AM,57,11,11,30,5
04/28/2014 07:00:00 AM,97,11,5,61,20
04/28/2014 08:00:00 AM,89,6,7,56,20
04/28/2014 09:00:00 AM,65,10,3,29,23
04/28/2014 10:00:00 AM,57,8,8,22,19
04/28/2014 11:00:00 AM,80,17,14,23,26
04/28/2014 12:00:00 PM,100,22,24,29,25
04/28/2014 01:00:00 PM,76,11,7,30,28
04/28/2014 02:00:00 PM,79,11,7,26,35
04/28/2014 03:00:00 PM,111,9,15,29,58
04/28/2014 04:00:00 PM,171,20,25,44,82
04/28/2014 05:00:00 PM,236,25,25,74,112
04/28/2014 06:00:00 PM,233,23,22,65,123
04/28/2014 07:00:00 PM,183,25,12,70,76
04/28/2014 08:00:00 PM,24,2,3,9,10
04/28/2014 09:00:00 PM,15,0,0,6,9
04/28/2014 10:00:00 PM,6,0,1,3,2
04/28/2014 11:00:00 PM,3,0,0,1,2
04/29/2014 12:00:00 AM,4,1,1,0,2
04/29/2014 01:00:00 AM,0,0,0,0,0
04/29/2014 02:00:00 AM,1,0,0,1,0
04/29/2014 03:00:00 AM,1,0,0,1,0
04/29/2014 04:00:00 AM,4,0,0,4,0
04/29/2014 05:00:00 AM,13,0,1,12,0
04/29/2014 06:00:00 AM,49,3,2,34,10
04/29/2014 07:00:00 AM,129,13,13,87,16
04/29/2014 08:00:00 AM,129,16,12,72,29
04/29/2014 09:00:00 AM,105,8,12,39,46
04/29/2014 10:00:00 AM,108,28,18,34,28
04/29/2014 11:00:00 AM,80,14,8,25,33
04/29/2014 12:00:00 PM,129,18,25,44,42
04/29/2014 01:00:00 PM,140,17,15,48,60
04/29/2014 02:00:00 PM,142,20,17,52,53
04/29/2014 03:00:00 PM,153,18,19,52,64
04/29/2014 04:00:00 PM,212,16,17,53,126
04/29/2014 05:00:00 PM,326,27,21,87,191
04/29/2014 06:00:00 PM,313,17,24,124,148
04/29/2014 07:00:00 PM,251,24,13,79,135
04/29/2014 08:00:00 PM,133,18,15,74,26
04/29/2014 09:00:00 PM,22,2,1,9,10
04/29/2014 10:00:00 PM,6,1,1,1,3
04/29/2014 11:00:00 PM,0,0,0,0,0
04/30/2014 12:00:00 AM,1,0,0,1,0
04/30/2014 01:00:00 AM,0,0,0,0,0
04/30/2014 02:00:00 AM,2,0,0,1,1
04/30/2014 03:00:00 AM,1,0,0,0,1
04/30/2014 04:00:00 AM,4,0,0,4,0
04/30/2014 05:00:00 AM,21,1,2,13,5
04/30/2014 06:00:00 AM,82,11,16,39,16
04/30/2014 07:00:00 AM,152,21,14,96,21
04/30/2014 08:00:00 AM,150,17,12,90,31
04/30/2014 09:00:00 AM,132,25,24,50,33
04/30/2014 10:00:00 AM,116,26,15,41,34
04/30/2014 11:00:00 AM,119,24,13,34,48
04/30/2014 12:00:00 PM,148,23,14,46,65
04/30/2014 01:00:00 PM,147,11,14,62,60
04/30/2014 02:00:00 PM,155,16,11,63,65
04/30/2014 03:00:00 PM,147,17,12,49,69
04/30/2014 04:00:00 PM,195,17,17,61,100
04/30/2014 05:00:00 PM,309,21,33,78,177
04/30/2014 06:00:00 PM,330,27,27,111,165
04/30/2014 07:00:00 PM,210,18,18,89,85
04/30/2014 08:00:00 PM,65,5,5,33,22
04/30/2014 09:00:00 PM,28,3,3,9,13
04/30/2014 10:00:00 PM,10,1,0,2,7
04/30/2014 11:00:00 PM,5,1,0,2,2
04/01/2015 12:00:00 AM,1,0,0,0,1
04/01/2015 01:00:00 AM,4,0,0,2,2
04/01/2015 02:00:00 AM,1,0,0,0,1
04/01/2015 03:00:00 AM,2,0,0,2,0
04/01/2015 04:00:00 AM,12,2,3,6,1
04/01/2015 05:00:00 AM,25,7,2,12,4
04/01/2015 06:00:00 AM,47,5,6,26,10
04/01/2015 07:00:00 AM,89,15,11,49,14
04/01/2015 08:00:00 AM,70,10,9,33,18
04/01/2015 09:00:00 AM,78,10,15,26,27
04/01/2015 10:00:00 AM,46,15,10,13,8
04/01/2015 11:00:00 AM,46,15,10,13,8
04/01/2015 12:00:00 PM,67,15,20,17,15
04/01/2015 01:00:00 PM,66,17,15,19,15
04/01/2015 02:00:00 PM,64,12,18,10,24
04/01/2015 03:00:00 PM,65,12,11,22,20
04/01/2015 04:00:00 PM,102,16,21,21,44
04/01/2015 05:00:00 PM,137,17,12,35,73
04/01/2015 06:00:00 PM,165,27,33,35,70
04/01/2015 07:00:00 PM,108,31,21,27,29
04/01/2015 08:00:00 PM,20,8,3,3,6
04/01/2015 09:00:00 PM,8,0,4,0,4
04/01/2015 10:00:00 PM,9,3,1,3,2
04/01/2015 11:00:00 PM,2,0,0,0,2
04/02/2015 12:00:00 AM,2,0,0,1,1
04/02/2015 01:00:00 AM,0,0,0,0,0
04/02/2015 02:00:00 AM,0,0,0,0,0
04/02/2015 03:00:00 AM,0,0,0,0,0
04/02/2015 04:00:00 AM,1,0,0,1,0
04/02/2015 05:00:00 AM,16,1,2,11,2
04/02/2015 06:00:00 AM,25,7,3,14,1
04/02/2015 07:00:00 AM,56,1,5,37,13
04/02/2015 08:00:00 AM,80,9,5,55,11
04/02/2015 09:00:00 AM,62,4,9,31,18
04/02/2015 10:00:00 AM,62,14,8,26,14
04/02/2015 11:00:00 AM,62,13,15,21,13
04/02/2015 12:00:00 PM,44,7,9,8,20
04/02/2015 01:00:00 PM,60,11,9,16,24
04/02/2015 02:00:00 PM,62,17,11,10,24
04/02/2015 03:00:00 PM,89,20,8,32,29
04/02/2015 04:00:00 PM,132,17,19,28,68
04/02/2015 05:00:00 PM,169,26,18,46,79
04/02/2015 06:00:00 PM,187,15,19,59,94
04/02/2015 07:00:00 PM,128,12,13,42,61
04/02/2015 08:00:00 PM,26,0,1,14,11
04/02/2015 09:00:00 PM,14,1,1,5,7
04/02/2015 10:00:00 PM,4,1,0,2,1
04/02/2015 11:00:00 PM,1,0,0,1,0
04/03/2015 12:00:00 AM,1,0,0,0,1
04/03/2015 01:00:00 AM,0,0,0,0,0
04/03/2015 02:00:00 AM,0,0,0,0,0
04/03/2015 03:00:00 AM,0,0,0,0,0
04/03/2015 04:00:00 AM,0,0,0,0,0
04/03/2015 05:00:00 AM,5,0,0,4,1
04/03/2015 06:00:00 AM,17,2,1,9,5
04/03/2015 07:00:00 AM,57,4,7,32,14
04/03/2015 08:00:00 AM,83,10,11,44,18
04/03/2015 09:00:00 AM,90,15,10,44,21
04/03/2015 10:00:00 AM,81,18,17,16,30
04/03/2015 11:00:00 AM,68,11,17,18,22
04/03/2015 12:00:00 PM,55,13,7,21,14
04/03/2015 01:00:00 PM,49,13,11,16,9
04/03/2015 02:00:00 PM,27,5,2,8,12
04/03/2015 03:00:00 PM,31,3,2,9,17
04/03/2015 04:00:00 PM,58,3,12,12,31
04/03/2015 05:00:00 PM,120,19,11,30,60
04/03/2015 06:00:00 PM,96,12,10,22,52
04/03/2015 07:00:00 PM,54,5,2,17,30
04/03/2015 08:00:00 PM,17,2,1,4,10
04/03/2015 09:00:00 PM,5,0,1,2,2
04/03/2015 10:00:00 PM,0,0,0,0,0
04/03/2015 11:00:00 PM,4,2,1,0,1
04/04/2015 12:00:00 AM,3,1,2,0,0
04/04/2015 01:00:00 AM,1,1,0,0,0
04/04/2015 02:00:00 AM,0,0,0,0,0
04/04/2015 03:00:00 AM,0,0,0,0,0
04/04/2015 04:00:00 AM,0,0,0,0,0
04/04/2015 05:00:00 AM,2,0,0,1,1
04/04/2015 06:00:00 AM,5,1,2,1,1
04/04/2015 07:00:00 AM,49,8,13,17,11
04/04/2015 08:00:00 AM,83,14,20,18,31
04/04/2015 09:00:00 AM,163,31,28,47,57
04/04/2015 10:00:00 AM,219,26,37,49,107
04/04/2015 11:00:00 AM,228,34,26,56,112
04/04/2015 12:00:00 PM,245,28,26,98,93
04/04/2015 01:00:00 PM,296,32,21,113,130
04/04/2015 02:00:00 PM,246,19,27,104,96
04/04/2015 03:00:00 PM,233,23,13,113,84
04/04/2015 04:00:00 PM,255,37,25,104,89
04/04/2015 05:00:00 PM,171,26,20,64,61
04/04/2015 06:00:00 PM,103,17,14,48,24
04/04/2015 07:00:00 PM,57,10,7,26,14
04/04/2015 08:00:00 PM,7,0,1,3,3
04/04/2015 09:00:00 PM,3,0,1,0,2
04/04/2015 10:00:00 PM,5,1,1,3,0
04/04/2015 11:00:00 PM,3,0,0,1,2
04/05/2015 12:00:00 AM,7,1,0,4,2
04/05/2015 01:00:00 AM,0,0,0,0,0
04/05/2015 02:00:00 AM,0,0,0,0,0
04/05/2015 03:00:00 AM,0,0,0,0,0
04/05/2015 04:00:00 AM,0,0,0,0,0
04/05/2015 05:00:00 AM,1,0,0,1,0
04/05/2015 06:00:00 AM,3,0,1,1,1
04/05/2015 07:00:00 AM,15,4,3,2,6
04/05/2015 08:00:00 AM,75,25,12,13,25
04/05/2015 09:00:00 AM,118,18,32,24,44
04/05/2015 10:00:00 AM,157,21,34,45,57
04/05/2015 11:00:00 AM,177,21,23,45,88
04/05/2015 12:00:00 PM,210,18,27,73,92
04/05/2015 01:00:00 PM,214,21,22,73,98
04/05/2015 02:00:00 PM,231,30,22,101,78
04/05/2015 03:00:00 PM,280,41,24,126,89
04/05/2015 04:00:00 PM,228,18,16,116,78
04/05/2015 05:00:00 PM,152,12,14,67,59
04/05/2015 06:00:00 PM,108,13,7,45,43
04/05/2015 07:00:00 PM,63,14,11,21,17
04/05/2015 08:00:00 PM,9,2,2,2,3
04/05/2015 09:00:00 PM,12,1,1,5,5
04/05/2015 10:00:00 PM,2,0,0,1,1
04/05/2015 11:00:00 PM,0,0,0,0,0
04/06/2015 12:00:00 AM,2,1,1,0,0
04/06/2015 01:00:00 AM,0,0,0,0,0
04/06/2015 02:00:00 AM,1,0,0,0,1
04/06/2015 03:00:00 AM,0,0,0,0,0
04/06/2015 04:00:00 AM,3,0,0,3,0
04/06/2015 05:00:00 AM,9,1,0,6,2
04/06/2015 06:00:00 AM,17,1,1,14,1
04/06/2015 07:00:00 AM,59,7,6,37,9
04/06/2015 08:00:00 AM,89,14,8,56,11
04/06/2015 09:00:00 AM,83,9,11,38,25
04/06/2015 10:00:00 AM,46,9,5,21,11
04/06/2015 11:00:00 AM,33,8,3,9,13
04/06/2015 12:00:00 PM,56,17,16,10,13
04/06/2015 01:00:00 PM,72,11,18,20,23
04/06/2015 02:00:00 PM,48,12,11,15,10
04/06/2015 03:00:00 PM,65,14,12,20,19
04/06/2015 04:00:00 PM,117,13,28,32,44
04/06/2015 05:00:00 PM,141,18,17,33,73
04/06/2015 06:00:00 PM,163,15,20,36,92
04/06/2015 07:00:00 PM,77,13,6,25,33
04/06/2015 08:00:00 PM,18,3,1,7,7
04/06/2015 09:00:00 PM,6,0,0,1,5
04/06/2015 10:00:00 PM,9,0,2,4,3
04/06/2015 11:00:00 PM,3,2,0,0,1
04/07/2015 12:00:00 AM,1,0,0,0,1
04/07/2015 01:00:00 AM,0,0,0,0,0
04/07/2015 02:00:00 AM,0,0,0,0,0
04/07/2015 03:00:00 AM,0,0,0,0,0
04/07/2015 04:00:00 AM,0,0,0,0,0
04/07/2015 05:00:00 AM,15,1,0,10,4
04/07/2015 06:00:00 AM,28,5,4,17,2
04/07/2015 07:00:00 AM,75,9,10,38,18
04/07/2015 08:00:00 AM,113,13,16,63,21
04/07/2015 09:00:00 AM,95,6,11,42,36
04/07/2015 10:00:00 AM,75,20,22,18,15
04/07/2015 11:00:00 AM,37,7,6,14,10
04/07/2015 12:00:00 PM,65,33,10,10,12
04/07/2015 01:00:00 PM,38,9,9,13,7
04/07/2015 02:00:00 PM,33,7,4,10,12
04/07/2015 03:00:00 PM,55,9,9,17,20
04/07/2015 04:00:00 PM,93,13,16,15,49
04/07/2015 05:00:00 PM,146,17,12,35,82
04/07/2015 06:00:00 PM,174,21,16,44,93
04/07/2015 07:00:00 PM,105,6,9,38,52
04/07/2015 08:00:00 PM,36,6,6,12,12
04/07/2015 09:00:00 PM,10,1,1,7,1
04/07/2015 10:00:00 PM,5,2,1,0,2
04/07/2015 11:00:00 PM,2,0,0,0,2
04/08/2015 12:00:00 AM,2,0,0,0,2
04/08/2015 01:00:00 AM,0,0,0,0,0
04/08/2015 02:00:00 AM,0,0,0,0,0
04/08/2015 03:00:00 AM,0,0,0,0,0
04/08/2015 04:00:00 AM,2,0,0,1,1
04/08/2015 05:00:00 AM,10,1,0,8,1
04/08/2015 06:00:00 AM,30,6,4,13,7
04/08/2015 07:00:00 AM,58,4,6,42,6
04/08/2015 08:00:00 AM,105,12,7,61,25
04/08/2015 09:00:00 AM,97,17,9,47,24
04/08/2015 10:00:00 AM,83,11,22,29,21
04/08/2015 11:00:00 AM,72,15,11,25,21
04/08/2015 12:00:00 PM,94,26,13,34,21
04/08/2015 01:00:00 PM,94,10,16,41,27
04/08/2015 02:00:00 PM,92,10,8,25,49
04/08/2015 03:00:00 PM,122,16,15,43,48
04/08/2015 04:00:00 PM,132,11,21,39,61
04/08/2015 05:00:00 PM,237,25,33,64,115
04/08/2015 06:00:00 PM,220,22,23,66,109
04/08/2015 07:00:00 PM,135,16,18,49,52
04/08/2015 08:00:00 PM,45,8,7,22,8
04/08/2015 09:00:00 PM,17,1,4,6,6
04/08/2015 10:00:00 PM,3,1,0,0,2
04/08/2015 11:00:00 PM,0,0,0,0,0
04/09/2015 12:00:00 AM,2,0,0,0,2
04/09/2015 01:00:00 AM,0,0,0,0,0
04/09/2015 02:00:00 AM,0,0,0,0,0
04/09/2015 03:00:00 AM,0,0,0,0,0
04/09/2015 04:00:00 AM,2,0,0,2,0
04/09/2015 05:00:00 AM,11,1,1,6,3
04/09/2015 06:00:00 AM,29,3,3,15,8
04/09/2015 07:00:00 AM,110,15,13,64,18
04/09/2015 08:00:00 AM,130,13,7,76,34
04/09/2015 09:00:00 AM,121,12,12,52,45
04/09/2015 10:00:00 AM,96,20,31,23,22
04/09/2015 11:00:00 AM,126,19,13,34,60
04/09/2015 12:00:00 PM,136,35,15,47,39
04/09/2015 01:00:00 PM,118,26,16,44,32
04/09/2015 02:00:00 PM,127,23,11,47,46
04/09/2015 03:00:00 PM,124,8,9,48,59
04/09/2015 04:00:00 PM,171,16,20,62,73
04/09/2015 05:00:00 PM,265,22,34,77,132
04/09/2015 06:00:00 PM,272,30,28,87,127
04/09/2015 07:00:00 PM,122,14,14,53,41
04/09/2015 08:00:00 PM,66,7,6,26,27
04/09/2015 09:00:00 PM,13,1,1,5,6
04/09/2015 10:00:00 PM,3,0,0,0,3
04/09/2015 11:00:00 PM,6,1,1,1,3
04/10/2015 12:00:00 AM,1,0,0,0,1
04/10/2015 01:00:00 AM,0,0,0,0,0
04/10/2015 02:00:00 AM,0,0,0,0,0
04/10/2015 03:00:00 AM,0,0,0,0,0
04/10/2015 04:00:00 AM,1,0,0,0,1
04/10/2015 05:00:00 AM,9,1,1,5,2
04/10/2015 06:00:00 AM,20,3,6,10,1
04/10/2015 07:00:00 AM,73,10,9,38,16
04/10/2015 08:00:00 AM,80,15,12,43,10
04/10/2015 09:00:00 AM,81,15,12,35,19
04/10/2015 10:00:00 AM,88,14,24,21,29
04/10/2015 11:00:00 AM,80,13,10,34,23
04/10/2015 12:00:00 PM,96,37,16,17,26
04/10/2015 01:00:00 PM,55,8,9,17,21
04/10/2015 02:00:00 PM,65,8,9,29,19
04/10/2015 03:00:00 PM,79,14,11,24,30
04/10/2015 04:00:00 PM,108,16,13,26,53
04/10/2015 05:00:00 PM,82,11,9,18,44
04/10/2015 06:00:00 PM,66,7,10,12,37
04/10/2015 07:00:00 PM,30,5,4,5,16
04/10/2015 08:00:00 PM,8,1,0,1,6
04/10/2015 09:00:00 PM,5,0,2,1,2
04/10/2015 10:00:00 PM,3,1,0,1,1
04/10/2015 11:00:00 PM,1,0,1,0,0
04/11/2015 12:00:00 AM,2,1,0,0,1
04/11/2015 01:00:00 AM,0,0,0,0,0
04/11/2015 02:00:00 AM,0,0,0,0,0
04/11/2015 03:00:00 AM,1,0,0,0,1
04/11/2015 04:00:00 AM,0,0,0,0,0
04/11/2015 05:00:00 AM,1,0,1,0,0
04/11/2015 06:00:00 AM,8,3,3,2,0
04/11/2015 07:00:00 AM,29,6,9,6,8
04/11/2015 08:00:00 AM,117,44,50,8,15
04/11/2015 09:00:00 AM,157,59,32,21,45
04/11/2015 10:00:00 AM,150,29,32,38,51
04/11/2015 11:00:00 AM,229,39,37,49,104
04/11/2015 12:00:00 PM,188,32,24,76,56
04/11/2015 01:00:00 PM,267,70,54,82,61
04/11/2015 02:00:00 PM,150,17,18,74,41
04/11/2015 03:00:00 PM,137,21,13,54,49
04/11/2015 04:00:00 PM,81,7,9,39,26
04/11/2015 05:00:00 PM,47,9,5,13,20
04/11/2015 06:00:00 PM,45,8,12,17,8
04/11/2015 07:00:00 PM,35,11,7,10,7
04/11/2015 08:00:00 PM,12,1,2,2,7
04/11/2015 09:00:00 PM,5,0,0,2,3
04/11/2015 10:00:00 PM,3,1,1,0,1
04/11/2015 11:00:00 PM,2,0,0,1,1
04/12/2015 12:00:00 AM,2,0,2,0,0
04/12/2015 01:00:00 AM,1,1,0,0,0
04/12/2015 02:00:00 AM,0,0,0,0,0
04/12/2015 03:00:00 AM,0,0,0,0,0
04/12/2015 04:00:00 AM,0,0,0,0,0
04/12/2015 05:00:00 AM,0,0,0,0,0
04/12/2015 06:00:00 AM,7,2,1,3,1
04/12/2015 07:00:00 AM,32,3,6,3,20
04/12/2015 08:00:00 AM,60,16,21,14,9
04/12/2015 09:00:00 AM,130,25,24,36,45
04/12/2015 10:00:00 AM,169,23,21,53,72
04/12/2015 11:00:00 AM,252,35,28,68,121
04/12/2015 12:00:00 PM,214,15,25,79,95
04/12/2015 01:00:00 PM,251,28,24,97,102
04/12/2015 02:00:00 PM,215,25,19,85,86
04/12/2015 03:00:00 PM,204,24,11,90,79
04/12/2015 04:00:00 PM,181,22,11,97,51
04/12/2015 05:00:00 PM,122,17,19,45,41
04/12/2015 06:00:00 PM,49,8,5,25,11
04/12/2015 07:00:00 PM,38,5,5,17,11
04/12/2015 08:00:00 PM,16,4,4,6,2
04/12/2015 09:00:00 PM,7,1,0,3,3
04/12/2015 10:00:00 PM,1,0,1,0,0
04/12/2015 11:00:00 PM,2,0,0,1,1
04/13/2015 12:00:00 AM,0,0,0,0,0
04/13/2015 01:00:00 AM,0,0,0,0,0
04/13/2015 02:00:00 AM,1,0,0,0,1
04/13/2015 03:00:00 AM,0,0,0,0,0
04/13/2015 04:00:00 AM,1,1,0,0,0
04/13/2015 05:00:00 AM,10,1,0,8,1
04/13/2015 06:00:00 AM,20,4,4,11,1
04/13/2015 07:00:00 AM,51,8,7,27,9
04/13/2015 08:00:00 AM,81,11,9,46,15
04/13/2015 09:00:00 AM,78,7,9,43,19
04/13/2015 10:00:00 AM,63,13,10,31,9
04/13/2015 11:00:00 AM,56,11,11,20,14
04/13/2015 12:00:00 PM,31,7,7,7,10
04/13/2015 01:00:00 PM,32,6,8,13,5
04/13/2015 02:00:00 PM,34,10,7,8,9
04/13/2015 03:00:00 PM,23,3,5,6,9
04/13/2015 04:00:00 PM,45,4,4,7,30
04/13/2015 05:00:00 PM,50,5,4,6,35
04/13/2015 06:00:00 PM,61,5,7,10,39
04/13/2015 07:00:00 PM,27,5,7,4,11
04/13/2015 08:00:00 PM,17,2,2,3,10
04/13/2015 09:00:00 PM,6,3,1,0,2
04/13/2015 10:00:00 PM,3,0,1,0,2
04/13/2015 11:00:00 PM,2,1,0,1,0
04/14/2015 12:00:00 AM,1,0,1,0,0
04/14/2015 01:00:00 AM,1,1,0,0,0
04/14/2015 02:00:00 AM,0,0,0,0,0
04/14/2015 03:00:00 AM,0,0,0,0,0
04/14/2015 04:00:00 AM,0,0,0,0,0
04/14/2015 05:00:00 AM,8,2,1,3,2
04/14/2015 06:00:00 AM,19,4,6,8,1
04/14/2015 07:00:00 AM,44,6,4,26,8
04/14/2015 08:00:00 AM,74,11,12,44,7
04/14/2015 09:00:00 AM,76,16,14,32,14
04/14/2015 10:00:00 AM,56,15,17,14,10
04/14/2015 11:00:00 AM,44,11,9,13,11
04/14/2015 12:00:00 PM,50,9,6,19,16
04/14/2015 01:00:00 PM,59,11,17,19,12
04/14/2015 02:00:00 PM,48,11,9,13,15
04/14/2015 03:00:00 PM,39,6,6,10,17
04/14/2015 04:00:00 PM,45,5,8,5,27
04/14/2015 05:00:00 PM,98,16,22,16,44
04/14/2015 06:00:00 PM,102,16,7,14,65
04/14/2015 07:00:00 PM,50,11,11,11,17
04/14/2015 08:00:00 PM,38,10,8,13,7
04/14/2015 09:00:00 PM,19,6,2,3,8
04/14/2015 10:00:00 PM,3,0,0,3,0
04/14/2015 11:00:00 PM,2,0,0,0,2
04/15/2015 12:00:00 AM,0,0,0,0,0
04/15/2015 01:00:00 AM,0,0,0,0,0
04/15/2015 02:00:00 AM,1,0,0,0,1
04/15/2015 03:00:00 AM,0,0,0,0,0
04/15/2015 04:00:00 AM,3,0,0,2,1
04/15/2015 05:00:00 AM,11,1,1,9,0
04/15/2015 06:00:00 AM,25,3,2,16,4
04/15/2015 07:00:00 AM,68,5,5,47,11
04/15/2015 08:00:00 AM,102,16,7,63,16
04/15/2015 09:00:00 AM,82,9,10,42,21
04/15/2015 10:00:00 AM,62,10,10,24,18
04/15/2015 11:00:00 AM,81,20,14,23,24
04/15/2015 12:00:00 PM,98,23,25,31,19
04/15/2015 01:00:00 PM,64,6,8,22,28
04/15/2015 02:00:00 PM,92,8,17,30,37
04/15/2015 03:00:00 PM,117,11,17,39,50
04/15/2015 04:00:00 PM,109,10,10,27,62
04/15/2015 05:00:00 PM,181,14,16,47,104
04/15/2015 06:00:00 PM,198,21,20,51,106
04/15/2015 07:00:00 PM,157,13,14,68,62
04/15/2015 08:00:00 PM,52,8,9,21,14
04/15/2015 09:00:00 PM,15,2,1,8,4
04/15/2015 10:00:00 PM,10,1,1,4,4
04/15/2015 11:00:00 PM,4,0,1,0,3
04/16/2015 12:00:00 AM,1,0,0,0,1
04/16/2015 01:00:00 AM,0,0,0,0,0
04/16/2015 02:00:00 AM,0,0,0,0,0
04/16/2015 03:00:00 AM,0,0,0,0,0
04/16/2015 04:00:00 AM,2,1,0,1,0
04/16/2015 05:00:00 AM,9,1,1,5,2
04/16/2015 06:00:00 AM,37,5,4,22,6
04/16/2015 07:00:00 AM,91,11,11,53,16
04/16/2015 08:00:00 AM,104,6,5,60,33
04/16/2015 09:00:00 AM,114,10,9,61,34
04/16/2015 10:00:00 AM,71,14,7,27,23
04/16/2015 11:00:00 AM,65,10,16,15,24
04/16/2015 12:00:00 PM,98,15,9,30,44
04/16/2015 01:00:00 PM,131,20,5,45,61
04/16/2015 02:00:00 PM,88,8,10,40,30
04/16/2015 03:00:00 PM,106,14,10,43,39
04/16/2015 04:00:00 PM,149,16,19,45,69
04/16/2015 05:00:00 PM,229,21,22,64,122
04/16/2015 06:00:00 PM,221,20,18,77,106
04/16/2015 07:00:00 PM,184,19,16,75,74
04/16/2015 08:00:00 PM,56,4,5,25,22
04/16/2015 09:00:00 PM,14,1,0,4,9
04/16/2015 10:00:00 PM,11,3,3,0,5
04/16/2015 11:00:00 PM,1,0,0,0,1
04/17/2015 12:00:00 AM,1,0,0,0,1
04/17/2015 01:00:00 AM,0,0,0,0,0
04/17/2015 02:00:00 AM,0,0,0,0,0
04/17/2015 03:00:00 AM,0,0,0,0,0
04/17/2015 04:00:00 AM,1,0,0,1,0
04/17/2015 05:00:00 AM,15,2,1,8,4
04/17/2015 06:00:00 AM,25,4,2,15,4
04/17/2015 07:00:00 AM,71,4,9,41,17
04/17/2015 08:00:00 AM,98,17,9,55,17
04/17/2015 09:00:00 AM,97,16,15,41,25
04/17/2015 10:00:00 AM,62,6,6,25,25
04/17/2015 11:00:00 AM,81,14,19,25,23
04/17/2015 12:00:00 PM,99,18,11,42,28
04/17/2015 01:00:00 PM,121,16,15,32,58
04/17/2015 02:00:00 PM,127,18,16,52,41
04/17/2015 03:00:00 PM,130,17,14,57,42
04/17/2015 04:00:00 PM,206,24,30,57,95
04/17/2015 05:00:00 PM,183,17,18,53,95
04/17/2015 06:00:00 PM,194,23,17,62,92
04/17/2015 07:00:00 PM,112,16,21,30,45
04/17/2015 08:00:00 PM,43,10,3,19,11
04/17/2015 09:00:00 PM,11,0,2,8,1
04/17/2015 10:00:00 PM,8,2,1,1,4
04/17/2015 11:00:00 PM,1,0,0,0,1
04/18/2015 12:00:00 AM,3,0,0,1,2
04/18/2015 01:00:00 AM,1,0,0,0,1
04/18/2015 02:00:00 AM,1,0,0,0,1
04/18/2015 03:00:00 AM,0,0,0,0,0
04/18/2015 04:00:00 AM,0,0,0,0,0
04/18/2015 05:00:00 AM,1,0,0,1,0
04/18/2015 06:00:00 AM,11,3,4,2,2
04/18/2015 07:00:00 AM,39,5,9,8,17
04/18/2015 08:00:00 AM,117,18,24,25,50
04/18/2015 09:00:00 AM,149,23,30,40,56
04/18/2015 10:00:00 AM,266,38,30,89,109
04/18/2015 11:00:00 AM,334,32,29,102,171
04/18/2015 12:00:00 PM,277,24,14,98,141
04/18/2015 01:00:00 PM,346,27,16,128,175
04/18/2015 02:00:00 PM,357,26,24,158,149
04/18/2015 03:00:00 PM,309,32,25,132,120
04/18/2015 04:00:00 PM,260,19,16,113,112
04/18/2015 05:00:00 PM,250,30,26,116,78
04/18/2015 06:00:00 PM,150,14,14,74,48
04/18/2015 07:00:00 PM,87,11,7,44,25
04/18/2015 08:00:00 PM,55,13,6,25,11
04/18/2015 09:00:00 PM,15,0,0,12,3
04/18/2015 10:00:00 PM,6,2,3,1,0
04/18/2015 11:00:00 PM,1,0,0,1,0
04/19/2015 12:00:00 AM,0,0,0,0,0
04/19/2015 01:00:00 AM,0,0,0,0,0
04/19/2015 02:00:00 AM,1,0,0,0,1
04/19/2015 03:00:00 AM,0,0,0,0,0
04/19/2015 04:00:00 AM,0,0,0,0,0
04/19/2015 05:00:00 AM,3,0,0,2,1
04/19/2015 06:00:00 AM,3,0,0,2,1
04/19/2015 07:00:00 AM,38,3,11,5,19
04/19/2015 08:00:00 AM,112,26,20,27,39
04/19/2015 09:00:00 AM,160,21,36,41,62
04/19/2015 10:00:00 AM,215,33,17,71,94
04/19/2015 11:00:00 AM,336,31,38,101,166
04/19/2015 12:00:00 PM,367,38,38,116,175
04/19/2015 01:00:00 PM,429,32,29,160,208
04/19/2015 02:00:00 PM,448,40,25,198,185
04/19/2015 03:00:00 PM,368,30,25,160,153
04/19/2015 04:00:00 PM,365,32,31,165,137
04/19/2015 05:00:00 PM,291,22,24,145,100
04/19/2015 06:00:00 PM,192,23,13,95,61
04/19/2015 07:00:00 PM,77,12,8,35,22
04/19/2015 08:00:00 PM,33,5,5,14,9
04/19/2015 09:00:00 PM,8,1,1,5,1
04/19/2015 10:00:00 PM,2,0,0,0,2
04/19/2015 11:00:00 PM,5,0,2,3,0
04/20/2015 12:00:00 AM,4,1,0,2,1
04/20/2015 01:00:00 AM,0,0,0,0,0
04/20/2015 02:00:00 AM,1,0,0,0,1
04/20/2015 03:00:00 AM,0,0,0,0,0
04/20/2015 04:00:00 AM,1,0,0,1,0
04/20/2015 05:00:00 AM,12,1,2,8,1
04/20/2015 06:00:00 AM,30,4,5,17,4
04/20/2015 07:00:00 AM,85,10,8,56,11
04/20/2015 08:00:00 AM,120,12,8,75,25
04/20/2015 09:00:00 AM,117,16,19,50,32
04/20/2015 10:00:00 AM,99,13,19,33,34
04/20/2015 11:00:00 AM,99,14,16,35,34
04/20/2015 12:00:00 PM,113,13,11,44,45
04/20/2015 01:00:00 PM,142,30,10,45,57
04/20/2015 02:00:00 PM,96,10,10,38,38
04/20/2015 03:00:00 PM,145,14,14,53,64
04/20/2015 04:00:00 PM,166,16,14,46,90
04/20/2015 05:00:00 PM,256,32,18,68,138
04/20/2015 06:00:00 PM,269,22,22,78,147
04/20/2015 07:00:00 PM,170,24,18,66,62
04/20/2015 08:00:00 PM,83,19,9,27,28
04/20/2015 09:00:00 PM,8,1,1,5,1
04/20/2015 10:00:00 PM,7,1,1,1,4
04/20/2015 11:00:00 PM,4,2,2,0,0
04/21/2015 12:00:00 AM,2,1,0,0,1
04/21/2015 01:00:00 AM,1,0,0,0,1
04/21/2015 02:00:00 AM,0,0,0,0,0
04/21/2015 03:00:00 AM,0,0,0,0,0
04/21/2015 04:00:00 AM,2,0,0,1,1
04/21/2015 05:00:00 AM,14,1,1,10,2
04/21/2015 06:00:00 AM,31,4,5,19,3
04/21/2015 07:00:00 AM,111,16,15,66,14
04/21/2015 08:00:00 AM,132,19,13,74,26
04/21/2015 09:00:00 AM,114,12,13,57,32
04/21/2015 10:00:00 AM,78,13,14,20,31
04/21/2015 11:00:00 AM,70,14,16,19,21
04/21/2015 12:00:00 PM,89,20,18,28,23
04/21/2015 01:00:00 PM,78,17,12,25,24
04/21/2015 02:00:00 PM,60,2,12,17,29
04/21/2015 03:00:00 PM,69,14,11,17,27
04/21/2015 04:00:00 PM,98,7,8,22,61
04/21/2015 05:00:00 PM,164,12,17,49,86
04/21/2015 06:00:00 PM,137,16,14,30,77
04/21/2015 07:00:00 PM,52,7,6,15,24
04/21/2015 08:00:00 PM,16,3,1,5,7
04/21/2015 09:00:00 PM,5,0,0,3,2
04/21/2015 10:00:00 PM,2,0,0,0,2
04/21/2015 11:00:00 PM,4,2,2,0,0
04/22/2015 12:00:00 AM,0,0,0,0,0
04/22/2015 01:00:00 AM,0,0,0,0,0
04/22/2015 02:00:00 AM,1,0,0,0,1
04/22/2015 03:00:00 AM,0,0,0,0,0
04/22/2015 04:00:00 AM,2,0,0,2,0
04/22/2015 05:00:00 AM,5,1,1,3,0
04/22/2015 06:00:00 AM,22,1,6,11,4
04/22/2015 07:00:00 AM,66,11,5,35,15
04/22/2015 08:00:00 AM,96,8,8,64,16
04/22/2015 09:00:00 AM,75,6,7,33,29
04/22/2015 10:00:00 AM,74,19,18,20,17
04/22/2015 11:00:00 AM,61,7,14,19,21
04/22/2015 12:00:00 PM,74,10,5,24,35
04/22/2015 01:00:00 PM,71,11,14,26,20
04/22/2015 02:00:00 PM,94,13,16,34,31
04/22/2015 03:00:00 PM,71,10,12,21,28
04/22/2015 04:00:00 PM,105,15,11,24,55
04/22/2015 05:00:00 PM,182,25,17,41,99
04/22/2015 06:00:00 PM,190,20,11,59,100
04/22/2015 07:00:00 PM,110,16,16,46,32
04/22/2015 08:00:00 PM,69,14,10,22,23
04/22/2015 09:00:00 PM,16,3,1,6,6
04/22/2015 10:00:00 PM,6,1,3,1,1
04/22/2015 11:00:00 PM,6,3,1,0,2
04/23/2015 12:00:00 AM,1,0,0,0,1
04/23/2015 01:00:00 AM,0,0,0,0,0
04/23/2015 02:00:00 AM,1,0,0,0,1
04/23/2015 03:00:00 AM,1,0,0,0,1
04/23/2015 04:00:00 AM,2,1,0,1,0
04/23/2015 05:00:00 AM,11,2,2,6,1
04/23/2015 06:00:00 AM,24,7,4,11,2
04/23/2015 07:00:00 AM,79,9,12,39,19
04/23/2015 08:00:00 AM,92,16,9,56,11
04/23/2015 09:00:00 AM,92,12,9,36,35
04/23/2015 10:00:00 AM,64,13,14,20,17
04/23/2015 11:00:00 AM,53,15,8,14,16
04/23/2015 12:00:00 PM,42,10,12,11,9
04/23/2015 01:00:00 PM,47,12,10,17,8
04/23/2015 02:00:00 PM,39,12,7,6,14
04/23/2015 03:00:00 PM,22,4,3,7,8
04/23/2015 04:00:00 PM,44,7,5,10,22
04/23/2015 05:00:00 PM,96,8,13,20,55
04/23/2015 06:00:00 PM,100,15,17,17,51
04/23/2015 07:00:00 PM,68,15,13,9,31
04/23/2015 08:00:00 PM,21,4,1,7,9
04/23/2015 09:00:00 PM,13,0,1,7,5
04/23/2015 10:00:00 PM,5,0,0,3,2
04/23/2015 11:00:00 PM,2,1,1,0,0
04/24/2015 12:00:00 AM,4,2,0,0,2
04/24/2015 01:00:00 AM,0,0,0,0,0
04/24/2015 02:00:00 AM,1,0,0,0,1
04/24/2015 03:00:00 AM,0,0,0,0,0
04/24/2015 04:00:00 AM,1,0,0,0,1
04/24/2015 05:00:00 AM,9,1,1,6,1
04/24/2015 06:00:00 AM,16,2,1,11,2
04/24/2015 07:00:00 AM,46,7,9,23,7
04/24/2015 08:00:00 AM,82,13,9,50,10
04/24/2015 09:00:00 AM,69,6,5,34,24
04/24/2015 10:00:00 AM,49,12,12,12,13
04/24/2015 11:00:00 AM,77,28,17,15,17
04/24/2015 12:00:00 PM,60,12,13,19,16
04/24/2015 01:00:00 PM,119,28,6,40,45
04/24/2015 02:00:00 PM,122,14,13,27,68
04/24/2015 03:00:00 PM,55,16,16,13,10
04/24/2015 04:00:00 PM,86,12,12,16,46
04/24/2015 05:00:00 PM,88,16,9,23,40
04/24/2015 06:00:00 PM,97,13,13,15,56
04/24/2015 07:00:00 PM,53,6,10,17,20
04/24/2015 08:00:00 PM,27,8,3,6,10
04/24/2015 09:00:00 PM,5,0,2,1,2
04/24/2015 10:00:00 PM,7,4,1,0,2
04/24/2015 11:00:00 PM,0,0,0,0,0
04/25/2015 12:00:00 AM,0,0,0,0,0
04/25/2015 01:00:00 AM,0,0,0,0,0
04/25/2015 02:00:00 AM,0,0,0,0,0
04/25/2015 03:00:00 AM,1,0,0,0,1
04/25/2015 04:00:00 AM,0,0,0,0,0
04/25/2015 05:00:00 AM,2,1,0,1,0
04/25/2015 06:00:00 AM,18,5,3,3,7
04/25/2015 07:00:00 AM,32,5,6,9,12
04/25/2015 08:00:00 AM,109,23,23,21,42
04/25/2015 09:00:00 AM,140,26,23,41,50
04/25/2015 10:00:00 AM,207,29,32,61,85
04/25/2015 11:00:00 AM,235,23,17,76,119
04/25/2015 12:00:00 PM,183,20,18,75,70
04/25/2015 01:00:00 PM,219,20,22,77,100
04/25/2015 02:00:00 PM,180,22,23,69,66
04/25/2015 03:00:00 PM,186,24,11,70,81
04/25/2015 04:00:00 PM,185,17,26,86,56
04/25/2015 05:00:00 PM,163,20,23,66,54
04/25/2015 06:00:00 PM,129,23,16,58,32
04/25/2015 07:00:00 PM,56,12,9,20,15
04/25/2015 08:00:00 PM,33,3,2,14,14
04/25/2015 09:00:00 PM,13,1,2,4,6
04/25/2015 10:00:00 PM,8,0,1,3,4
04/25/2015 11:00:00 PM,7,3,1,1,2
04/26/2015 12:00:00 AM,1,0,0,1,0
04/26/2015 01:00:00 AM,1,0,0,1,0
04/26/2015 02:00:00 AM,0,0,0,0,0
04/26/2015 03:00:00 AM,0,0,0,0,0
04/26/2015 04:00:00 AM,1,0,0,0,1
04/26/2015 05:00:00 AM,3,1,2,0,0
04/26/2015 06:00:00 AM,5,0,0,2,3
04/26/2015 07:00:00 AM,35,6,10,1,18
04/26/2015 08:00:00 AM,72,12,15,18,27
04/26/2015 09:00:00 AM,113,21,15,33,44
04/26/2015 10:00:00 AM,171,26,31,39,75
04/26/2015 11:00:00 AM,217,23,21,91,82
04/26/2015 12:00:00 PM,219,27,22,77,93
04/26/2015 01:00:00 PM,232,35,27,81,89
04/26/2015 02:00:00 PM,236,27,20,86,103
04/26/2015 03:00:00 PM,243,16,23,99,105
04/26/2015 04:00:00 PM,222,31,15,97,79
04/26/2015 05:00:00 PM,171,17,14,93,47
04/26/2015 06:00:00 PM,123,22,11,54,36
04/26/2015 07:00:00 PM,52,8,6,28,10
04/26/2015 08:00:00 PM,9,1,2,5,1
04/26/2015 09:00:00 PM,6,1,1,1,3
04/26/2015 10:00:00 PM,7,1,3,1,2
04/26/2015 11:00:00 PM,3,2,0,1,0
04/27/2015 12:00:00 AM,2,1,1,0,0
04/27/2015 01:00:00 AM,0,0,0,0,0
04/27/2015 02:00:00 AM,0,0,0,0,0
04/27/2015 03:00:00 AM,0,0,0,0,0
04/27/2015 04:00:00 AM,1,0,0,1,0
04/27/2015 05:00:00 AM,11,1,1,7,2
04/27/2015 06:00:00 AM,40,9,9,20,2
04/27/2015 07:00:00 AM,76,10,3,51,12
04/27/2015 08:00:00 AM,97,11,7,62,17
04/27/2015 09:00:00 AM,89,9,7,53,20
04/27/2015 10:00:00 AM,90,19,15,32,24
04/27/2015 11:00:00 AM,94,14,11,30,39
04/27/2015 12:00:00 PM,103,12,10,40,41
04/27/2015 01:00:00 PM,135,26,18,42,49
04/27/2015 02:00:00 PM,140,18,16,45,61
04/27/2015 03:00:00 PM,182,12,14,67,89
04/27/2015 04:00:00 PM,212,13,17,84,98
04/27/2015 05:00:00 PM,276,24,30,79,143
04/27/2015 06:00:00 PM,326,27,34,93,172
04/27/2015 07:00:00 PM,218,30,17,85,86
04/27/2015 08:00:00 PM,124,15,16,58,35
04/27/2015 09:00:00 PM,39,7,4,15,13
04/27/2015 10:00:00 PM,15,2,0,7,6
04/27/2015 11:00:00 PM,3,0,0,0,3
04/28/2015 12:00:00 AM,1,0,0,0,1
04/28/2015 01:00:00 AM,1,0,0,0,1
04/28/2015 02:00:00 AM,1,0,0,1,0
04/28/2015 03:00:00 AM,0,0,0,0,0
04/28/2015 04:00:00 AM,3,0,0,3,0
04/28/2015 05:00:00 AM,14,2,1,7,4
04/28/2015 06:00:00 AM,42,10,9,17,6
04/28/2015 07:00:00 AM,67,8,10,32,17
04/28/2015 08:00:00 AM,107,18,9,60,20
04/28/2015 09:00:00 AM,74,5,9,36,24
04/28/2015 10:00:00 AM,50,12,10,17,11
04/28/2015 11:00:00 AM,38,12,11,10,5
04/28/2015 12:00:00 PM,47,7,10,15,15
04/28/2015 01:00:00 PM,27,4,4,13,6
04/28/2015 02:00:00 PM,21,6,4,5,6
04/28/2015 03:00:00 PM,24,3,5,6,10
04/28/2015 04:00:00 PM,52,5,8,8,31
04/28/2015 05:00:00 PM,87,12,9,17,49
04/28/2015 06:00:00 PM,116,8,14,25,69
04/28/2015 07:00:00 PM,30,3,1,12,14
04/28/2015 08:00:00 PM,31,5,10,4,12
04/28/2015 09:00:00 PM,7,2,2,1,2
04/28/2015 10:00:00 PM,4,0,0,0,4
04/28/2015 11:00:00 PM,2,0,1,0,1
04/29/2015 12:00:00 AM,3,1,0,0,2
04/29/2015 01:00:00 AM,1,0,0,0,1
04/29/2015 02:00:00 AM,0,0,0,0,0
04/29/2015 03:00:00 AM,1,0,0,0,1
04/29/2015 04:00:00 AM,3,0,0,3,0
04/29/2015 05:00:00 AM,5,0,0,4,1
04/29/2015 06:00:00 AM,25,4,6,8,7
04/29/2015 07:00:00 AM,82,9,5,50,18
04/29/2015 08:00:00 AM,101,14,11,59,17
04/29/2015 09:00:00 AM,86,12,8,43,23
04/29/2015 10:00:00 AM,78,13,12,28,25
04/29/2015 11:00:00 AM,48,12,8,15,13
04/29/2015 12:00:00 PM,68,17,8,16,27
04/29/2015 01:00:00 PM,70,17,14,22,17
04/29/2015 02:00:00 PM,76,7,13,21,35
04/29/2015 03:00:00 PM,65,4,5,26,30
04/29/2015 04:00:00 PM,104,19,17,28,40
04/29/2015 05:00:00 PM,150,22,24,30,74
04/29/2015 06:00:00 PM,222,29,29,51,113
04/29/2015 07:00:00 PM,159,19,23,65,52
04/29/2015 08:00:00 PM,50,9,7,14,20
04/29/2015 09:00:00 PM,24,0,2,10,12
04/29/2015 10:00:00 PM,7,0,0,7,0
04/29/2015 11:00:00 PM,6,1,1,2,2
04/30/2015 12:00:00 AM,3,1,0,1,1
04/30/2015 01:00:00 AM,0,0,0,0,0
04/30/2015 02:00:00 AM,0,0,0,0,0
04/30/2015 03:00:00 AM,0,0,0,0,0
04/30/2015 04:00:00 AM,1,0,0,0,1
04/30/2015 05:00:00 AM,15,1,4,8,2
04/30/2015 06:00:00 AM,43,12,8,18,5
04/30/2015 07:00:00 AM,91,8,10,56,17
04/30/2015 08:00:00 AM,113,16,6,70,21
04/30/2015 09:00:00 AM,99,7,8,51,33
04/30/2015 10:00:00 AM,67,15,15,19,18
04/30/2015 11:00:00 AM,83,21,18,28,16
04/30/2015 12:00:00 PM,74,7,19,28,20
04/30/2015 01:00:00 PM,84,19,15,21,29
04/30/2015 02:00:00 PM,109,17,27,27,38
04/30/2015 03:00:00 PM,113,11,17,40,45
04/30/2015 04:00:00 PM,140,12,9,42,77
04/30/2015 05:00:00 PM,231,21,19,80,111
04/30/2015 06:00:00 PM,241,27,18,71,125
04/30/2015 07:00:00 PM,156,12,13,61,70
04/30/2015 08:00:00 PM,79,11,8,27,33
04/30/2015 09:00:00 PM,16,1,2,6,7
04/30/2015 10:00:00 PM,10,0,0,4,6
04/30/2015 11:00:00 PM,3,1,1,0,1
04/01/2016 12:00:00 AM,1,0,0,0,1
04/01/2016 01:00:00 AM,0,0,0,0,0
04/01/2016 02:00:00 AM,0,0,0,0,0
04/01/2016 03:00:00 AM,0,0,0,0,0
04/01/2016 04:00:00 AM,2,0,0,2,0
04/01/2016 05:00:00 AM,15,0,2,10,3
04/01/2016 06:00:00 AM,41,3,3,21,14
04/01/2016 07:00:00 AM,115,8,9,75,23
04/01/2016 08:00:00 AM,144,17,14,80,33
04/01/2016 09:00:00 AM,122,21,9,58,34
04/01/2016 10:00:00 AM,112,15,14,37,46
04/01/2016 11:00:00 AM,117,16,17,41,43
04/01/2016 12:00:00 PM,130,0,17,55,58
04/01/2016 01:00:00 PM,195,0,18,66,111
04/01/2016 02:00:00 PM,157,20,16,53,68
04/01/2016 03:00:00 PM,185,16,16,68,85
04/01/2016 04:00:00 PM,239,0,34,78,127
04/01/2016 05:00:00 PM,250,10,15,80,145
04/01/2016 06:00:00 PM,177,0,15,71,91
04/01/2016 07:00:00 PM,100,9,11,42,38
04/01/2016 08:00:00 PM,43,8,6,17,12
04/01/2016 09:00:00 PM,6,1,1,3,1
04/01/2016 10:00:00 PM,9,1,1,2,5
04/01/2016 11:00:00 PM,2,1,0,0,1
04/02/2016 12:00:00 AM,1,0,0,0,1
04/02/2016 01:00:00 AM,0,0,0,0,0
04/02/2016 02:00:00 AM,0,0,0,0,0
04/02/2016 03:00:00 AM,0,0,0,0,0
04/02/2016 04:00:00 AM,2,1,1,0,0
04/02/2016 05:00:00 AM,7,0,1,2,4
04/02/2016 06:00:00 AM,18,1,3,7,7
04/02/2016 07:00:00 AM,72,19,20,14,19
04/02/2016 08:00:00 AM,132,25,29,31,47
04/02/2016 09:00:00 AM,173,35,24,45,69
04/02/2016 10:00:00 AM,185,0,19,75,91
04/02/2016 11:00:00 AM,242,32,32,62,116
04/02/2016 12:00:00 PM,257,17,19,73,148
04/02/2016 01:00:00 PM,258,20,21,100,117
04/02/2016 02:00:00 PM,244,22,15,118,89
04/02/2016 03:00:00 PM,312,23,23,135,131
04/02/2016 04:00:00 PM,274,31,25,122,96
04/02/2016 05:00:00 PM,180,19,20,83,58
04/02/2016 06:00:00 PM,129,16,7,60,46
04/02/2016 07:00:00 PM,82,10,7,43,22
04/02/2016 08:00:00 PM,17,1,0,3,13
04/02/2016 09:00:00 PM,12,0,1,5,6
04/02/2016 10:00:00 PM,5,1,1,0,3
04/02/2016 11:00:00 PM,6,0,0,2,4
04/03/2016 12:00:00 AM,1,0,0,0,1
04/03/2016 01:00:00 AM,0,0,0,0,0
04/03/2016 02:00:00 AM,0,0,0,0,0
04/03/2016 03:00:00 AM,0,0,0,0,0
04/03/2016 04:00:00 AM,3,0,1,2,0
04/03/2016 05:00:00 AM,4,1,0,2,1
04/03/2016 06:00:00 AM,62,5,2,53,2
04/03/2016 07:00:00 AM,127,10,11,86,20
04/03/2016 08:00:00 AM,115,23,14,29,49
04/03/2016 09:00:00 AM,219,25,27,41,126
04/03/2016 10:00:00 AM,329,35,35,62,197
04/03/2016 11:00:00 AM,304,0,35,93,176
04/03/2016 12:00:00 PM,316,31,24,105,156
04/03/2016 01:00:00 PM,274,29,23,104,118
04/03/2016 02:00:00 PM,344,0,17,182,145
04/03/2016 03:00:00 PM,300,30,26,126,118
04/03/2016 04:00:00 PM,256,26,23,125,82
04/03/2016 05:00:00 PM,203,0,20,97,86
04/03/2016 06:00:00 PM,128,13,9,71,35
04/03/2016 07:00:00 PM,54,9,9,14,22
04/03/2016 08:00:00 PM,15,2,3,8,2
04/03/2016 09:00:00 PM,6,1,0,3,2
04/03/2016 10:00:00 PM,1,0,1,0,0
04/03/2016 11:00:00 PM,4,1,1,1,1
04/04/2016 12:00:00 AM,0,0,0,0,0
04/04/2016 01:00:00 AM,0,0,0,0,0
04/04/2016 02:00:00 AM,0,0,0,0,0
04/04/2016 03:00:00 AM,0,0,0,0,0
04/04/2016 04:00:00 AM,6,0,0,6,0
04/04/2016 05:00:00 AM,8,0,0,7,1
04/04/2016 06:00:00 AM,33,4,4,21,4
04/04/2016 07:00:00 AM,66,6,6,44,10
04/04/2016 08:00:00 AM,65,0,5,45,15
04/04/2016 09:00:00 AM,73,8,5,35,25
04/04/2016 10:00:00 AM,61,11,9,19,22
04/04/2016 11:00:00 AM,37,0,12,19,6
04/04/2016 12:00:00 PM,49,13,10,15,11
04/04/2016 01:00:00 PM,54,12,8,23,11
04/04/2016 02:00:00 PM,50,9,11,11,19
04/04/2016 03:00:00 PM,34,5,3,8,18
04/04/2016 04:00:00 PM,80,0,16,21,43
04/04/2016 05:00:00 PM,138,11,20,23,84
04/04/2016 06:00:00 PM,88,0,8,22,58
04/04/2016 07:00:00 PM,52,13,10,10,19
04/04/2016 08:00:00 PM,20,1,1,7,11
04/04/2016 09:00:00 PM,3,0,0,2,1
04/04/2016 10:00:00 PM,7,2,2,0,3
04/04/2016 11:00:00 PM,1,0,0,0,1
04/05/2016 12:00:00 AM,0,0,0,0,0
04/05/2016 01:00:00 AM,0,0,0,0,0
04/05/2016 02:00:00 AM,0,0,0,0,0
04/05/2016 03:00:00 AM,0,0,0,0,0
04/05/2016 04:00:00 AM,4,0,0,1,3
04/05/2016 05:00:00 AM,11,0,1,8,2
04/05/2016 06:00:00 AM,31,4,5,18,4
04/05/2016 07:00:00 AM,108,10,11,72,15
04/05/2016 08:00:00 AM,108,12,9,67,20
04/05/2016 09:00:00 AM,96,19,13,36,28
04/05/2016 10:00:00 AM,74,11,12,31,20
04/05/2016 11:00:00 AM,59,17,8,18,16
04/05/2016 12:00:00 PM,52,13,17,13,9
04/05/2016 01:00:00 PM,79,20,13,23,23
04/05/2016 02:00:00 PM,60,11,17,12,20
04/05/2016 03:00:00 PM,71,16,12,16,27
04/05/2016 04:00:00 PM,115,12,13,28,62
04/05/2016 05:00:00 PM,177,25,15,35,102
04/05/2016 06:00:00 PM,141,13,15,42,71
04/05/2016 07:00:00 PM,78,12,10,27,29
04/05/2016 08:00:00 PM,36,3,4,17,12
04/05/2016 09:00:00 PM,5,1,1,0,3
04/05/2016 10:00:00 PM,6,2,1,1,2
04/05/2016 11:00:00 PM,2,0,1,0,1
04/06/2016 12:00:00 AM,2,0,0,0,2
04/06/2016 01:00:00 AM,0,0,0,0,0
04/06/2016 02:00:00 AM,1,0,0,0,1
04/06/2016 03:00:00 AM,0,0,0,0,0
04/06/2016 04:00:00 AM,6,0,0,5,1
04/06/2016 05:00:00 AM,9,0,2,6,1
04/06/2016 06:00:00 AM,56,5,4,36,11
04/06/2016 07:00:00 AM,107,11,7,59,30
04/06/2016 08:00:00 AM,147,18,11,92,26
04/06/2016 09:00:00 AM,84,0,12,37,35
04/06/2016 10:00:00 AM,91,0,21,38,32
04/06/2016 11:00:00 AM,113,22,14,45,32
04/06/2016 12:00:00 PM,72,0,13,34,25
04/06/2016 01:00:00 PM,106,15,8,51,32
04/06/2016 02:00:00 PM,112,19,17,33,43
04/06/2016 03:00:00 PM,122,16,19,36,51
04/06/2016 04:00:00 PM,191,19,25,50,97
04/06/2016 05:00:00 PM,280,25,26,92,137
04/06/2016 06:00:00 PM,240,16,21,67,136
04/06/2016 07:00:00 PM,132,13,16,48,55
04/06/2016 08:00:00 PM,30,0,7,9,14
04/06/2016 09:00:00 PM,13,1,0,10,2
04/06/2016 10:00:00 PM,7,1,0,2,4
04/06/2016 11:00:00 PM,3,0,0,0,3
04/07/2016 12:00:00 AM,4,0,0,0,4
04/07/2016 01:00:00 AM,0,0,0,0,0
04/07/2016 02:00:00 AM,0,0,0,0,0
04/07/2016 03:00:00 AM,0,0,0,0,0
04/07/2016 04:00:00 AM,6,0,0,6,0
04/07/2016 05:00:00 AM,20,2,2,11,5
04/07/2016 06:00:00 AM,56,0,8,37,11
04/07/2016 07:00:00 AM,153,21,16,89,27
04/07/2016 08:00:00 AM,127,12,8,86,21
04/07/2016 09:00:00 AM,175,38,35,62,40
04/07/2016 10:00:00 AM,93,0,15,33,45
04/07/2016 11:00:00 AM,155,18,11,60,66
04/07/2016 12:00:00 PM,145,20,17,55,53
04/07/2016 01:00:00 PM,140,19,10,52,59
04/07/2016 02:00:00 PM,144,14,16,57,57
04/07/2016 03:00:00 PM,165,13,15,53,84
04/07/2016 04:00:00 PM,206,11,14,68,113
04/07/2016 05:00:00 PM,306,0,15,113,178
04/07/2016 06:00:00 PM,277,19,19,90,149
04/07/2016 07:00:00 PM,149,0,12,72,65
04/07/2016 08:00:00 PM,46,7,6,14,19
04/07/2016 09:00:00 PM,27,3,1,5,18
04/07/2016 10:00:00 PM,7,0,0,4,3
04/07/2016 11:00:00 PM,2,1,0,0,1
04/08/2016 12:00:00 AM,2,0,0,0,2
04/08/2016 01:00:00 AM,0,0,0,0,0
04/08/2016 02:00:00 AM,0,0,0,0,0
04/08/2016 03:00:00 AM,0,0,0,0,0
04/08/2016 04:00:00 AM,0,0,0,0,0
04/08/2016 05:00:00 AM,17,2,3,8,4
04/08/2016 06:00:00 AM,52,9,6,29,8
04/08/2016 07:00:00 AM,154,25,30,66,33
04/08/2016 08:00:00 AM,125,16,13,73,23
04/08/2016 09:00:00 AM,116,18,20,43,35
04/08/2016 10:00:00 AM,103,15,13,34,41
04/08/2016 11:00:00 AM,126,23,19,46,38
04/08/2016 12:00:00 PM,133,17,14,43,59
04/08/2016 01:00:00 PM,128,12,8,52,56
04/08/2016 02:00:00 PM,128,12,12,58,46
04/08/2016 03:00:00 PM,126,8,6,47,65
04/08/2016 04:00:00 PM,200,17,25,67,91
04/08/2016 05:00:00 PM,204,15,18,58,113
04/08/2016 06:00:00 PM,145,0,10,58,77
04/08/2016 07:00:00 PM,107,5,6,53,43
04/08/2016 08:00:00 PM,24,0,1,15,8
04/08/2016 09:00:00 PM,7,1,2,0,4
04/08/2016 10:00:00 PM,13,1,0,5,7
04/08/2016 11:00:00 PM,3,1,1,1,0
04/09/2016 12:00:00 AM,5,0,0,0,5
04/09/2016 01:00:00 AM,1,0,0,0,1
04/09/2016 02:00:00 AM,1,1,0,0,0
04/09/2016 03:00:00 AM,1,0,0,1,0
04/09/2016 04:00:00 AM,3,1,1,1,0
04/09/2016 05:00:00 AM,2,0,0,2,0
04/09/2016 06:00:00 AM,15,1,4,5,5
04/09/2016 07:00:00 AM,62,0,21,12,29
04/09/2016 08:00:00 AM,165,23,31,41,70
04/09/2016 09:00:00 AM,239,43,43,62,91
04/09/2016 10:00:00 AM,231,0,32,69,130
04/09/2016 11:00:00 AM,317,0,26,124,167
04/09/2016 12:00:00 PM,290,32,20,111,127
04/09/2016 01:00:00 PM,331,35,29,125,142
04/09/2016 02:00:00 PM,308,22,14,121,151
04/09/2016 03:00:00 PM,332,24,18,156,134
04/09/2016 04:00:00 PM,225,0,15,116,94
04/09/2016 05:00:00 PM,219,23,13,95,88
04/09/2016 06:00:00 PM,140,19,13,79,29
04/09/2016 07:00:00 PM,78,8,6,45,19
04/09/2016 08:00:00 PM,38,2,1,25,10
04/09/2016 09:00:00 PM,8,0,3,0,5
04/09/2016 10:00:00 PM,7,2,0,3,2
04/09/2016 11:00:00 PM,2,0,0,1,1
04/10/2016 12:00:00 AM,1,0,0,0,1
04/10/2016 01:00:00 AM,0,0,0,0,0
04/10/2016 02:00:00 AM,1,0,0,0,1
04/10/2016 03:00:00 AM,1,0,0,1,0
04/10/2016 04:00:00 AM,1,0,0,0,1
04/10/2016 05:00:00 AM,1,0,0,1,0
04/10/2016 06:00:00 AM,14,1,2,4,7
04/10/2016 07:00:00 AM,40,0,10,10,20
04/10/2016 08:00:00 AM,107,19,18,30,40
04/10/2016 09:00:00 AM,158,25,16,44,73
04/10/2016 10:00:00 AM,177,0,21,67,89
04/10/2016 11:00:00 AM,250,24,29,91,106
04/10/2016 12:00:00 PM,227,22,14,93,98
04/10/2016 01:00:00 PM,224,22,16,93,93
04/10/2016 02:00:00 PM,278,24,19,115,120
04/10/2016 03:00:00 PM,219,29,21,78,91
04/10/2016 04:00:00 PM,223,27,25,103,68
04/10/2016 05:00:00 PM,161,33,23,68,37
04/10/2016 06:00:00 PM,89,5,12,36,36
04/10/2016 07:00:00 PM,84,22,10,37,15
04/10/2016 08:00:00 PM,24,0,3,10,11
04/10/2016 09:00:00 PM,9,1,1,3,4
04/10/2016 10:00:00 PM,3,0,1,1,1
04/10/2016 11:00:00 PM,4,0,1,1,2
04/11/2016 12:00:00 AM,4,1,0,0,3
04/11/2016 01:00:00 AM,1,0,0,1,0
04/11/2016 02:00:00 AM,0,0,0,0,0
04/11/2016 03:00:00 AM,0,0,0,0,0
04/11/2016 04:00:00 AM,3,0,0,3,0
04/11/2016 05:00:00 AM,15,1,0,14,0
04/11/2016 06:00:00 AM,40,3,4,27,6
04/11/2016 07:00:00 AM,92,14,5,59,14
04/11/2016 08:00:00 AM,96,10,11,61,14
04/11/2016 09:00:00 AM,59,0,9,26,24
04/11/2016 10:00:00 AM,61,10,9,26,16
04/11/2016 11:00:00 AM,40,0,12,16,12
04/11/2016 12:00:00 PM,66,0,12,19,35
04/11/2016 01:00:00 PM,64,9,10,25,20
04/11/2016 02:00:00 PM,86,13,13,32,28
04/11/2016 03:00:00 PM,64,11,9,13,31
04/11/2016 04:00:00 PM,108,0,22,21,65
04/11/2016 05:00:00 PM,135,0,23,27,85
04/11/2016 06:00:00 PM,146,11,12,42,81
04/11/2016 07:00:00 PM,71,5,6,20,40
04/11/2016 08:00:00 PM,25,3,3,5,14
04/11/2016 09:00:00 PM,13,2,2,4,5
04/11/2016 10:00:00 PM,4,0,0,1,3
04/11/2016 11:00:00 PM,3,0,0,3,0
04/12/2016 12:00:00 AM,3,0,0,0,3
04/12/2016 01:00:00 AM,0,0,0,0,0
04/12/2016 02:00:00 AM,0,0,0,0,0
04/12/2016 03:00:00 AM,0,0,0,0,0
04/12/2016 04:00:00 AM,2,0,1,1,0
04/12/2016 05:00:00 AM,12,0,0,8,4
04/12/2016 06:00:00 AM,40,3,8,22,7
04/12/2016 07:00:00 AM,97,18,11,52,16
04/12/2016 08:00:00 AM,96,0,12,60,24
04/12/2016 09:00:00 AM,74,12,7,37,18
04/12/2016 10:00:00 AM,54,0,10,19,25
04/12/2016 11:00:00 AM,59,16,13,18,12
04/12/2016 12:00:00 PM,66,11,18,18,19
04/12/2016 01:00:00 PM,46,13,7,14,12
04/12/2016 02:00:00 PM,57,5,5,24,23
04/12/2016 03:00:00 PM,47,8,5,10,24
04/12/2016 04:00:00 PM,41,5,4,10,22
04/12/2016 05:00:00 PM,64,3,2,30,29
04/12/2016 06:00:00 PM,61,4,4,15,38
04/12/2016 07:00:00 PM,28,4,3,5,16
04/12/2016 08:00:00 PM,14,4,4,1,5
04/12/2016 09:00:00 PM,3,1,0,0,2
04/12/2016 10:00:00 PM,3,1,2,0,0
04/12/2016 11:00:00 PM,2,1,0,0,1
04/13/2016 12:00:00 AM,1,0,0,0,1
04/13/2016 01:00:00 AM,0,0,0,0,0
04/13/2016 02:00:00 AM,1,0,0,0,1
04/13/2016 03:00:00 AM,0,0,0,0,0
04/13/2016 04:00:00 AM,5,0,0,5,0
04/13/2016 05:00:00 AM,10,0,0,8,2
04/13/2016 06:00:00 AM,32,3,2,20,7
04/13/2016 07:00:00 AM,83,10,4,58,11
04/13/2016 08:00:00 AM,87,0,6,64,17
04/13/2016 09:00:00 AM,68,8,9,27,24
04/13/2016 10:00:00 AM,60,9,12,17,22
04/13/2016 11:00:00 AM,64,0,18,24,22
04/13/2016 12:00:00 PM,91,25,16,27,23
04/13/2016 01:00:00 PM,43,0,7,26,10
04/13/2016 02:00:00 PM,62,0,14,17,31
04/13/2016 03:00:00 PM,60,9,4,14,33
04/13/2016 04:00:00 PM,100,0,19,28,53
04/13/2016 05:00:00 PM,200,19,19,46,116
04/13/2016 06:00:00 PM,151,21,20,35,75
04/13/2016 07:00:00 PM,96,13,15,38,30
04/13/2016 08:00:00 PM,37,7,5,10,15
04/13/2016 09:00:00 PM,18,2,2,6,8
04/13/2016 10:00:00 PM,11,3,1,2,5
04/13/2016 11:00:00 PM,4,0,0,1,3
04/14/2016 12:00:00 AM,2,0,0,0,2
04/14/2016 01:00:00 AM,1,1,0,0,0
04/14/2016 02:00:00 AM,0,0,0,0,0
04/14/2016 03:00:00 AM,3,0,0,2,1
04/14/2016 04:00:00 AM,3,0,0,2,1
04/14/2016 05:00:00 AM,9,0,0,5,4
04/14/2016 06:00:00 AM,29,1,2,17,9
04/14/2016 07:00:00 AM,86,9,4,54,19
04/14/2016 08:00:00 AM,87,0,13,51,23
04/14/2016 09:00:00 AM,72,0,14,33,25
04/14/2016 10:00:00 AM,46,0,9,25,12
04/14/2016 11:00:00 AM,77,17,17,21,22
04/14/2016 12:00:00 PM,73,0,19,26,28
04/14/2016 01:00:00 PM,56,0,14,16,26
04/14/2016 02:00:00 PM,111,19,10,43,39
04/14/2016 03:00:00 PM,87,9,8,26,44
04/14/2016 04:00:00 PM,120,10,18,32,60
04/14/2016 05:00:00 PM,223,20,16,64,123
04/14/2016 06:00:00 PM,135,0,10,53,72
04/14/2016 07:00:00 PM,100,9,13,33,45
04/14/2016 08:00:00 PM,25,7,4,9,5
04/14/2016 09:00:00 PM,10,1,1,3,5
04/14/2016 10:00:00 PM,7,0,0,0,7
04/14/2016 11:00:00 PM,0,0,0,0,0
04/15/2016 12:00:00 AM,3,1,0,1,1
04/15/2016 01:00:00 AM,1,0,0,0,1
04/15/2016 02:00:00 AM,0,0,0,0,0
04/15/2016 03:00:00 AM,0,0,0,0,0
04/15/2016 04:00:00 AM,1,0,0,0,1
04/15/2016 05:00:00 AM,15,0,1,8,6
04/15/2016 06:00:00 AM,42,3,1,30,8
04/15/2016 07:00:00 AM,99,11,12,52,24
04/15/2016 08:00:00 AM,93,11,5,57,20
04/15/2016 09:00:00 AM,81,15,16,31,19
04/15/2016 10:00:00 AM,62,8,9,26,19
04/15/2016 11:00:00 AM,70,9,10,26,25
04/15/2016 12:00:00 PM,82,14,11,21,36
04/15/2016 01:00:00 PM,62,0,6,36,20
04/15/2016 02:00:00 PM,77,5,11,27,34
04/15/2016 03:00:00 PM,85,10,14,24,37
04/15/2016 04:00:00 PM,133,14,24,34,61
04/15/2016 05:00:00 PM,132,0,14,37,81
04/15/2016 06:00:00 PM,110,0,7,47,56
04/15/2016 07:00:00 PM,55,0,10,17,28
04/15/2016 08:00:00 PM,15,5,2,2,6
04/15/2016 09:00:00 PM,13,2,3,2,6
04/15/2016 10:00:00 PM,6,1,1,0,4
04/15/2016 11:00:00 PM,5,0,0,0,5
04/16/2016 12:00:00 AM,7,2,2,1,2
04/16/2016 01:00:00 AM,0,0,0,0,0
04/16/2016 02:00:00 AM,0,0,0,0,0
04/16/2016 03:00:00 AM,0,0,0,0,0
04/16/2016 04:00:00 AM,1,0,0,0,1
04/16/2016 05:00:00 AM,2,0,0,1,1
04/16/2016 06:00:00 AM,18,0,5,6,7
04/16/2016 07:00:00 AM,66,10,14,14,28
04/16/2016 08:00:00 AM,140,0,28,40,72
04/16/2016 09:00:00 AM,203,21,21,55,106
04/16/2016 10:00:00 AM,265,36,31,76,122
04/16/2016 11:00:00 AM,321,26,34,102,159
04/16/2016 12:00:00 PM,304,30,23,125,126
04/16/2016 01:00:00 PM,344,25,23,115,181
04/16/2016 02:00:00 PM,319,30,20,144,125
04/16/2016 03:00:00 PM,293,22,22,132,117
04/16/2016 04:00:00 PM,307,32,26,134,115
04/16/2016 05:00:00 PM,249,25,18,127,79
04/16/2016 06:00:00 PM,159,19,12,75,53
04/16/2016 07:00:00 PM,101,12,12,45,32
04/16/2016 08:00:00 PM,29,0,1,21,7
04/16/2016 09:00:00 PM,11,2,1,1,7
04/16/2016 10:00:00 PM,8,1,1,3,3
04/16/2016 11:00:00 PM,1,0,0,1,0
04/17/2016 12:00:00 AM,1,0,0,1,0
04/17/2016 01:00:00 AM,0,0,0,0,0
04/17/2016 02:00:00 AM,0,0,0,0,0
04/17/2016 03:00:00 AM,0,0,0,0,0
04/17/2016 04:00:00 AM,0,0,0,0,0
04/17/2016 05:00:00 AM,0,0,0,0,0
04/17/2016 06:00:00 AM,18,0,2,9,7
04/17/2016 07:00:00 AM,64,14,13,15,22
04/17/2016 08:00:00 AM,156,23,28,44,61
04/17/2016 09:00:00 AM,167,30,24,49,64
04/17/2016 10:00:00 AM,328,34,26,114,154
04/17/2016 11:00:00 AM,363,29,35,128,171
04/17/2016 12:00:00 PM,362,0,20,157,185
04/17/2016 01:00:00 PM,349,30,32,143,144
04/17/2016 02:00:00 PM,390,36,19,147,188
04/17/2016 03:00:00 PM,390,39,27,186,138
04/17/2016 04:00:00 PM,319,36,23,167,93
04/17/2016 05:00:00 PM,240,24,18,102,96
04/17/2016 06:00:00 PM,190,18,14,101,57
04/17/2016 07:00:00 PM,97,12,5,41,39
04/17/2016 08:00:00 PM,26,2,0,14,10
04/17/2016 09:00:00 PM,5,1,2,2,0
04/17/2016 10:00:00 PM,7,2,3,1,1
04/17/2016 11:00:00 PM,3,1,1,1,0
04/18/2016 12:00:00 AM,0,0,0,0,0
04/18/2016 01:00:00 AM,0,0,0,0,0
04/18/2016 02:00:00 AM,0,0,0,0,0
04/18/2016 03:00:00 AM,0,0,0,0,0
04/18/2016 04:00:00 AM,8,1,0,7,0
04/18/2016 05:00:00 AM,23,0,0,20,3
04/18/2016 06:00:00 AM,68,7,7,47,7
04/18/2016 07:00:00 AM,151,20,7,90,34
04/18/2016 08:00:00 AM,126,13,13,75,25
04/18/2016 09:00:00 AM,129,15,8,52,54
04/18/2016 10:00:00 AM,98,17,11,38,32
04/18/2016 11:00:00 AM,105,9,15,47,34
04/18/2016 12:00:00 PM,111,0,16,47,48
04/18/2016 01:00:00 PM,96,11,6,36,43
04/18/2016 02:00:00 PM,97,0,10,35,52
04/18/2016 03:00:00 PM,131,12,11,31,77
04/18/2016 04:00:00 PM,178,1,7,67,103
04/18/2016 05:00:00 PM,267,2,3,128,134
04/18/2016 06:00:00 PM,238,9,8,86,135
04/18/2016 07:00:00 PM,190,27,26,77,60
04/18/2016 08:00:00 PM,99,17,10,40,32
04/18/2016 09:00:00 PM,26,3,0,11,12
04/18/2016 10:00:00 PM,11,0,1,5,5
04/18/2016 11:00:00 PM,2,0,0,1,1
04/19/2016 12:00:00 AM,2,0,0,0,2
04/19/2016 01:00:00 AM,0,0,0,0,0
04/19/2016 02:00:00 AM,1,0,0,0,1
04/19/2016 03:00:00 AM,0,0,0,0,0
04/19/2016 04:00:00 AM,2,0,0,2,0
04/19/2016 05:00:00 AM,20,0,1,15,4
04/19/2016 06:00:00 AM,83,11,14,51,7
04/19/2016 07:00:00 AM,185,14,14,110,47
04/19/2016 08:00:00 AM,177,14,12,107,44
04/19/2016 09:00:00 AM,138,13,18,61,46
04/19/2016 10:00:00 AM,131,15,16,57,43
04/19/2016 11:00:00 AM,129,17,22,49,41
04/19/2016 12:00:00 PM,130,27,10,41,52
04/19/2016 01:00:00 PM,102,10,12,38,42
04/19/2016 02:00:00 PM,143,10,7,53,73
04/19/2016 03:00:00 PM,116,12,6,43,55
04/19/2016 04:00:00 PM,203,4,6,74,119
04/19/2016 05:00:00 PM,282,9,11,110,152
04/19/2016 06:00:00 PM,256,17,5,95,139
04/19/2016 07:00:00 PM,166,11,11,85,59
04/19/2016 08:00:00 PM,69,5,5,38,21
04/19/2016 09:00:00 PM,18,1,2,10,5
04/19/2016 10:00:00 PM,7,2,0,1,4
04/19/2016 11:00:00 PM,3,1,1,0,1
04/20/2016 12:00:00 AM,2,0,0,0,2
04/20/2016 01:00:00 AM,3,0,0,1,2
04/20/2016 02:00:00 AM,1,0,0,1,0
04/20/2016 03:00:00 AM,1,0,0,0,1
04/20/2016 04:00:00 AM,4,0,0,2,2
04/20/2016 05:00:00 AM,25,2,2,17,4
04/20/2016 06:00:00 AM,68,5,4,46,13
04/20/2016 07:00:00 AM,139,10,8,92,29
04/20/2016 08:00:00 AM,151,15,19,84,33
04/20/2016 09:00:00 AM,133,15,13,68,37
04/20/2016 10:00:00 AM,111,20,20,27,44
04/20/2016 11:00:00 AM,107,10,13,46,38
04/20/2016 12:00:00 PM,98,16,14,33,35
04/20/2016 01:00:00 PM,129,31,8,46,44
04/20/2016 02:00:00 PM,126,11,7,57,51
04/20/2016 03:00:00 PM,117,8,6,41,62
04/20/2016 04:00:00 PM,185,4,6,71,104
04/20/2016 05:00:00 PM,294,8,17,112,157
04/20/2016 06:00:00 PM,216,12,13,83,108
04/20/2016 07:00:00 PM,144,0,15,61,68
04/20/2016 08:00:00 PM,77,11,6,35,25
04/20/2016 09:00:00 PM,21,0,2,9,10
04/20/2016 10:00:00 PM,11,0,0,6,5
04/20/2016 11:00:00 PM,2,0,0,1,1
04/21/2016 12:00:00 AM,1,0,0,0,1
04/21/2016 01:00:00 AM,2,0,0,0,2
04/21/2016 02:00:00 AM,0,0,0,0,0
04/21/2016 03:00:00 AM,0,0,0,0,0
04/21/2016 04:00:00 AM,1,0,0,1,0
04/21/2016 05:00:00 AM,18,4,3,9,2
04/21/2016 06:00:00 AM,46,0,5,29,12
04/21/2016 07:00:00 AM,134,0,9,94,31
04/21/2016 08:00:00 AM,154,11,7,99,37
04/21/2016 09:00:00 AM,128,13,15,55,45
04/21/2016 10:00:00 AM,111,14,25,38,34
04/21/2016 11:00:00 AM,84,16,8,33,27
04/21/2016 12:00:00 PM,81,0,12,35,34
04/21/2016 01:00:00 PM,96,18,16,37,25
04/21/2016 02:00:00 PM,88,10,8,39,31
04/21/2016 03:00:00 PM,129,11,10,35,73
04/21/2016 04:00:00 PM,175,16,13,52,94
04/21/2016 05:00:00 PM,285,14,12,91,168
04/21/2016 06:00:00 PM,235,23,20,79,113
04/21/2016 07:00:00 PM,122,9,14,49,50
04/21/2016 08:00:00 PM,50,9,5,21,15
04/21/2016 09:00:00 PM,17,0,2,7,8
04/21/2016 10:00:00 PM,12,1,2,4,5
04/21/2016 11:00:00 PM,4,1,0,1,2
04/22/2016 12:00:00 AM,1,0,0,0,1
04/22/2016 01:00:00 AM,0,0,0,0,0
04/22/2016 02:00:00 AM,0,0,0,0,0
04/22/2016 03:00:00 AM,1,0,0,1,0
04/22/2016 04:00:00 AM,4,1,1,2,0
04/22/2016 05:00:00 AM,14,0,1,11,2
04/22/2016 06:00:00 AM,38,1,6,22,9
04/22/2016 07:00:00 AM,127,22,10,71,24
04/22/2016 08:00:00 AM,109,16,17,50,26
04/22/2016 09:00:00 AM,85,10,11,39,25
04/22/2016 10:00:00 AM,70,0,12,29,29
04/22/2016 11:00:00 AM,100,25,20,28,27
04/22/2016 12:00:00 PM,49,11,7,12,19
04/22/2016 01:00:00 PM,51,3,6,22,20
04/22/2016 02:00:00 PM,53,12,10,18,13
04/22/2016 03:00:00 PM,48,8,7,10,23
04/22/2016 04:00:00 PM,65,0,12,14,39
04/22/2016 05:00:00 PM,97,10,9,13,65
04/22/2016 06:00:00 PM,91,10,15,24,42
04/22/2016 07:00:00 PM,44,9,8,11,16
04/22/2016 08:00:00 PM,12,3,2,1,6
04/22/2016 09:00:00 PM,9,1,1,3,4
04/22/2016 10:00:00 PM,5,1,1,1,2
04/22/2016 11:00:00 PM,5,0,0,2,3
04/23/2016 12:00:00 AM,0,0,0,0,0
04/23/2016 01:00:00 AM,0,0,0,0,0
04/23/2016 02:00:00 AM,0,0,0,0,0
04/23/2016 03:00:00 AM,0,0,0,0,0
04/23/2016 04:00:00 AM,1,0,0,1,0
04/23/2016 05:00:00 AM,2,0,1,0,1
04/23/2016 06:00:00 AM,18,1,2,6,9
04/23/2016 07:00:00 AM,60,0,14,19,27
04/23/2016 08:00:00 AM,145,19,25,37,64
04/23/2016 09:00:00 AM,154,0,31,53,70
04/23/2016 10:00:00 AM,236,0,34,89,113
04/23/2016 11:00:00 AM,275,31,44,84,116
04/23/2016 12:00:00 PM,267,27,28,110,102
04/23/2016 01:00:00 PM,224,30,21,81,92
04/23/2016 02:00:00 PM,264,31,31,111,91
04/23/2016 03:00:00 PM,255,25,22,92,116
04/23/2016 04:00:00 PM,184,21,23,82,58
04/23/2016 05:00:00 PM,136,33,17,52,34
04/23/2016 06:00:00 PM,73,11,9,31,22
04/23/2016 07:00:00 PM,40,7,5,18,10
04/23/2016 08:00:00 PM,20,4,2,11,3
04/23/2016 09:00:00 PM,10,2,1,4,3
04/23/2016 10:00:00 PM,0,0,0,0,0
04/23/2016 11:00:00 PM,3,1,1,1,0
04/24/2016 12:00:00 AM,3,1,1,0,1
04/24/2016 01:00:00 AM,1,0,0,0,1
04/24/2016 02:00:00 AM,1,0,0,0,1
04/24/2016 03:00:00 AM,0,0,0,0,0
04/24/2016 04:00:00 AM,1,0,0,1,0
04/24/2016 05:00:00 AM,0,0,0,0,0
04/24/2016 06:00:00 AM,13,3,6,1,3
04/24/2016 07:00:00 AM,48,8,8,6,26
04/24/2016 08:00:00 AM,63,0,14,29,20
04/24/2016 09:00:00 AM,28,6,3,10,9
04/24/2016 10:00:00 AM,31,8,8,6,9
04/24/2016 11:00:00 AM,48,11,10,9,18
04/24/2016 12:00:00 PM,37,10,13,5,9
04/24/2016 01:00:00 PM,45,16,14,8,7
04/24/2016 02:00:00 PM,69,22,15,19,13
04/24/2016 03:00:00 PM,63,10,13,19,21
04/24/2016 04:00:00 PM,92,18,22,26,26
04/24/2016 05:00:00 PM,57,16,8,24,9
04/24/2016 06:00:00 PM,33,7,8,13,5
04/24/2016 07:00:00 PM,28,12,10,4,2
04/24/2016 08:00:00 PM,11,5,2,2,2
04/24/2016 09:00:00 PM,1,0,1,0,0
04/24/2016 10:00:00 PM,6,3,3,0,0
04/24/2016 11:00:00 PM,0,0,0,0,0
04/25/2016 12:00:00 AM,0,0,0,0,0
04/25/2016 01:00:00 AM,0,0,0,0,0
04/25/2016 02:00:00 AM,0,0,0,0,0
04/25/2016 03:00:00 AM,0,0,0,0,0
04/25/2016 04:00:00 AM,4,0,0,4,0
04/25/2016 05:00:00 AM,14,0,2,10,2
04/25/2016 06:00:00 AM,39,6,6,19,8
04/25/2016 07:00:00 AM,71,12,8,39,12
04/25/2016 08:00:00 AM,70,0,6,50,14
04/25/2016 09:00:00 AM,46,4,7,21,14
04/25/2016 10:00:00 AM,62,14,9,17,22
04/25/2016 11:00:00 AM,50,10,10,19,11
04/25/2016 12:00:00 PM,106,44,36,15,11
04/25/2016 01:00:00 PM,88,27,20,15,26
04/25/2016 02:00:00 PM,74,16,10,26,22
04/25/2016 03:00:00 PM,90,16,13,24,37
04/25/2016 04:00:00 PM,145,20,21,41,63
04/25/2016 05:00:00 PM,222,21,27,61,113
04/25/2016 06:00:00 PM,166,23,21,39,83
04/25/2016 07:00:00 PM,103,22,15,36,30
04/25/2016 08:00:00 PM,26,0,7,14,5
04/25/2016 09:00:00 PM,11,3,1,3,4
04/25/2016 10:00:00 PM,1,0,0,0,1
04/25/2016 11:00:00 PM,2,0,1,0,1
04/26/2016 12:00:00 AM,2,1,0,0,1
04/26/2016 01:00:00 AM,1,0,0,0,1
04/26/2016 02:00:00 AM,1,0,0,0,1
04/26/2016 03:00:00 AM,0,0,0,0,0
04/26/2016 04:00:00 AM,6,0,0,5,1
04/26/2016 05:00:00 AM,25,2,3,16,4
04/26/2016 06:00:00 AM,54,0,8,36,10
04/26/2016 07:00:00 AM,66,0,4,49,13
04/26/2016 08:00:00 AM,144,17,14,76,37
04/26/2016 09:00:00 AM,100,17,15,39,29
04/26/2016 10:00:00 AM,89,15,11,34,29
04/26/2016 11:00:00 AM,95,18,20,31,26
04/26/2016 12:00:00 PM,90,16,15,25,34
04/26/2016 01:00:00 PM,68,10,10,33,15
04/26/2016 02:00:00 PM,86,11,11,31,33
04/26/2016 03:00:00 PM,98,5,11,27,55
04/26/2016 04:00:00 PM,204,19,25,53,107
04/26/2016 05:00:00 PM,266,29,29,65,143
04/26/2016 06:00:00 PM,212,28,14,60,110
04/26/2016 07:00:00 PM,102,7,9,40,46
04/26/2016 08:00:00 PM,52,7,4,15,26
04/26/2016 09:00:00 PM,23,2,3,13,5
04/26/2016 10:00:00 PM,10,2,0,3,5
04/26/2016 11:00:00 PM,3,0,0,0,3
04/27/2016 12:00:00 AM,2,0,0,0,2
04/27/2016 01:00:00 AM,3,0,0,1,2
04/27/2016 02:00:00 AM,1,0,0,0,1
04/27/2016 03:00:00 AM,2,0,0,2,0
04/27/2016 04:00:00 AM,2,0,0,2,0
04/27/2016 05:00:00 AM,0,0,0,0,0
04/27/2016 06:00:00 AM,66,6,8,42,10
04/27/2016 07:00:00 AM,128,15,7,84,22
04/27/2016 08:00:00 AM,147,16,17,85,29
04/27/2016 09:00:00 AM,82,6,15,41,20
04/27/2016 10:00:00 AM,72,14,11,27,20
04/27/2016 11:00:00 AM,64,10,13,23,18
04/27/2016 12:00:00 PM,60,14,11,11,24
04/27/2016 01:00:00 PM,57,9,8,18,22
04/27/2016 02:00:00 PM,71,10,12,21,28
04/27/2016 03:00:00 PM,85,6,5,32,42
04/27/2016 04:00:00 PM,184,23,22,46,93
04/27/2016 05:00:00 PM,216,14,26,52,124
04/27/2016 06:00:00 PM,158,24,22,39,73
04/27/2016 07:00:00 PM,90,7,12,30,41
04/27/2016 08:00:00 PM,35,4,2,8,21
04/27/2016 09:00:00 PM,9,0,1,4,4
04/27/2016 10:00:00 PM,12,1,1,5,5
04/27/2016 11:00:00 PM,6,0,0,1,5
04/28/2016 12:00:00 AM,3,0,0,0,3
04/28/2016 01:00:00 AM,0,0,0,0,0
04/28/2016 02:00:00 AM,0,0,0,0,0
04/28/2016 03:00:00 AM,0,0,0,0,0
04/28/2016 04:00:00 AM,2,0,0,2,0
04/28/2016 05:00:00 AM,14,0,3,9,2
04/28/2016 06:00:00 AM,57,5,6,38,8
04/28/2016 07:00:00 AM,138,18,9,75,36
04/28/2016 08:00:00 AM,132,12,13,67,40
04/28/2016 09:00:00 AM,92,11,10,41,30
04/28/2016 10:00:00 AM,75,12,11,23,29
04/28/2016 11:00:00 AM,72,8,12,27,25
04/28/2016 12:00:00 PM,93,29,18,23,23
04/28/2016 01:00:00 PM,71,0,9,34,28
04/28/2016 02:00:00 PM,95,11,8,31,45
04/28/2016 03:00:00 PM,121,19,16,35,51
04/28/2016 04:00:00 PM,167,17,24,36,90
04/28/2016 05:00:00 PM,271,24,22,75,150
04/28/2016 06:00:00 PM,148,0,17,38,93
04/28/2016 07:00:00 PM,113,22,23,32,36
04/28/2016 08:00:00 PM,31,2,2,13,14
04/28/2016 09:00:00 PM,16,2,1,7,6
04/28/2016 10:00:00 PM,5,0,2,0,3
04/28/2016 11:00:00 PM,2,0,0,0,2
04/29/2016 12:00:00 AM,5,0,0,1,4
04/29/2016 01:00:00 AM,1,0,0,0,1
04/29/2016 02:00:00 AM,0,0,0,0,0
04/29/2016 03:00:00 AM,0,0,0,0,0
04/29/2016 04:00:00 AM,2,0,0,1,1
04/29/2016 05:00:00 AM,11,0,1,7,3
04/29/2016 06:00:00 AM,34,2,2,22,8
04/29/2016 07:00:00 AM,75,11,11,41,12
04/29/2016 08:00:00 AM,70,15,4,40,11
04/29/2016 09:00:00 AM,49,0,15,21,13
04/29/2016 10:00:00 AM,32,8,9,11,4
04/29/2016 11:00:00 AM,19,0,7,3,9
04/29/2016 12:00:00 PM,40,0,8,14,18
04/29/2016 01:00:00 PM,49,0,11,18,20
04/29/2016 02:00:00 PM,50,8,9,16,17
04/29/2016 03:00:00 PM,89,14,16,24,35
04/29/2016 04:00:00 PM,101,8,18,21,54
04/29/2016 05:00:00 PM,142,19,19,30,74
04/29/2016 06:00:00 PM,103,14,13,28,48
04/29/2016 07:00:00 PM,74,9,16,16,33
04/29/2016 08:00:00 PM,27,9,4,6,8
04/29/2016 09:00:00 PM,12,3,0,3,6
04/29/2016 10:00:00 PM,9,0,0,6,3
04/29/2016 11:00:00 PM,3,0,0,0,3
04/30/2016 12:00:00 AM,8,3,3,0,2
04/30/2016 01:00:00 AM,0,0,0,0,0
04/30/2016 02:00:00 AM,0,0,0,0,0
04/30/2016 03:00:00 AM,0,0,0,0,0
04/30/2016 04:00:00 AM,0,0,0,0,0
04/30/2016 05:00:00 AM,7,2,3,2,0
04/30/2016 06:00:00 AM,26,3,5,9,9
04/30/2016 07:00:00 AM,73,9,10,24,30
04/30/2016 08:00:00 AM,171,20,20,55,76
04/30/2016 09:00:00 AM,223,42,40,49,92
04/30/2016 10:00:00 AM,312,41,41,88,142
04/30/2016 11:00:00 AM,327,45,30,102,150
04/30/2016 12:00:00 PM,289,0,22,104,163
04/30/2016 01:00:00 PM,302,30,28,107,137
04/30/2016 02:00:00 PM,252,0,22,115,115
04/30/2016 03:00:00 PM,299,26,14,138,121
04/30/2016 04:00:00 PM,280,19,25,119,117
04/30/2016 05:00:00 PM,264,37,17,138,72
04/30/2016 06:00:00 PM,176,18,14,87,57
04/30/2016 07:00:00 PM,90,7,7,38,38
04/30/2016 08:00:00 PM,53,10,6,19,18
04/30/2016 09:00:00 PM,10,3,1,5,1
04/30/2016 10:00:00 PM,5,0,0,2,3
04/30/2016 11:00:00 PM,2,0,0,0,2
