Date,Elliott Bay Trail in Myrtle Edwards Park Total,Ped North,Ped South,Bike North,Bike South
04/01/2014 12:00:00 AM,4,1,1,1,1
04/01/2014 01:00:00 AM,5,0,1,3,1
04/01/2014 02:00:00 AM,5,1,0,3,1
04/01/2014 03:00:00 AM,7,0,7,0,0
04/01/2014 04:00:00 AM,8,1,5,0,2
04/01/2014 05:00:00 AM,32,7,2,7,16
04/01/2014 06:00:00 AM,114,46,34,15,19
04/01/2014 07:00:00 AM,322,72,86,27,137
04/01/2014 08:00:00 AM,259,47,53,26,133
04/01/2014 09:00:00 AM,153,37,49,21,46
04/01/2014 10:00:00 AM,85,19,39,7,20
04/01/2014 11:00:00 AM,134,68,44,10,12
04/01/2014 12:00:00 PM,299,132,138,13,16
04/01/2014 01:00:00 PM,204,73,89,21,21
04/01/2014 02:00:00 PM,241,85,75,46,35
04/01/2014 03:00:00 PM,373,127,90,121,35
04/01/2014 04:00:00 PM,563,162,131,200,70
04/01/2014 05:00:00 PM,588,206,166,143,73
04/01/2014 06:00:00 PM,383,123,171,55,34
04/01/2014 07:00:00 PM,96,30,38,21,7
04/01/2014 08:00:00 PM,25,5,7,8,5
04/01/2014 09:00:00 PM,16,1,5,8,2
04/01/2014 10:00:00 PM,17,5,2,8,2
04/01/2014 11:00:00 PM,7,1,3,3,0
04/02/2014 12:00:00 AM,5,3,0,1,1
04/02/2014 01:00:00 AM,4,0,2,1,1
04/02/2014 02:00:00 AM,0,0,0,0,0
04/02/2014 03:00:00 AM,2,2,0,0,0
04/02/2014 04:00:00 AM,39,10,7,9,13
04/02/2014 05:00:00 AM,96,33,22,13,28
04/02/2014 06:00:00 AM,228,47,56,37,88
04/02/2014 07:00:00 AM,243,47,44,35,117
04/02/2014 08:00:00 AM,151,36,45,8,62
04/02/2014 09:00:00 AM,96,28,31,14,23
04/02/2014 10:00:00 AM,133,71,43,8,11
04/02/2014 11:00:00 AM,300,143,133,9,15
04/02/2014 12:00:00 PM,207,86,91,16,14
04/02/2014 01:00:00 PM,211,90,71,25,25
04/02/2014 02:00:00 PM,249,120,60,36,33
04/02/2014 03:00:00 PM,349,108,106,92,43
04/02/2014 04:00:00 PM,544,153,135,187,69
04/02/2014 05:00:00 PM,481,165,146,112,58
04/02/2014 06:00:00 PM,305,114,123,45,23
04/02/2014 07:00:00 PM,91,17,39,20,15
04/02/2014 08:00:00 PM,16,3,5,6,2
04/02/2014 09:00:00 PM,20,5,4,10,1
04/02/2014 10:00:00 PM,11,2,3,3,3
04/02/2014 11:00:00 PM,2,1,0,1,0
04/03/2014 12:00:00 AM,3,0,1,1,1
04/03/2014 01:00:00 AM,5,2,1,2,0
04/03/2014 02:00:00 AM,0,0,0,0,0
04/03/2014 03:00:00 AM,4,1,1,1,1
04/03/2014 04:00:00 AM,30,6,2,9,13
04/03/2014 05:00:00 AM,84,30,22,9,23
04/03/2014 06:00:00 AM,233,55,57,42,79
04/03/2014 07:00:00 AM,212,49,48,19,96
04/03/2014 08:00:00 AM,165,32,47,18,68
04/03/2014 09:00:00 AM,104,33,30,24,17
04/03/2014 10:00:00 AM,162,77,60,14,11
04/03/2014 11:00:00 AM,295,141,137,8,9
04/03/2014 12:00:00 PM,195,69,97,12,17
04/03/2014 01:00:00 PM,79,26,29,14,10
04/03/2014 02:00:00 PM,60,12,21,16,11
04/03/2014 03:00:00 PM,114,23,25,38,28
04/03/2014 04:00:00 PM,219,53,23,115,28
04/03/2014 05:00:00 PM,152,43,30,65,14
04/03/2014 06:00:00 PM,90,25,38,25,2
04/03/2014 07:00:00 PM,30,10,11,8,1
04/03/2014 08:00:00 PM,16,6,4,4,2
04/03/2014 09:00:00 PM,13,4,3,5,1
04/03/2014 10:00:00 PM,3,2,1,0,0
04/03/2014 11:00:00 PM,3,1,1,0,1
04/04/2014 12:00:00 AM,2,0,2,0,0
04/04/2014 01:00:00 AM,6,1,1,3,1
04/04/2014 02:00:00 AM,2,2,0,0,0
04/04/2014 03:00:00 AM,6,3,3,0,0
04/04/2014 04:00:00 AM,27,3,4,9,11
04/04/2014 05:00:00 AM,73,26,22,9,16
04/04/2014 06:00:00 AM,192,60,52,18,62
04/04/2014 07:00:00 AM,231,56,63,20,92
04/04/2014 08:00:00 AM,137,38,48,12,39
04/04/2014 09:00:00 AM,145,62,54,9,20
04/04/2014 10:00:00 AM,153,75,63,4,11
04/04/2014 11:00:00 AM,287,117,145,13,12
04/04/2014 12:00:00 PM,242,114,98,17,13
04/04/2014 01:00:00 PM,190,70,76,25,19
04/04/2014 02:00:00 PM,262,102,89,44,27
04/04/2014 03:00:00 PM,283,93,94,66,30
04/04/2014 04:00:00 PM,374,108,98,120,48
04/04/2014 05:00:00 PM,297,92,104,75,26
04/04/2014 06:00:00 PM,190,68,79,23,20
04/04/2014 07:00:00 PM,53,16,22,6,9
04/04/2014 08:00:00 PM,12,4,2,2,4
04/04/2014 09:00:00 PM,16,3,6,7,0
04/04/2014 10:00:00 PM,4,0,1,3,0
04/04/2014 11:00:00 PM,2,0,0,1,1
04/05/2014 12:00:00 AM,10,2,4,2,2
04/05/2014 01:00:00 AM,5,0,0,0,5
04/05/2014 02:00:00 AM,1,0,0,1,0
04/05/2014 03:00:00 AM,0,0,0,0,0
04/05/2014 04:00:00 AM,1,0,0,1,0
04/05/2014 05:00:00 AM,17,8,1,2,6
04/05/2014 06:00:00 AM,79,31,31,6,11
04/05/2014 07:00:00 AM,156,81,55,9,11
04/05/2014 08:00:00 AM,230,98,89,27,16
04/05/2014 09:00:00 AM,240,98,99,19,24
04/05/2014 10:00:00 AM,202,75,94,12,21
04/05/2014 11:00:00 AM,140,35,65,23,17
04/05/2014 12:00:00 PM,103,42,37,8,16
04/05/2014 01:00:00 PM,109,41,53,12,3
04/05/2014 02:00:00 PM,81,34,42,4,1
04/05/2014 03:00:00 PM,80,26,35,12,7
04/05/2014 04:00:00 PM,55,19,27,5,4
04/05/2014 05:00:00 PM,55,18,26,8,3
04/05/2014 06:00:00 PM,73,28,33,7,5
04/05/2014 07:00:00 PM,22,9,8,1,4
04/05/2014 08:00:00 PM,4,0,3,1,0
04/05/2014 09:00:00 PM,5,1,1,2,1
04/05/2014 10:00:00 PM,6,2,1,2,1
04/05/2014 11:00:00 PM,2,1,1,0,0
04/06/2014 12:00:00 AM,2,0,0,1,1
04/06/2014 01:00:00 AM,2,0,0,2,0
04/06/2014 02:00:00 AM,2,1,1,0,0
04/06/2014 03:00:00 AM,4,0,1,1,2
04/06/2014 04:00:00 AM,9,1,3,2,3
04/06/2014 05:00:00 AM,18,10,4,1,3
04/06/2014 06:00:00 AM,51,25,19,5,2
04/06/2014 07:00:00 AM,97,41,35,8,13
04/06/2014 08:00:00 AM,147,62,59,11,15
04/06/2014 09:00:00 AM,151,53,69,18,11
04/06/2014 10:00:00 AM,254,91,98,36,29
04/06/2014 11:00:00 AM,263,90,104,41,28
04/06/2014 12:00:00 PM,305,111,103,43,48
04/06/2014 01:00:00 PM,281,88,89,65,39
04/06/2014 02:00:00 PM,280,110,97,37,36
04/06/2014 03:00:00 PM,281,87,127,41,26
04/06/2014 04:00:00 PM,221,68,101,26,26
04/06/2014 05:00:00 PM,186,70,80,28,8
04/06/2014 06:00:00 PM,122,37,54,7,24
04/06/2014 07:00:00 PM,53,20,24,7,2
04/06/2014 08:00:00 PM,7,3,1,3,0
04/06/2014 09:00:00 PM,7,0,3,2,2
04/06/2014 10:00:00 PM,7,3,1,3,0
04/06/2014 11:00:00 PM,4,0,3,1,0
04/07/2014 12:00:00 AM,4,1,1,1,1
04/07/2014 01:00:00 AM,1,0,0,0,1
04/07/2014 02:00:00 AM,3,0,1,1,1
04/07/2014 03:00:00 AM,3,1,1,1,0
04/07/2014 04:00:00 AM,42,4,4,16,18
04/07/2014 05:00:00 AM,85,26,20,12,27
04/07/2014 06:00:00 AM,241,44,45,41,111
04/07/2014 07:00:00 AM,265,43,45,38,139
04/07/2014 08:00:00 AM,169,37,53,15,64
04/07/2014 09:00:00 AM,166,67,60,12,27
04/07/2014 10:00:00 AM,270,123,97,24,26
04/07/2014 11:00:00 AM,587,255,272,26,34
04/07/2014 12:00:00 PM,454,204,195,34,21
04/07/2014 01:00:00 PM,411,156,162,41,52
04/07/2014 02:00:00 PM,443,186,126,67,64
04/07/2014 03:00:00 PM,578,211,158,127,82
04/07/2014 04:00:00 PM,900,307,218,262,113
04/07/2014 05:00:00 PM,816,309,272,149,86
04/07/2014 06:00:00 PM,536,197,221,57,61
04/07/2014 07:00:00 PM,206,67,97,17,25
04/07/2014 08:00:00 PM,24,4,6,12,2
04/07/2014 09:00:00 PM,18,7,5,3,3
04/07/2014 10:00:00 PM,9,3,2,2,2
04/07/2014 11:00:00 PM,6,0,2,3,1
04/08/2014 12:00:00 AM,3,1,0,0,2
04/08/2014 01:00:00 AM,84,46,37,1,0
04/08/2014 02:00:00 AM,2,1,1,0,0
04/08/2014 03:00:00 AM,5,0,2,2,1
04/08/2014 04:00:00 AM,32,6,4,8,14
04/08/2014 05:00:00 AM,122,45,36,18,23
04/08/2014 06:00:00 AM,255,50,59,52,94
04/08/2014 07:00:00 AM,248,59,44,34,111
04/08/2014 08:00:00 AM,132,30,39,6,57
04/08/2014 09:00:00 AM,97,38,33,7,19
04/08/2014 10:00:00 AM,130,53,60,8,9
04/08/2014 11:00:00 AM,300,147,128,12,13
04/08/2014 12:00:00 PM,225,84,118,13,10
04/08/2014 01:00:00 PM,138,48,47,22,21
04/08/2014 02:00:00 PM,113,32,49,20,12
04/08/2014 03:00:00 PM,113,22,17,49,25
04/08/2014 04:00:00 PM,201,30,31,107,33
04/08/2014 05:00:00 PM,158,40,44,55,19
04/08/2014 06:00:00 PM,83,25,31,19,8
04/08/2014 07:00:00 PM,26,9,8,9,0
04/08/2014 08:00:00 PM,15,7,3,4,1
04/08/2014 09:00:00 PM,13,0,5,7,1
04/08/2014 10:00:00 PM,3,0,2,1,0
04/08/2014 11:00:00 PM,3,0,0,3,0
04/09/2014 12:00:00 AM,4,0,1,2,1
04/09/2014 01:00:00 AM,5,1,1,2,1
04/09/2014 02:00:00 AM,1,0,0,1,0
04/09/2014 03:00:00 AM,3,1,2,0,0
04/09/2014 04:00:00 AM,29,8,3,6,12
04/09/2014 05:00:00 AM,143,51,38,18,36
04/09/2014 06:00:00 AM,262,66,68,39,89
04/09/2014 07:00:00 AM,230,37,50,32,111
04/09/2014 08:00:00 AM,152,40,41,18,53
04/09/2014 09:00:00 AM,134,36,56,12,30
04/09/2014 10:00:00 AM,172,77,56,16,23
04/09/2014 11:00:00 AM,351,145,166,17,23
04/09/2014 12:00:00 PM,231,96,97,16,22
04/09/2014 01:00:00 PM,250,108,97,27,18
04/09/2014 02:00:00 PM,311,132,109,42,28
04/09/2014 03:00:00 PM,398,121,135,92,50
04/09/2014 04:00:00 PM,551,169,134,175,73
04/09/2014 05:00:00 PM,481,152,161,109,59
04/09/2014 06:00:00 PM,337,130,132,53,22
04/09/2014 07:00:00 PM,87,16,42,20,9
04/09/2014 08:00:00 PM,21,7,4,8,2
04/09/2014 09:00:00 PM,13,1,5,6,1
04/09/2014 10:00:00 PM,5,0,1,4,0
04/09/2014 11:00:00 PM,4,1,2,1,0
04/10/2014 12:00:00 AM,3,0,1,1,1
04/10/2014 01:00:00 AM,6,3,2,1,0
04/10/2014 02:00:00 AM,0,0,0,0,0
04/10/2014 03:00:00 AM,3,1,1,1,0
04/10/2014 04:00:00 AM,39,8,6,10,15
04/10/2014 05:00:00 AM,138,54,35,16,33
04/10/2014 06:00:00 AM,264,64,62,42,96
04/10/2014 07:00:00 AM,255,50,61,36,108
04/10/2014 08:00:00 AM,161,48,40,18,55
04/10/2014 09:00:00 AM,142,56,52,15,19
04/10/2014 10:00:00 AM,213,91,95,14,13
04/10/2014 11:00:00 AM,508,248,222,14,24
04/10/2014 12:00:00 PM,314,100,159,23,32
04/10/2014 01:00:00 PM,179,71,66,22,20
04/10/2014 02:00:00 PM,233,92,84,29,28
04/10/2014 03:00:00 PM,331,100,90,93,48
04/10/2014 04:00:00 PM,464,127,103,170,64
04/10/2014 05:00:00 PM,447,147,139,103,58
04/10/2014 06:00:00 PM,346,116,135,61,34
04/10/2014 07:00:00 PM,80,25,36,10,9
04/10/2014 08:00:00 PM,14,4,5,5,0
04/10/2014 09:00:00 PM,14,3,6,2,3
04/10/2014 10:00:00 PM,2,0,0,2,0
04/10/2014 11:00:00 PM,8,1,1,4,2
04/11/2014 12:00:00 AM,2,0,1,1,0
04/11/2014 01:00:00 AM,6,1,1,4,0
04/11/2014 02:00:00 AM,0,0,0,0,0
04/11/2014 03:00:00 AM,2,0,1,1,0
04/11/2014 04:00:00 AM,34,6,2,9,17
04/11/2014 05:00:00 AM,116,39,38,13,26
04/11/2014 06:00:00 AM,231,55,58,35,83
04/11/2014 07:00:00 AM,269,65,70,38,96
04/11/2014 08:00:00 AM,175,54,53,18,50
04/11/2014 09:00:00 AM,139,44,53,24,18
04/11/2014 10:00:00 AM,189,68,74,28,19
04/11/2014 11:00:00 AM,374,169,159,18,28
04/11/2014 12:00:00 PM,280,99,116,42,23
04/11/2014 01:00:00 PM,219,70,83,41,25
04/11/2014 02:00:00 PM,275,119,78,38,40
04/11/2014 03:00:00 PM,443,164,113,104,62
04/11/2014 04:00:00 PM,443,116,123,134,70
04/11/2014 05:00:00 PM,361,111,119,94,37
04/11/2014 06:00:00 PM,230,64,93,39,34
04/11/2014 07:00:00 PM,87,26,41,10,10
04/11/2014 08:00:00 PM,13,2,5,6,0
04/11/2014 09:00:00 PM,29,9,5,13,2
04/11/2014 10:00:00 PM,11,2,5,2,2
04/11/2014 11:00:00 PM,10,1,3,2,4
04/12/2014 12:00:00 AM,6,0,2,1,3
04/12/2014 01:00:00 AM,0,0,0,0,0
04/12/2014 02:00:00 AM,3,1,0,2,0
04/12/2014 03:00:00 AM,4,1,2,1,0
04/12/2014 04:00:00 AM,6,1,1,1,3
04/12/2014 05:00:00 AM,26,9,6,3,8
04/12/2014 06:00:00 AM,99,48,32,6,13
04/12/2014 07:00:00 AM,226,109,86,9,22
04/12/2014 08:00:00 AM,222,99,94,16,13
04/12/2014 09:00:00 AM,281,127,97,29,28
04/12/2014 10:00:00 AM,301,95,136,28,42
04/12/2014 11:00:00 AM,291,93,102,52,44
04/12/2014 12:00:00 PM,312,113,106,43,50
04/12/2014 01:00:00 PM,479,205,135,62,77
04/12/2014 02:00:00 PM,471,213,146,58,54
04/12/2014 03:00:00 PM,555,259,191,56,49
04/12/2014 04:00:00 PM,450,187,175,37,51
04/12/2014 05:00:00 PM,329,129,135,29,36
04/12/2014 06:00:00 PM,261,91,117,27,26
04/12/2014 07:00:00 PM,104,34,47,15,8
04/12/2014 08:00:00 PM,21,3,5,9,4
04/12/2014 09:00:00 PM,17,7,3,7,0
04/12/2014 10:00:00 PM,9,3,1,4,1
04/12/2014 11:00:00 PM,5,1,0,3,1
04/13/2014 12:00:00 AM,4,1,2,1,0
04/13/2014 01:00:00 AM,7,1,2,4,0
04/13/2014 02:00:00 AM,4,0,1,3,0
04/13/2014 03:00:00 AM,2,0,1,1,0
04/13/2014 04:00:00 AM,3,0,0,1,2
04/13/2014 05:00:00 AM,24,11,6,1,6
04/13/2014 06:00:00 AM,92,44,41,3,4
04/13/2014 07:00:00 AM,166,70,67,14,15
04/13/2014 08:00:00 AM,262,103,109,32,18
04/13/2014 09:00:00 AM,412,112,129,89,82
04/13/2014 10:00:00 AM,421,132,169,63,57
04/13/2014 11:00:00 AM,555,182,204,93,76
04/13/2014 12:00:00 PM,574,202,175,108,89
04/13/2014 01:00:00 PM,750,295,244,111,100
04/13/2014 02:00:00 PM,759,293,235,110,121
04/13/2014 03:00:00 PM,727,310,227,92,98
04/13/2014 04:00:00 PM,614,277,198,68,71
04/13/2014 05:00:00 PM,431,179,148,41,63
04/13/2014 06:00:00 PM,311,107,146,29,29
04/13/2014 07:00:00 PM,142,40,73,17,12
04/13/2014 08:00:00 PM,15,5,4,3,3
04/13/2014 09:00:00 PM,12,2,2,6,2
04/13/2014 10:00:00 PM,10,2,3,4,1
04/13/2014 11:00:00 PM,4,1,0,2,1
04/14/2014 12:00:00 AM,3,1,1,1,0
04/14/2014 01:00:00 AM,2,1,0,0,1
04/14/2014 02:00:00 AM,2,0,0,1,1
04/14/2014 03:00:00 AM,3,1,1,1,0
04/14/2014 04:00:00 AM,27,4,1,10,12
04/14/2014 05:00:00 AM,115,32,30,20,33
04/14/2014 06:00:00 AM,267,61,59,44,103
04/14/2014 07:00:00 AM,289,51,57,42,139
04/14/2014 08:00:00 AM,177,52,50,16,59
04/14/2014 09:00:00 AM,168,45,78,20,25
04/14/2014 10:00:00 AM,232,90,93,22,27
04/14/2014 11:00:00 AM,481,239,200,21,21
04/14/2014 12:00:00 PM,335,117,148,30,40
04/14/2014 01:00:00 PM,235,91,96,24,24
04/14/2014 02:00:00 PM,400,214,92,54,40
04/14/2014 03:00:00 PM,545,249,146,89,61
04/14/2014 04:00:00 PM,610,170,141,227,72
04/14/2014 05:00:00 PM,507,178,168,110,51
04/14/2014 06:00:00 PM,290,90,111,59,30
04/14/2014 07:00:00 PM,96,19,52,16,9
04/14/2014 08:00:00 PM,9,3,0,4,2
04/14/2014 09:00:00 PM,5,1,2,1,1
04/14/2014 10:00:00 PM,0,0,0,0,0
04/14/2014 11:00:00 PM,9,2,4,2,1
04/15/2014 12:00:00 AM,7,3,1,2,1
04/15/2014 01:00:00 AM,6,0,2,3,1
04/15/2014 02:00:00 AM,5,0,2,2,1
04/15/2014 03:00:00 AM,3,1,1,0,1
04/15/2014 04:00:00 AM,29,5,3,8,13
04/15/2014 05:00:00 AM,119,47,41,9,22
04/15/2014 06:00:00 AM,275,60,70,53,92
04/15/2014 07:00:00 AM,263,66,70,32,95
04/15/2014 08:00:00 AM,142,37,47,9,49
04/15/2014 09:00:00 AM,173,68,59,15,31
04/15/2014 10:00:00 AM,219,92,88,16,23
04/15/2014 11:00:00 AM,430,204,192,18,16
04/15/2014 12:00:00 PM,281,125,126,16,14
04/15/2014 01:00:00 PM,234,97,83,34,20
04/15/2014 02:00:00 PM,208,98,61,22,27
04/15/2014 03:00:00 PM,240,71,64,60,45
04/15/2014 04:00:00 PM,393,94,96,148,55
04/15/2014 05:00:00 PM,306,100,96,81,29
04/15/2014 06:00:00 PM,225,75,89,42,19
04/15/2014 07:00:00 PM,58,16,28,7,7
04/15/2014 08:00:00 PM,12,2,4,5,1
04/15/2014 09:00:00 PM,10,5,3,2,0
04/15/2014 10:00:00 PM,3,1,1,1,0
04/15/2014 11:00:00 PM,0,0,0,0,0
04/16/2014 12:00:00 AM,2,1,0,1,0
04/16/2014 01:00:00 AM,0,0,0,0,0
04/16/2014 02:00:00 AM,0,0,0,0,0
04/16/2014 03:00:00 AM,3,3,0,0,0
04/16/2014 04:00:00 AM,29,7,5,5,12
04/16/2014 05:00:00 AM,120,48,35,14,23
04/16/2014 06:00:00 AM,177,42,45,29,61
04/16/2014 07:00:00 AM,151,30,40,16,65
04/16/2014 08:00:00 AM,84,15,27,10,32
04/16/2014 09:00:00 AM,58,22,17,6,13
04/16/2014 10:00:00 AM,78,34,31,5,8
04/16/2014 11:00:00 AM,178,87,85,3,3
04/16/2014 12:00:00 PM,102,44,44,5,9
04/16/2014 01:00:00 PM,65,30,25,7,3
04/16/2014 02:00:00 PM,75,15,25,24,11
04/16/2014 03:00:00 PM,114,22,31,37,24
04/16/2014 04:00:00 PM,187,47,21,93,26
04/16/2014 05:00:00 PM,136,37,33,52,14
04/16/2014 06:00:00 PM,78,24,23,25,6
04/16/2014 07:00:00 PM,31,8,11,8,4
04/16/2014 08:00:00 PM,14,3,7,4,0
04/16/2014 09:00:00 PM,3,1,2,0,0
04/16/2014 10:00:00 PM,3,1,2,0,0
04/16/2014 11:00:00 PM,3,0,0,3,0
04/17/2014 12:00:00 AM,1,0,0,1,0
04/17/2014 01:00:00 AM,0,0,0,0,0
04/17/2014 02:00:00 AM,0,0,0,0,0
04/17/2014 03:00:00 AM,2,1,1,0,0
04/17/2014 04:00:00 AM,23,5,2,6,10
04/17/2014 05:00:00 AM,87,35,26,9,17
04/17/2014 06:00:00 AM,177,42,49,32,54
04/17/2014 07:00:00 AM,128,24,41,17,46
04/17/2014 08:00:00 AM,74,20,18,11,25
04/17/2014 09:00:00 AM,48,17,18,7,6
04/17/2014 10:00:00 AM,71,31,30,4,6
04/17/2014 11:00:00 AM,124,56,62,2,4
04/17/2014 12:00:00 PM,79,30,42,6,1
04/17/2014 01:00:00 PM,50,17,19,6,8
04/17/2014 02:00:00 PM,52,17,19,9,7
04/17/2014 03:00:00 PM,82,22,21,17,22
04/17/2014 04:00:00 PM,168,39,34,67,28
04/17/2014 05:00:00 PM,115,29,30,48,8
04/17/2014 06:00:00 PM,58,23,17,14,4
04/17/2014 07:00:00 PM,37,14,15,5,3
04/17/2014 08:00:00 PM,6,3,2,1,0
04/17/2014 09:00:00 PM,8,2,1,3,2
04/17/2014 10:00:00 PM,5,0,2,3,0
04/17/2014 11:00:00 PM,1,0,1,0,0
04/18/2014 12:00:00 AM,0,0,0,0,0
04/18/2014 01:00:00 AM,1,1,0,0,0
04/18/2014 02:00:00 AM,1,1,0,0,0
04/18/2014 03:00:00 AM,3,0,2,1,0
04/18/2014 04:00:00 AM,25,4,2,8,11
04/18/2014 05:00:00 AM,93,35,28,14,16
04/18/2014 06:00:00 AM,217,58,59,38,62
04/18/2014 07:00:00 AM,237,53,67,30,87
04/18/2014 08:00:00 AM,173,50,54,21,48
04/18/2014 09:00:00 AM,153,57,68,13,15
04/18/2014 10:00:00 AM,186,68,85,16,17
04/18/2014 11:00:00 AM,367,160,155,29,23
04/18/2014 12:00:00 PM,265,101,116,27,21
04/18/2014 01:00:00 PM,207,60,81,31,35
04/18/2014 02:00:00 PM,238,92,77,41,28
04/18/2014 03:00:00 PM,346,119,104,67,56
04/18/2014 04:00:00 PM,436,123,133,123,57
04/18/2014 05:00:00 PM,338,112,110,79,37
04/18/2014 06:00:00 PM,228,96,85,26,21
04/18/2014 07:00:00 PM,119,36,52,14,17
04/18/2014 08:00:00 PM,12,6,2,3,1
04/18/2014 09:00:00 PM,23,14,6,2,1
04/18/2014 10:00:00 PM,9,1,4,4,0
04/18/2014 11:00:00 PM,7,1,2,3,1
04/19/2014 12:00:00 AM,2,0,1,1,0
04/19/2014 01:00:00 AM,4,1,1,2,0
04/19/2014 02:00:00 AM,3,0,1,2,0
04/19/2014 03:00:00 AM,1,0,1,0,0
04/19/2014 04:00:00 AM,3,1,1,1,0
04/19/2014 05:00:00 AM,22,11,6,1,4
04/19/2014 06:00:00 AM,73,28,26,8,11
04/19/2014 07:00:00 AM,147,67,49,22,9
04/19/2014 08:00:00 AM,221,81,89,13,38
04/19/2014 09:00:00 AM,291,115,114,27,35
04/19/2014 10:00:00 AM,107,23,60,15,9
04/19/2014 11:00:00 AM,60,10,22,20,8
04/19/2014 12:00:00 PM,27,7,6,8,6
04/19/2014 01:00:00 PM,33,13,10,5,5
04/19/2014 02:00:00 PM,76,31,36,6,3
04/19/2014 03:00:00 PM,60,24,23,8,5
04/19/2014 04:00:00 PM,69,26,32,9,2
04/19/2014 05:00:00 PM,80,34,32,6,8
04/19/2014 06:00:00 PM,80,31,45,2,2
04/19/2014 07:00:00 PM,38,13,19,4,2
04/19/2014 08:00:00 PM,13,2,8,3,0
04/19/2014 09:00:00 PM,3,0,1,0,2
04/19/2014 10:00:00 PM,8,1,1,3,3
04/19/2014 11:00:00 PM,3,1,1,1,0
04/20/2014 12:00:00 AM,5,0,2,1,2
04/20/2014 01:00:00 AM,5,0,0,3,2
04/20/2014 02:00:00 AM,7,1,3,3,0
04/20/2014 03:00:00 AM,4,2,2,0,0
04/20/2014 04:00:00 AM,10,0,2,3,5
04/20/2014 05:00:00 AM,70,37,26,3,4
04/20/2014 06:00:00 AM,65,32,21,6,6
04/20/2014 07:00:00 AM,156,123,0,33,0
04/20/2014 08:00:00 AM,237,195,0,42,0
04/20/2014 09:00:00 AM,274,225,0,49,0
04/20/2014 10:00:00 AM,352,269,0,83,0
04/20/2014 11:00:00 AM,328,216,0,112,0
04/20/2014 12:00:00 PM,368,261,0,107,0
04/20/2014 01:00:00 PM,348,232,0,116,0
04/20/2014 02:00:00 PM,386,267,0,119,0
04/20/2014 03:00:00 PM,319,229,0,90,0
04/20/2014 04:00:00 PM,404,320,0,84,0
04/20/2014 05:00:00 PM,369,306,0,63,0
04/20/2014 06:00:00 PM,240,212,0,28,0
04/20/2014 07:00:00 PM,104,94,0,10,0
04/20/2014 08:00:00 PM,6,4,0,2,0
04/20/2014 09:00:00 PM,10,5,0,5,0
04/20/2014 10:00:00 PM,9,6,0,3,0
04/20/2014 11:00:00 PM,3,0,0,3,0
04/21/2014 12:00:00 AM,0,0,0,0,0
04/21/2014 01:00:00 AM,2,1,0,1,0
04/21/2014 02:00:00 AM,2,1,0,1,0
04/21/2014 03:00:00 AM,1,1,0,0,0
04/21/2014 04:00:00 AM,33,14,0,19,0
04/21/2014 05:00:00 AM,100,60,0,40,0
04/21/2014 06:00:00 AM,209,81,0,128,0
04/21/2014 07:00:00 AM,274,126,0,148,0
04/21/2014 08:00:00 AM,164,87,0,77,0
04/21/2014 09:00:00 AM,112,71,0,41,0
04/21/2014 10:00:00 AM,151,127,0,24,0
04/21/2014 11:00:00 AM,335,312,0,23,0
04/21/2014 12:00:00 PM,226,177,0,49,0
04/21/2014 01:00:00 PM,264,209,0,53,2
04/21/2014 02:00:00 PM,240,171,0,69,0
04/21/2014 03:00:00 PM,333,174,0,159,0
04/21/2014 04:00:00 PM,426,225,0,201,0
04/21/2014 05:00:00 PM,326,201,0,125,0
04/21/2014 06:00:00 PM,126,85,0,41,0
04/21/2014 07:00:00 PM,53,42,0,11,0
04/21/2014 08:00:00 PM,3,0,0,3,0
04/21/2014 09:00:00 PM,7,4,0,3,0
04/21/2014 10:00:00 PM,7,6,0,1,0
04/21/2014 11:00:00 PM,4,1,0,3,0
04/22/2014 12:00:00 AM,1,1,0,0,0
04/22/2014 01:00:00 AM,2,1,0,1,0
04/22/2014 02:00:00 AM,1,1,0,0,0
04/22/2014 03:00:00 AM,1,1,0,0,0
04/22/2014 04:00:00 AM,29,11,0,18,0
04/22/2014 05:00:00 AM,96,71,0,25,0
04/22/2014 06:00:00 AM,139,59,0,80,0
04/22/2014 07:00:00 AM,132,58,0,74,0
04/22/2014 08:00:00 AM,110,65,0,45,0
04/22/2014 09:00:00 AM,90,69,0,21,0
04/22/2014 10:00:00 AM,141,121,0,20,0
04/22/2014 11:00:00 AM,318,309,0,9,0
04/22/2014 12:00:00 PM,233,195,0,38,0
04/22/2014 01:00:00 PM,170,93,0,77,0
04/22/2014 02:00:00 PM,163,122,0,41,0
04/22/2014 03:00:00 PM,260,130,0,130,0
04/22/2014 04:00:00 PM,313,166,0,147,0
04/22/2014 05:00:00 PM,284,179,0,105,0
04/22/2014 06:00:00 PM,153,112,0,41,0
04/22/2014 07:00:00 PM,33,25,0,8,0
04/22/2014 08:00:00 PM,2,0,0,2,0
04/22/2014 09:00:00 PM,5,2,0,3,0
04/22/2014 10:00:00 PM,4,2,0,2,0
04/22/2014 11:00:00 PM,7,6,0,1,0
04/23/2014 12:00:00 AM,2,1,0,1,0
04/23/2014 01:00:00 AM,3,2,0,1,0
04/23/2014 02:00:00 AM,0,0,0,0,0
04/23/2014 03:00:00 AM,1,1,0,0,0
04/23/2014 04:00:00 AM,34,19,0,15,0
04/23/2014 05:00:00 AM,135,97,0,38,0
04/23/2014 06:00:00 AM,228,105,0,123,0
04/23/2014 07:00:00 AM,200,92,0,108,0
04/23/2014 08:00:00 AM,143,94,0,49,0
04/23/2014 09:00:00 AM,142,105,0,37,0
04/23/2014 10:00:00 AM,159,124,0,35,0
04/23/2014 11:00:00 AM,248,229,0,19,0
04/23/2014 12:00:00 PM,165,138,0,27,0
04/23/2014 01:00:00 PM,121,81,0,40,0
04/23/2014 02:00:00 PM,125,96,0,29,0
04/23/2014 03:00:00 PM,186,99,0,87,0
04/23/2014 04:00:00 PM,270,119,0,151,0
04/23/2014 05:00:00 PM,198,107,0,91,0
04/23/2014 06:00:00 PM,100,58,0,42,0
04/23/2014 07:00:00 PM,36,26,0,10,0
04/23/2014 08:00:00 PM,8,4,0,4,0
04/23/2014 09:00:00 PM,7,3,0,4,0
04/23/2014 10:00:00 PM,9,7,0,2,0
04/23/2014 11:00:00 PM,4,3,0,1,0
04/24/2014 12:00:00 AM,3,2,0,1,0
04/24/2014 01:00:00 AM,3,3,0,0,0
04/24/2014 02:00:00 AM,3,3,0,0,0
04/24/2014 03:00:00 AM,3,2,0,1,0
04/24/2014 04:00:00 AM,31,14,0,17,0
04/24/2014 05:00:00 AM,93,62,0,31,0
04/24/2014 06:00:00 AM,157,89,0,68,0
04/24/2014 07:00:00 AM,192,92,0,100,0
04/24/2014 08:00:00 AM,136,83,0,53,0
04/24/2014 09:00:00 AM,119,87,0,32,0
04/24/2014 10:00:00 AM,90,77,0,13,0
04/24/2014 11:00:00 AM,140,136,0,4,0
04/24/2014 12:00:00 PM,78,65,0,13,0
04/24/2014 01:00:00 PM,77,55,0,22,0
04/24/2014 02:00:00 PM,112,79,0,33,0
04/24/2014 03:00:00 PM,150,86,0,64,0
04/24/2014 04:00:00 PM,318,177,1,140,0
04/24/2014 05:00:00 PM,350,227,16,106,1
04/24/2014 06:00:00 PM,222,144,25,42,11
04/24/2014 07:00:00 PM,92,62,6,23,1
04/24/2014 08:00:00 PM,10,3,0,7,0
04/24/2014 09:00:00 PM,6,3,0,3,0
04/24/2014 10:00:00 PM,8,4,0,4,0
04/24/2014 11:00:00 PM,3,2,0,1,0
04/25/2014 12:00:00 AM,7,4,0,3,0
04/25/2014 01:00:00 AM,1,1,0,0,0
04/25/2014 02:00:00 AM,2,2,0,0,0
04/25/2014 03:00:00 AM,3,3,0,0,0
04/25/2014 04:00:00 AM,24,8,0,16,0
04/25/2014 05:00:00 AM,123,82,0,41,0
04/25/2014 06:00:00 AM,235,124,0,111,0
04/25/2014 07:00:00 AM,242,121,0,121,0
04/25/2014 08:00:00 AM,160,99,0,61,0
04/25/2014 09:00:00 AM,157,108,4,45,0
04/25/2014 10:00:00 AM,227,166,26,35,0
04/25/2014 11:00:00 AM,395,242,112,28,13
04/25/2014 12:00:00 PM,249,121,90,21,17
04/25/2014 01:00:00 PM,270,113,82,39,36
04/25/2014 02:00:00 PM,308,141,91,23,53
04/25/2014 03:00:00 PM,413,162,121,39,91
04/25/2014 04:00:00 PM,559,200,147,74,138
04/25/2014 05:00:00 PM,368,119,113,44,92
04/25/2014 06:00:00 PM,205,72,77,25,31
04/25/2014 07:00:00 PM,125,44,36,17,28
04/25/2014 08:00:00 PM,26,5,9,11,1
04/25/2014 09:00:00 PM,18,7,1,6,4
04/25/2014 10:00:00 PM,6,1,3,1,1
04/25/2014 11:00:00 PM,4,3,0,0,1
04/26/2014 12:00:00 AM,6,4,1,1,0
04/26/2014 01:00:00 AM,3,3,0,0,0
04/26/2014 02:00:00 AM,0,0,0,0,0
04/26/2014 03:00:00 AM,3,1,0,2,0
04/26/2014 04:00:00 AM,6,3,0,1,2
04/26/2014 05:00:00 AM,43,32,3,7,1
04/26/2014 06:00:00 AM,113,66,37,4,6
04/26/2014 07:00:00 AM,193,111,53,15,14
04/26/2014 08:00:00 AM,333,150,120,23,40
04/26/2014 09:00:00 AM,295,125,106,23,41
04/26/2014 10:00:00 AM,321,90,121,22,88
04/26/2014 11:00:00 AM,309,73,114,36,86
04/26/2014 12:00:00 PM,268,85,92,21,70
04/26/2014 01:00:00 PM,324,153,86,42,43
04/26/2014 02:00:00 PM,328,99,107,57,65
04/26/2014 03:00:00 PM,371,154,111,46,60
04/26/2014 04:00:00 PM,227,67,88,22,50
04/26/2014 05:00:00 PM,141,55,45,14,27
04/26/2014 06:00:00 PM,65,23,27,6,9
04/26/2014 07:00:00 PM,30,13,11,5,1
04/26/2014 08:00:00 PM,10,7,0,3,0
04/26/2014 09:00:00 PM,7,6,0,1,0
04/26/2014 10:00:00 PM,6,3,0,3,0
04/26/2014 11:00:00 PM,10,10,0,0,0
04/27/2014 12:00:00 AM,6,5,0,1,0
04/27/2014 01:00:00 AM,3,2,0,1,0
04/27/2014 02:00:00 AM,1,1,0,0,0
04/27/2014 03:00:00 AM,1,1,0,0,0
04/27/2014 04:00:00 AM,0,0,0,0,0
04/27/2014 05:00:00 AM,18,12,0,6,0
04/27/2014 06:00:00 AM,48,43,0,5,0
04/27/2014 07:00:00 AM,105,95,0,10,0
04/27/2014 08:00:00 AM,184,157,0,27,0
04/27/2014 09:00:00 AM,199,160,1,38,0
04/27/2014 10:00:00 AM,156,87,30,27,12
04/27/2014 11:00:00 AM,173,61,64,26,22
04/27/2014 12:00:00 PM,172,61,63,14,34
04/27/2014 01:00:00 PM,220,85,91,22,22
04/27/2014 02:00:00 PM,205,100,57,26,22
04/27/2014 03:00:00 PM,219,86,98,12,23
04/27/2014 04:00:00 PM,206,87,86,8,25
04/27/2014 05:00:00 PM,136,40,70,9,17
04/27/2014 06:00:00 PM,84,38,30,7,9
04/27/2014 07:00:00 PM,46,13,16,2,15
04/27/2014 08:00:00 PM,9,4,0,2,3
04/27/2014 09:00:00 PM,10,3,2,1,4
04/27/2014 10:00:00 PM,3,1,0,1,1
04/27/2014 11:00:00 PM,5,0,3,2,0
04/28/2014 12:00:00 AM,3,1,1,1,0
04/28/2014 01:00:00 AM,3,0,1,1,1
04/28/2014 02:00:00 AM,1,1,0,0,0
04/28/2014 03:00:00 AM,3,0,1,0,2
04/28/2014 04:00:00 AM,36,5,8,11,12
04/28/2014 05:00:00 AM,119,54,13,36,16
04/28/2014 06:00:00 AM,238,80,16,132,10
04/28/2014 07:00:00 AM,252,67,40,79,66
04/28/2014 08:00:00 AM,142,41,29,19,53
04/28/2014 09:00:00 AM,115,36,35,12,32
04/28/2014 10:00:00 AM,179,60,78,16,25
04/28/2014 11:00:00 AM,428,194,198,12,24
04/28/2014 12:00:00 PM,257,102,127,9,19
04/28/2014 01:00:00 PM,234,100,88,16,30
04/28/2014 02:00:00 PM,288,116,86,36,50
04/28/2014 03:00:00 PM,405,154,99,78,74
04/28/2014 04:00:00 PM,604,188,131,164,121
04/28/2014 05:00:00 PM,580,197,192,105,86
04/28/2014 06:00:00 PM,411,143,173,30,65
04/28/2014 07:00:00 PM,161,42,82,10,27
04/28/2014 08:00:00 PM,15,2,5,8,0
04/28/2014 09:00:00 PM,13,2,5,2,4
04/28/2014 10:00:00 PM,10,3,3,3,1
04/28/2014 11:00:00 PM,12,4,2,2,4
04/29/2014 12:00:00 AM,1,0,0,0,1
04/29/2014 01:00:00 AM,3,1,1,1,0
04/29/2014 02:00:00 AM,4,1,1,1,1
04/29/2014 03:00:00 AM,2,1,0,0,1
04/29/2014 04:00:00 AM,43,12,5,17,9
04/29/2014 05:00:00 AM,183,53,65,29,36
04/29/2014 06:00:00 AM,322,80,56,125,61
04/29/2014 07:00:00 AM,292,65,46,133,48
04/29/2014 08:00:00 AM,179,45,47,51,36
04/29/2014 09:00:00 AM,141,46,46,15,34
04/29/2014 10:00:00 AM,216,104,91,7,14
04/29/2014 11:00:00 AM,502,221,235,17,29
04/29/2014 12:00:00 PM,395,164,168,29,34
04/29/2014 01:00:00 PM,292,110,110,33,39
04/29/2014 02:00:00 PM,330,128,89,49,64
04/29/2014 03:00:00 PM,490,195,105,105,85
04/29/2014 04:00:00 PM,716,224,159,232,101
04/29/2014 05:00:00 PM,773,269,243,170,91
04/29/2014 06:00:00 PM,553,204,210,71,68
04/29/2014 07:00:00 PM,291,88,134,31,38
04/29/2014 08:00:00 PM,36,4,15,11,6
04/29/2014 09:00:00 PM,13,4,3,2,4
04/29/2014 10:00:00 PM,10,4,1,2,3
04/29/2014 11:00:00 PM,6,1,2,2,1
04/30/2014 12:00:00 AM,0,0,0,0,0
04/30/2014 01:00:00 AM,1,1,0,0,0
04/30/2014 02:00:00 AM,3,0,0,1,2
04/30/2014 03:00:00 AM,4,2,0,2,0
04/30/2014 04:00:00 AM,51,21,12,3,15
04/30/2014 05:00:00 AM,225,59,80,10,76
04/30/2014 06:00:00 AM,345,66,99,23,157
04/30/2014 07:00:00 AM,346,49,87,53,157
04/30/2014 08:00:00 AM,191,49,55,13,74
04/30/2014 09:00:00 AM,236,82,90,18,46
04/30/2014 10:00:00 AM,230,82,92,15,41
04/30/2014 11:00:00 AM,675,314,295,24,42
04/30/2014 12:00:00 PM,441,192,183,35,31
04/30/2014 01:00:00 PM,365,157,116,50,42
04/30/2014 02:00:00 PM,456,219,134,49,54
04/30/2014 03:00:00 PM,590,235,132,143,80
04/30/2014 04:00:00 PM,741,249,130,262,100
04/30/2014 05:00:00 PM,763,317,184,173,89
04/30/2014 06:00:00 PM,533,184,204,74,71
04/30/2014 07:00:00 PM,393,133,163,47,50
04/30/2014 08:00:00 PM,43,10,18,7,8
04/30/2014 09:00:00 PM,14,6,5,3,0
04/30/2014 10:00:00 PM,7,0,2,2,3
04/30/2014 11:00:00 PM,4,2,0,2,0
04/01/2015 12:00:00 AM,0,0,0,0,0
04/01/2015 01:00:00 AM,0,0,0,0,0
04/01/2015 02:00:00 AM,0,0,0,0,0
04/01/2015 03:00:00 AM,0,0,0,0,0
04/01/2015 04:00:00 AM,0,0,0,0,0
04/01/2015 05:00:00 AM,0,0,0,0,0
04/01/2015 06:00:00 AM,0,0,0,0,0
04/01/2015 07:00:00 AM,0,0,0,0,0
04/01/2015 08:00:00 AM,0,0,0,0,0
04/01/2015 09:00:00 AM,0,0,0,0,0
04/01/2015 10:00:00 AM,0,0,0,0,0
04/01/2015 11:00:00 AM,0,0,0,0,0
04/01/2015 12:00:00 PM,0,0,0,0,0
04/01/2015 01:00:00 PM,0,0,0,0,0
04/01/2015 02:00:00 PM,0,0,0,0,0
04/01/2015 03:00:00 PM,0,0,0,0,0
04/01/2015 04:00:00 PM,0,0,0,0,0
04/01/2015 05:00:00 PM,0,0,0,0,0
04/01/2015 06:00:00 PM,0,0,0,0,0
04/01/2015 07:00:00 PM,0,0,0,0,0
04/01/2015 08:00:00 PM,0,0,0,0,0
04/01/2015 09:00:00 PM,0,0,0,0,0
04/01/2015 10:00:00 PM,0,0,0,0,0
04/01/2015 11:00:00 PM,0,0,0,0,0
04/02/2015 12:00:00 AM,0,0,0,0,0
04/02/2015 01:00:00 AM,0,0,0,0,0
04/02/2015 02:00:00 AM,0,0,0,0,0
04/02/2015 03:00:00 AM,0,0,0,0,0
04/02/2015 04:00:00 AM,0,0,0,0,0
04/02/2015 05:00:00 AM,0,0,0,0,0
04/02/2015 06:00:00 AM,0,0,0,0,0
04/02/2015 07:00:00 AM,0,0,0,0,0
04/02/2015 08:00:00 AM,0,0,0,0,0
04/02/2015 09:00:00 AM,0,0,0,0,0
04/02/2015 10:00:00 AM,0,0,0,0,0
04/02/2015 11:00:00 AM,0,0,0,0,0
04/02/2015 12:00:00 PM,0,0,0,0,0
04/02/2015 01:00:00 PM,159,72,64,10,13
04/02/2015 02:00:00 PM,204,79,69,31,25
04/02/2015 03:00:00 PM,213,81,81,26,25
04/02/2015 04:00:00 PM,315,95,97,68,55
04/02/2015 05:00:00 PM,492,156,127,142,67
04/02/2015 06:00:00 PM,483,136,143,143,61
04/02/2015 07:00:00 PM,376,105,143,90,38
04/02/2015 08:00:00 PM,106,31,50,14,11
04/02/2015 09:00:00 PM,21,4,5,11,1
04/02/2015 10:00:00 PM,18,5,4,6,3
04/02/2015 11:00:00 PM,19,3,3,1,12
04/03/2015 12:00:00 AM,12,0,1,1,10
04/03/2015 01:00:00 AM,4,1,0,1,2
04/03/2015 02:00:00 AM,7,0,1,2,4
04/03/2015 03:00:00 AM,0,0,0,0,0
04/03/2015 04:00:00 AM,0,0,0,0,0
04/03/2015 05:00:00 AM,20,5,3,4,8
04/03/2015 06:00:00 AM,74,22,18,18,16
04/03/2015 07:00:00 AM,158,39,35,23,61
04/03/2015 08:00:00 AM,248,50,62,22,114
04/03/2015 09:00:00 AM,200,46,58,15,81
04/03/2015 10:00:00 AM,134,49,64,8,13
04/03/2015 11:00:00 AM,132,40,53,14,25
04/03/2015 12:00:00 PM,164,75,67,12,10
04/03/2015 01:00:00 PM,104,31,52,13,8
04/03/2015 02:00:00 PM,78,20,25,25,8
04/03/2015 03:00:00 PM,121,38,34,28,21
04/03/2015 04:00:00 PM,225,79,63,60,23
04/03/2015 05:00:00 PM,349,113,91,106,39
04/03/2015 06:00:00 PM,344,118,106,79,41
04/03/2015 07:00:00 PM,197,70,83,30,14
04/03/2015 08:00:00 PM,75,23,36,11,5
04/03/2015 09:00:00 PM,13,2,4,6,1
04/03/2015 10:00:00 PM,24,9,8,4,3
04/03/2015 11:00:00 PM,5,0,1,3,1
04/04/2015 12:00:00 AM,9,4,2,2,1
04/04/2015 01:00:00 AM,3,0,1,2,0
04/04/2015 02:00:00 AM,3,1,1,1,0
04/04/2015 03:00:00 AM,0,0,0,0,0
04/04/2015 04:00:00 AM,3,0,3,0,0
04/04/2015 05:00:00 AM,3,1,1,0,1
04/04/2015 06:00:00 AM,8,5,0,1,2
04/04/2015 07:00:00 AM,70,26,16,12,16
04/04/2015 08:00:00 AM,178,69,49,28,32
04/04/2015 09:00:00 AM,219,85,96,13,25
04/04/2015 10:00:00 AM,295,96,115,41,43
04/04/2015 11:00:00 AM,390,135,144,55,56
04/04/2015 12:00:00 PM,350,133,125,42,50
04/04/2015 01:00:00 PM,368,119,124,54,71
04/04/2015 02:00:00 PM,310,114,104,60,32
04/04/2015 03:00:00 PM,343,112,111,61,59
04/04/2015 04:00:00 PM,375,119,135,69,52
04/04/2015 05:00:00 PM,407,137,152,63,55
04/04/2015 06:00:00 PM,369,129,122,52,66
04/04/2015 07:00:00 PM,238,61,106,32,39
04/04/2015 08:00:00 PM,83,29,40,6,8
04/04/2015 09:00:00 PM,37,5,4,27,1
04/04/2015 10:00:00 PM,20,2,2,16,0
04/04/2015 11:00:00 PM,17,7,3,6,1
04/05/2015 12:00:00 AM,4,0,2,1,1
04/05/2015 01:00:00 AM,5,1,3,1,0
04/05/2015 02:00:00 AM,1,0,0,1,0
04/05/2015 03:00:00 AM,3,2,0,1,0
04/05/2015 04:00:00 AM,0,0,0,0,0
04/05/2015 05:00:00 AM,3,0,1,1,1
04/05/2015 06:00:00 AM,28,21,3,1,3
04/05/2015 07:00:00 AM,92,39,45,4,4
04/05/2015 08:00:00 AM,128,57,52,10,9
04/05/2015 09:00:00 AM,235,98,70,37,30
04/05/2015 10:00:00 AM,318,117,130,47,24
04/05/2015 11:00:00 AM,314,111,116,48,39
04/05/2015 12:00:00 PM,337,116,124,61,36
04/05/2015 01:00:00 PM,360,102,119,75,64
04/05/2015 02:00:00 PM,357,117,121,61,58
04/05/2015 03:00:00 PM,453,178,169,60,46
04/05/2015 04:00:00 PM,509,186,200,65,58
04/05/2015 05:00:00 PM,387,141,145,47,54
04/05/2015 06:00:00 PM,321,120,143,29,29
04/05/2015 07:00:00 PM,217,71,100,24,22
04/05/2015 08:00:00 PM,79,18,36,13,12
04/05/2015 09:00:00 PM,11,6,3,1,1
04/05/2015 10:00:00 PM,9,4,2,0,3
04/05/2015 11:00:00 PM,2,1,0,1,0
04/06/2015 12:00:00 AM,2,0,2,0,0
04/06/2015 01:00:00 AM,1,0,0,1,0
04/06/2015 02:00:00 AM,2,0,1,1,0
04/06/2015 03:00:00 AM,1,0,0,1,0
04/06/2015 04:00:00 AM,0,0,0,0,0
04/06/2015 05:00:00 AM,32,6,3,5,18
04/06/2015 06:00:00 AM,70,18,11,17,24
04/06/2015 07:00:00 AM,188,35,44,30,79
04/06/2015 08:00:00 AM,267,45,58,37,127
04/06/2015 09:00:00 AM,188,38,55,21,74
04/06/2015 10:00:00 AM,89,30,37,3,19
04/06/2015 11:00:00 AM,105,29,38,15,23
04/06/2015 12:00:00 PM,260,116,117,7,20
04/06/2015 01:00:00 PM,260,103,98,49,10
04/06/2015 02:00:00 PM,149,43,60,19,27
04/06/2015 03:00:00 PM,210,52,73,30,55
04/06/2015 04:00:00 PM,330,100,70,120,40
04/06/2015 05:00:00 PM,526,160,127,190,49
04/06/2015 06:00:00 PM,541,207,159,131,44
04/06/2015 07:00:00 PM,363,128,156,44,35
04/06/2015 08:00:00 PM,133,42,66,17,8
04/06/2015 09:00:00 PM,12,6,4,2,0
04/06/2015 10:00:00 PM,12,4,3,2,3
04/06/2015 11:00:00 PM,6,1,4,1,0
04/07/2015 12:00:00 AM,3,0,1,0,2
04/07/2015 01:00:00 AM,2,0,0,2,0
04/07/2015 02:00:00 AM,2,0,1,1,0
04/07/2015 03:00:00 AM,3,0,1,2,0
04/07/2015 04:00:00 AM,2,0,1,0,1
04/07/2015 05:00:00 AM,39,10,9,6,14
04/07/2015 06:00:00 AM,115,38,26,20,31
04/07/2015 07:00:00 AM,267,56,79,34,98
04/07/2015 08:00:00 AM,330,66,61,44,159
04/07/2015 09:00:00 AM,159,25,41,17,76
04/07/2015 10:00:00 AM,66,24,23,7,12
04/07/2015 11:00:00 AM,93,36,37,11,9
04/07/2015 12:00:00 PM,197,95,90,8,4
04/07/2015 01:00:00 PM,174,69,82,9,14
04/07/2015 02:00:00 PM,173,51,57,43,22
04/07/2015 03:00:00 PM,230,59,80,36,55
04/07/2015 04:00:00 PM,246,65,90,56,35
04/07/2015 05:00:00 PM,462,132,87,169,74
04/07/2015 06:00:00 PM,434,139,127,118,50
04/07/2015 07:00:00 PM,293,95,115,61,22
04/07/2015 08:00:00 PM,97,27,46,15,9
04/07/2015 09:00:00 PM,18,6,4,7,1
04/07/2015 10:00:00 PM,28,10,5,10,3
04/07/2015 11:00:00 PM,8,3,2,3,0
04/08/2015 12:00:00 AM,7,1,1,5,0
04/08/2015 01:00:00 AM,3,0,0,3,0
04/08/2015 02:00:00 AM,1,0,0,0,1
04/08/2015 03:00:00 AM,0,0,0,0,0
04/08/2015 04:00:00 AM,0,0,0,0,0
04/08/2015 05:00:00 AM,31,6,4,3,18
04/08/2015 06:00:00 AM,109,34,24,20,31
04/08/2015 07:00:00 AM,246,64,68,40,74
04/08/2015 08:00:00 AM,262,51,58,30,123
04/08/2015 09:00:00 AM,185,37,54,15,79
04/08/2015 10:00:00 AM,128,46,46,13,23
04/08/2015 11:00:00 AM,121,44,50,9,18
04/08/2015 12:00:00 PM,417,212,171,18,16
04/08/2015 01:00:00 PM,313,121,135,31,26
04/08/2015 02:00:00 PM,239,80,94,33,32
04/08/2015 03:00:00 PM,262,79,84,50,49
04/08/2015 04:00:00 PM,387,110,117,94,66
04/08/2015 05:00:00 PM,622,178,136,196,112
04/08/2015 06:00:00 PM,523,177,160,124,62
04/08/2015 07:00:00 PM,411,159,161,54,37
04/08/2015 08:00:00 PM,181,48,93,19,21
04/08/2015 09:00:00 PM,28,11,13,3,1
04/08/2015 10:00:00 PM,27,4,4,18,1
04/08/2015 11:00:00 PM,16,3,4,7,2
04/09/2015 12:00:00 AM,5,1,0,2,2
04/09/2015 01:00:00 AM,0,0,0,0,0
04/09/2015 02:00:00 AM,1,0,0,1,0
04/09/2015 03:00:00 AM,1,1,0,0,0
04/09/2015 04:00:00 AM,4,2,2,0,0
04/09/2015 05:00:00 AM,33,7,7,5,14
04/09/2015 06:00:00 AM,121,42,25,24,30
04/09/2015 07:00:00 AM,291,63,83,45,100
04/09/2015 08:00:00 AM,309,45,70,36,158
04/09/2015 09:00:00 AM,198,45,52,21,80
04/09/2015 10:00:00 AM,134,48,47,19,20
04/09/2015 11:00:00 AM,185,68,77,19,21
04/09/2015 12:00:00 PM,423,205,175,27,16
04/09/2015 01:00:00 PM,392,145,185,32,30
04/09/2015 02:00:00 PM,310,117,111,36,46
04/09/2015 03:00:00 PM,317,109,101,56,51
04/09/2015 04:00:00 PM,458,137,155,87,79
04/09/2015 05:00:00 PM,685,225,153,219,88
04/09/2015 06:00:00 PM,638,225,186,159,68
04/09/2015 07:00:00 PM,461,151,182,78,50
04/09/2015 08:00:00 PM,187,63,83,21,20
04/09/2015 09:00:00 PM,26,7,6,9,4
04/09/2015 10:00:00 PM,12,3,2,6,1
04/09/2015 11:00:00 PM,14,1,4,9,0
04/10/2015 12:00:00 AM,8,2,3,2,1
04/10/2015 01:00:00 AM,2,1,0,1,0
04/10/2015 02:00:00 AM,2,1,0,1,0
04/10/2015 03:00:00 AM,0,0,0,0,0
04/10/2015 04:00:00 AM,1,0,0,1,0
04/10/2015 05:00:00 AM,23,5,2,3,13
04/10/2015 06:00:00 AM,76,30,14,16,16
04/10/2015 07:00:00 AM,207,41,55,33,78
04/10/2015 08:00:00 AM,280,52,75,30,123
04/10/2015 09:00:00 AM,182,37,49,19,77
04/10/2015 10:00:00 AM,160,50,72,17,21
04/10/2015 11:00:00 AM,157,59,56,27,15
04/10/2015 12:00:00 PM,237,107,98,12,20
04/10/2015 01:00:00 PM,197,65,90,25,17
04/10/2015 02:00:00 PM,153,50,47,32,24
04/10/2015 03:00:00 PM,137,42,36,35,24
04/10/2015 04:00:00 PM,135,24,20,59,32
04/10/2015 05:00:00 PM,189,25,22,112,30
04/10/2015 06:00:00 PM,114,21,15,66,12
04/10/2015 07:00:00 PM,37,12,7,14,4
04/10/2015 08:00:00 PM,23,4,7,9,3
04/10/2015 09:00:00 PM,6,1,1,4,0
04/10/2015 10:00:00 PM,6,2,1,0,3
04/10/2015 11:00:00 PM,4,0,1,2,1
04/11/2015 12:00:00 AM,4,0,0,3,1
04/11/2015 01:00:00 AM,3,1,0,1,1
04/11/2015 02:00:00 AM,1,0,1,0,0
04/11/2015 03:00:00 AM,1,0,1,0,0
04/11/2015 04:00:00 AM,0,0,0,0,0
04/11/2015 05:00:00 AM,4,1,1,0,2
04/11/2015 06:00:00 AM,24,14,8,1,1
04/11/2015 07:00:00 AM,87,39,28,8,12
04/11/2015 08:00:00 AM,141,56,58,16,11
04/11/2015 09:00:00 AM,203,90,77,14,22
04/11/2015 10:00:00 AM,247,92,104,22,29
04/11/2015 11:00:00 AM,227,83,93,23,28
04/11/2015 12:00:00 PM,264,95,117,26,26
04/11/2015 01:00:00 PM,296,104,119,33,40
04/11/2015 02:00:00 PM,233,65,76,37,55
04/11/2015 03:00:00 PM,195,55,89,22,29
04/11/2015 04:00:00 PM,131,37,63,8,23
04/11/2015 05:00:00 PM,159,79,58,13,9
04/11/2015 06:00:00 PM,178,67,76,19,16
04/11/2015 07:00:00 PM,175,67,80,15,13
04/11/2015 08:00:00 PM,107,33,49,17,8
04/11/2015 09:00:00 PM,10,6,2,1,1
04/11/2015 10:00:00 PM,12,4,6,2,0
04/11/2015 11:00:00 PM,1,0,0,1,0
04/12/2015 12:00:00 AM,2,0,0,2,0
04/12/2015 01:00:00 AM,0,0,0,0,0
04/12/2015 02:00:00 AM,1,0,0,0,1
04/12/2015 03:00:00 AM,2,1,0,1,0
04/12/2015 04:00:00 AM,0,0,0,0,0
04/12/2015 05:00:00 AM,2,0,0,1,1
04/12/2015 06:00:00 AM,11,6,5,0,0
04/12/2015 07:00:00 AM,56,24,19,8,5
04/12/2015 08:00:00 AM,148,56,61,14,17
04/12/2015 09:00:00 AM,234,104,87,25,18
04/12/2015 10:00:00 AM,251,89,114,21,27
04/12/2015 11:00:00 AM,339,120,133,47,39
04/12/2015 12:00:00 PM,326,103,139,42,42
04/12/2015 01:00:00 PM,351,114,127,56,54
04/12/2015 02:00:00 PM,347,108,111,72,56
04/12/2015 03:00:00 PM,283,86,111,44,42
04/12/2015 04:00:00 PM,313,120,112,46,35
04/12/2015 05:00:00 PM,262,82,105,39,36
04/12/2015 06:00:00 PM,153,43,61,29,20
04/12/2015 07:00:00 PM,128,51,58,11,8
04/12/2015 08:00:00 PM,90,26,46,8,10
04/12/2015 09:00:00 PM,10,5,2,0,3
04/12/2015 10:00:00 PM,11,3,1,2,5
04/12/2015 11:00:00 PM,2,1,0,0,1
04/13/2015 12:00:00 AM,0,0,0,0,0
04/13/2015 01:00:00 AM,0,0,0,0,0
04/13/2015 02:00:00 AM,2,0,0,1,1
04/13/2015 03:00:00 AM,1,0,0,1,0
04/13/2015 04:00:00 AM,1,0,0,0,1
04/13/2015 05:00:00 AM,30,9,6,4,11
04/13/2015 06:00:00 AM,84,29,18,15,22
04/13/2015 07:00:00 AM,199,36,57,28,78
04/13/2015 08:00:00 AM,205,28,48,31,98
04/13/2015 09:00:00 AM,139,35,29,23,52
04/13/2015 10:00:00 AM,98,29,38,12,19
04/13/2015 11:00:00 AM,97,34,45,12,6
04/13/2015 12:00:00 PM,209,109,86,10,4
04/13/2015 01:00:00 PM,113,43,58,11,1
04/13/2015 02:00:00 PM,44,10,18,7,9
04/13/2015 03:00:00 PM,70,20,16,16,18
04/13/2015 04:00:00 PM,102,25,11,42,24
04/13/2015 05:00:00 PM,172,24,16,102,30
04/13/2015 06:00:00 PM,113,29,19,55,10
04/13/2015 07:00:00 PM,61,13,16,29,3
04/13/2015 08:00:00 PM,12,5,3,3,1
04/13/2015 09:00:00 PM,2,0,1,1,0
04/13/2015 10:00:00 PM,2,0,0,2,0
04/13/2015 11:00:00 PM,2,0,0,2,0
04/14/2015 12:00:00 AM,1,0,0,1,0
04/14/2015 01:00:00 AM,1,0,0,1,0
04/14/2015 02:00:00 AM,0,0,0,0,0
04/14/2015 03:00:00 AM,0,0,0,0,0
04/14/2015 04:00:00 AM,2,1,0,0,1
04/14/2015 05:00:00 AM,23,4,6,5,8
04/14/2015 06:00:00 AM,93,38,23,11,21
04/14/2015 07:00:00 AM,213,61,66,37,49
04/14/2015 08:00:00 AM,267,54,72,42,99
04/14/2015 09:00:00 AM,161,34,38,23,66
04/14/2015 10:00:00 AM,102,44,36,9,13
04/14/2015 11:00:00 AM,145,64,59,9,13
04/14/2015 12:00:00 PM,369,171,165,20,13
04/14/2015 01:00:00 PM,244,101,119,19,5
04/14/2015 02:00:00 PM,207,83,75,19,30
04/14/2015 03:00:00 PM,144,42,68,20,14
04/14/2015 04:00:00 PM,112,25,19,40,28
04/14/2015 05:00:00 PM,223,50,48,92,33
04/14/2015 06:00:00 PM,211,64,41,87,19
04/14/2015 07:00:00 PM,160,59,57,28,16
04/14/2015 08:00:00 PM,84,29,34,15,6
04/14/2015 09:00:00 PM,7,4,2,0,1
04/14/2015 10:00:00 PM,9,0,3,5,1
04/14/2015 11:00:00 PM,6,3,1,1,1
04/15/2015 12:00:00 AM,6,1,4,1,0
04/15/2015 01:00:00 AM,0,0,0,0,0
04/15/2015 02:00:00 AM,1,0,0,1,0
04/15/2015 03:00:00 AM,0,0,0,0,0
04/15/2015 04:00:00 AM,3,1,1,0,1
04/15/2015 05:00:00 AM,26,5,5,5,11
04/15/2015 06:00:00 AM,112,45,22,21,24
04/15/2015 07:00:00 AM,258,60,81,48,69
04/15/2015 08:00:00 AM,314,46,65,45,158
04/15/2015 09:00:00 AM,176,44,40,31,61
04/15/2015 10:00:00 AM,147,47,65,20,15
04/15/2015 11:00:00 AM,138,52,45,22,19
04/15/2015 12:00:00 PM,398,194,174,17,13
04/15/2015 01:00:00 PM,306,130,138,17,21
04/15/2015 02:00:00 PM,209,72,84,21,32
04/15/2015 03:00:00 PM,288,117,86,45,40
04/15/2015 04:00:00 PM,378,121,116,78,63
04/15/2015 05:00:00 PM,564,158,138,190,78
04/15/2015 06:00:00 PM,567,202,181,122,62
04/15/2015 07:00:00 PM,381,114,137,68,62
04/15/2015 08:00:00 PM,181,59,84,19,19
04/15/2015 09:00:00 PM,18,4,3,9,2
04/15/2015 10:00:00 PM,19,3,4,9,3
04/15/2015 11:00:00 PM,12,2,5,2,3
04/16/2015 12:00:00 AM,4,0,3,1,0
04/16/2015 01:00:00 AM,2,1,0,0,1
04/16/2015 02:00:00 AM,0,0,0,0,0
04/16/2015 03:00:00 AM,0,0,0,0,0
04/16/2015 04:00:00 AM,1,0,0,1,0
04/16/2015 05:00:00 AM,27,7,7,3,10
04/16/2015 06:00:00 AM,99,32,16,20,31
04/16/2015 07:00:00 AM,248,55,69,38,86
04/16/2015 08:00:00 AM,336,42,79,45,170
04/16/2015 09:00:00 AM,216,53,59,32,72
04/16/2015 10:00:00 AM,179,60,63,27,29
04/16/2015 11:00:00 AM,221,89,96,17,19
04/16/2015 12:00:00 PM,404,182,159,28,35
04/16/2015 01:00:00 PM,334,137,144,24,29
04/16/2015 02:00:00 PM,275,103,112,25,35
04/16/2015 03:00:00 PM,318,101,118,49,50
04/16/2015 04:00:00 PM,375,115,99,89,72
04/16/2015 05:00:00 PM,590,176,161,175,78
04/16/2015 06:00:00 PM,609,200,176,161,72
04/16/2015 07:00:00 PM,446,150,165,73,58
04/16/2015 08:00:00 PM,218,65,106,23,24
04/16/2015 09:00:00 PM,22,3,9,5,5
04/16/2015 10:00:00 PM,15,5,4,4,2
04/16/2015 11:00:00 PM,13,3,3,5,2
04/17/2015 12:00:00 AM,8,1,4,2,1
04/17/2015 01:00:00 AM,1,0,0,0,1
04/17/2015 02:00:00 AM,2,0,0,2,0
04/17/2015 03:00:00 AM,4,3,0,1,0
04/17/2015 04:00:00 AM,1,1,0,0,0
04/17/2015 05:00:00 AM,27,7,4,4,12
04/17/2015 06:00:00 AM,100,42,22,19,17
04/17/2015 07:00:00 AM,265,46,75,33,111
04/17/2015 08:00:00 AM,288,61,76,32,119
04/17/2015 09:00:00 AM,200,51,62,18,69
04/17/2015 10:00:00 AM,157,49,62,19,27
04/17/2015 11:00:00 AM,194,70,68,31,25
04/17/2015 12:00:00 PM,394,177,164,24,29
04/17/2015 01:00:00 PM,331,121,134,41,35
04/17/2015 02:00:00 PM,272,99,90,39,44
04/17/2015 03:00:00 PM,334,114,106,64,50
04/17/2015 04:00:00 PM,405,114,130,99,62
04/17/2015 05:00:00 PM,544,131,126,186,101
04/17/2015 06:00:00 PM,389,124,111,111,43
04/17/2015 07:00:00 PM,274,89,110,42,33
04/17/2015 08:00:00 PM,120,33,55,14,18
04/17/2015 09:00:00 PM,40,11,8,14,7
04/17/2015 10:00:00 PM,15,2,4,5,4
04/17/2015 11:00:00 PM,18,4,1,12,1
04/18/2015 12:00:00 AM,6,3,2,1,0
04/18/2015 01:00:00 AM,7,1,3,3,0
04/18/2015 02:00:00 AM,5,2,2,1,0
04/18/2015 03:00:00 AM,2,1,0,1,0
04/18/2015 04:00:00 AM,0,0,0,0,0
04/18/2015 05:00:00 AM,1,0,0,0,1
04/18/2015 06:00:00 AM,26,15,6,2,3
04/18/2015 07:00:00 AM,101,42,36,5,18
04/18/2015 08:00:00 AM,190,97,71,10,12
04/18/2015 09:00:00 AM,289,94,113,42,40
04/18/2015 10:00:00 AM,346,141,122,42,41
04/18/2015 11:00:00 AM,449,122,173,81,73
04/18/2015 12:00:00 PM,450,131,158,87,74
04/18/2015 01:00:00 PM,404,114,136,72,82
04/18/2015 02:00:00 PM,472,143,137,124,68
04/18/2015 03:00:00 PM,557,155,178,111,113
04/18/2015 04:00:00 PM,508,164,184,67,93
04/18/2015 05:00:00 PM,472,147,183,71,71
04/18/2015 06:00:00 PM,352,123,125,55,49
04/18/2015 07:00:00 PM,276,80,110,51,35
04/18/2015 08:00:00 PM,173,42,86,24,21
04/18/2015 09:00:00 PM,27,9,7,9,2
04/18/2015 10:00:00 PM,28,3,1,18,6
04/18/2015 11:00:00 PM,8,0,1,5,2
04/19/2015 12:00:00 AM,9,0,3,6,0
04/19/2015 01:00:00 AM,6,1,2,2,1
04/19/2015 02:00:00 AM,5,1,0,4,0
04/19/2015 03:00:00 AM,3,1,0,2,0
04/19/2015 04:00:00 AM,2,0,1,0,1
04/19/2015 05:00:00 AM,3,2,0,0,1
04/19/2015 06:00:00 AM,38,18,16,1,3
04/19/2015 07:00:00 AM,97,43,38,8,8
04/19/2015 08:00:00 AM,189,93,67,12,17
04/19/2015 09:00:00 AM,319,109,123,46,41
04/19/2015 10:00:00 AM,331,95,123,60,53
04/19/2015 11:00:00 AM,425,124,168,71,62
04/19/2015 12:00:00 PM,413,119,128,86,80
04/19/2015 01:00:00 PM,491,150,161,79,101
04/19/2015 02:00:00 PM,515,168,156,89,102
04/19/2015 03:00:00 PM,602,177,202,139,84
04/19/2015 04:00:00 PM,560,182,206,80,92
04/19/2015 05:00:00 PM,483,177,159,84,63
04/19/2015 06:00:00 PM,439,149,188,52,50
04/19/2015 07:00:00 PM,261,86,117,23,35
04/19/2015 08:00:00 PM,185,50,96,16,23
04/19/2015 09:00:00 PM,22,6,14,1,1
04/19/2015 10:00:00 PM,30,10,15,5,0
04/19/2015 11:00:00 PM,6,1,2,2,1
04/20/2015 12:00:00 AM,7,3,2,0,2
04/20/2015 01:00:00 AM,6,1,1,4,0
04/20/2015 02:00:00 AM,4,0,0,4,0
04/20/2015 03:00:00 AM,4,0,0,3,1
04/20/2015 04:00:00 AM,4,1,2,0,1
04/20/2015 05:00:00 AM,25,9,5,3,8
04/20/2015 06:00:00 AM,129,48,32,22,27
04/20/2015 07:00:00 AM,281,64,75,38,104
04/20/2015 08:00:00 AM,325,48,50,41,186
04/20/2015 09:00:00 AM,253,54,72,34,93
04/20/2015 10:00:00 AM,176,59,51,25,41
04/20/2015 11:00:00 AM,214,83,85,20,26
04/20/2015 12:00:00 PM,500,243,187,41,29
04/20/2015 01:00:00 PM,449,183,196,35,35
04/20/2015 02:00:00 PM,355,131,128,51,45
04/20/2015 03:00:00 PM,342,110,115,59,58
04/20/2015 04:00:00 PM,518,152,149,133,84
04/20/2015 05:00:00 PM,729,196,160,260,113
04/20/2015 06:00:00 PM,829,313,228,211,77
04/20/2015 07:00:00 PM,611,231,209,108,63
04/20/2015 08:00:00 PM,291,76,148,27,40
04/20/2015 09:00:00 PM,38,13,18,2,5
04/20/2015 10:00:00 PM,36,5,9,16,6
04/20/2015 11:00:00 PM,7,1,2,4,0
04/21/2015 12:00:00 AM,6,2,2,2,0
04/21/2015 01:00:00 AM,4,1,2,1,0
04/21/2015 02:00:00 AM,2,2,0,0,0
04/21/2015 03:00:00 AM,5,0,1,2,2
04/21/2015 04:00:00 AM,3,0,2,0,1
04/21/2015 05:00:00 AM,32,8,3,8,13
04/21/2015 06:00:00 AM,203,83,67,20,33
04/21/2015 07:00:00 AM,333,100,103,28,102
04/21/2015 08:00:00 AM,384,81,95,47,161
04/21/2015 09:00:00 AM,273,59,91,28,95
04/21/2015 10:00:00 AM,170,74,54,18,24
04/21/2015 11:00:00 AM,225,79,81,44,21
04/21/2015 12:00:00 PM,364,165,159,17,23
04/21/2015 01:00:00 PM,270,115,120,17,18
04/21/2015 02:00:00 PM,195,68,77,19,31
04/21/2015 03:00:00 PM,198,58,60,48,32
04/21/2015 04:00:00 PM,229,46,54,67,62
04/21/2015 05:00:00 PM,336,72,59,171,34
04/21/2015 06:00:00 PM,243,47,53,123,20
04/21/2015 07:00:00 PM,88,17,25,34,12
04/21/2015 08:00:00 PM,27,10,7,8,2
04/21/2015 09:00:00 PM,12,8,1,3,0
04/21/2015 10:00:00 PM,11,0,3,7,1
04/21/2015 11:00:00 PM,3,0,0,2,1
04/22/2015 12:00:00 AM,2,0,2,0,0
04/22/2015 01:00:00 AM,2,0,0,1,1
04/22/2015 02:00:00 AM,1,0,1,0,0
04/22/2015 03:00:00 AM,1,0,0,1,0
04/22/2015 04:00:00 AM,3,0,2,0,1
04/22/2015 05:00:00 AM,32,10,7,6,9
04/22/2015 06:00:00 AM,164,66,61,12,25
04/22/2015 07:00:00 AM,253,64,81,36,72
04/22/2015 08:00:00 AM,289,52,67,42,128
04/22/2015 09:00:00 AM,193,45,51,28,69
04/22/2015 10:00:00 AM,108,36,37,13,22
04/22/2015 11:00:00 AM,150,69,63,8,10
04/22/2015 12:00:00 PM,339,141,147,27,24
04/22/2015 01:00:00 PM,267,104,129,17,17
04/22/2015 02:00:00 PM,250,107,97,25,21
04/22/2015 03:00:00 PM,235,74,79,43,39
04/22/2015 04:00:00 PM,301,79,90,73,59
04/22/2015 05:00:00 PM,534,151,130,171,82
04/22/2015 06:00:00 PM,506,170,148,120,68
04/22/2015 07:00:00 PM,309,106,117,56,30
04/22/2015 08:00:00 PM,150,48,78,13,11
04/22/2015 09:00:00 PM,28,7,11,7,3
04/22/2015 10:00:00 PM,20,2,4,12,2
04/22/2015 11:00:00 PM,2,0,0,2,0
04/23/2015 12:00:00 AM,5,0,4,0,1
04/23/2015 01:00:00 AM,3,1,1,1,0
04/23/2015 02:00:00 AM,0,0,0,0,0
04/23/2015 03:00:00 AM,1,0,0,1,0
04/23/2015 04:00:00 AM,2,1,1,0,0
04/23/2015 05:00:00 AM,20,4,4,3,9
04/23/2015 06:00:00 AM,108,47,29,14,18
04/23/2015 07:00:00 AM,243,59,82,34,68
04/23/2015 08:00:00 AM,263,39,66,39,119
04/23/2015 09:00:00 AM,171,41,48,18,64
04/23/2015 10:00:00 AM,126,43,57,3,23
04/23/2015 11:00:00 AM,107,40,42,12,13
04/23/2015 12:00:00 PM,211,97,99,10,5
04/23/2015 01:00:00 PM,77,30,38,3,6
04/23/2015 02:00:00 PM,55,18,17,9,11
04/23/2015 03:00:00 PM,65,20,22,14,9
04/23/2015 04:00:00 PM,126,32,23,43,28
04/23/2015 05:00:00 PM,225,42,38,116,29
04/23/2015 06:00:00 PM,240,72,60,94,14
04/23/2015 07:00:00 PM,151,43,61,36,11
04/23/2015 08:00:00 PM,69,28,25,13,3
04/23/2015 09:00:00 PM,24,9,6,4,5
04/23/2015 10:00:00 PM,13,2,2,8,1
04/23/2015 11:00:00 PM,4,0,3,1,0
04/24/2015 12:00:00 AM,1,0,0,1,0
04/24/2015 01:00:00 AM,1,0,0,0,1
04/24/2015 02:00:00 AM,1,1,0,0,0
04/24/2015 03:00:00 AM,1,0,0,1,0
04/24/2015 04:00:00 AM,2,1,1,0,0
04/24/2015 05:00:00 AM,16,3,0,3,10
04/24/2015 06:00:00 AM,82,32,19,10,21
04/24/2015 07:00:00 AM,175,43,60,27,45
04/24/2015 08:00:00 AM,214,33,52,31,98
04/24/2015 09:00:00 AM,147,36,43,19,49
04/24/2015 10:00:00 AM,70,23,26,9,12
04/24/2015 11:00:00 AM,103,44,44,4,11
04/24/2015 12:00:00 PM,253,116,114,12,11
04/24/2015 01:00:00 PM,135,49,62,13,11
04/24/2015 02:00:00 PM,159,71,54,21,13
04/24/2015 03:00:00 PM,164,56,55,29,24
04/24/2015 04:00:00 PM,195,39,72,50,34
04/24/2015 05:00:00 PM,220,70,31,93,26
04/24/2015 06:00:00 PM,291,108,88,69,26
04/24/2015 07:00:00 PM,172,46,83,27,16
04/24/2015 08:00:00 PM,103,32,54,9,8
04/24/2015 09:00:00 PM,26,5,9,7,5
04/24/2015 10:00:00 PM,12,5,3,4,0
04/24/2015 11:00:00 PM,1,0,1,0,0
04/25/2015 12:00:00 AM,1,0,0,1,0
04/25/2015 01:00:00 AM,1,0,0,1,0
04/25/2015 02:00:00 AM,7,0,2,5,0
04/25/2015 03:00:00 AM,0,0,0,0,0
04/25/2015 04:00:00 AM,0,0,0,0,0
04/25/2015 05:00:00 AM,5,1,2,1,1
04/25/2015 06:00:00 AM,22,12,7,0,3
04/25/2015 07:00:00 AM,85,31,32,7,15
04/25/2015 08:00:00 AM,178,78,57,17,26
04/25/2015 09:00:00 AM,234,103,101,14,16
04/25/2015 10:00:00 AM,293,103,117,39,34
04/25/2015 11:00:00 AM,339,110,115,57,57
04/25/2015 12:00:00 PM,348,115,135,35,63
04/25/2015 01:00:00 PM,323,107,120,46,50
04/25/2015 02:00:00 PM,319,96,120,52,51
04/25/2015 03:00:00 PM,278,73,111,59,35
04/25/2015 04:00:00 PM,263,104,78,44,37
04/25/2015 05:00:00 PM,309,114,130,33,32
04/25/2015 06:00:00 PM,296,105,137,33,21
04/25/2015 07:00:00 PM,202,70,92,21,19
04/25/2015 08:00:00 PM,200,59,88,24,29
04/25/2015 09:00:00 PM,18,4,8,5,1
04/25/2015 10:00:00 PM,19,3,5,8,3
04/25/2015 11:00:00 PM,10,2,3,3,2
04/26/2015 12:00:00 AM,1,0,1,0,0
04/26/2015 01:00:00 AM,7,0,1,5,1
04/26/2015 02:00:00 AM,5,2,1,0,2
04/26/2015 03:00:00 AM,4,1,1,2,0
04/26/2015 04:00:00 AM,0,0,0,0,0
04/26/2015 05:00:00 AM,4,0,2,0,2
04/26/2015 06:00:00 AM,16,8,2,1,5
04/26/2015 07:00:00 AM,79,35,28,8,8
04/26/2015 08:00:00 AM,152,64,61,16,11
04/26/2015 09:00:00 AM,212,83,90,21,18
04/26/2015 10:00:00 AM,268,98,114,22,34
04/26/2015 11:00:00 AM,282,87,103,39,53
04/26/2015 12:00:00 PM,328,97,116,53,62
04/26/2015 01:00:00 PM,378,138,104,79,57
04/26/2015 02:00:00 PM,616,369,112,88,47
04/26/2015 03:00:00 PM,648,210,294,64,80
04/26/2015 04:00:00 PM,694,248,333,56,57
04/26/2015 05:00:00 PM,362,100,120,74,68
04/26/2015 06:00:00 PM,183,47,77,34,25
04/26/2015 07:00:00 PM,88,33,38,9,8
04/26/2015 08:00:00 PM,53,14,19,16,4
04/26/2015 09:00:00 PM,19,2,2,14,1
04/26/2015 10:00:00 PM,10,0,2,5,3
04/26/2015 11:00:00 PM,12,5,4,2,1
04/27/2015 12:00:00 AM,4,0,0,2,2
04/27/2015 01:00:00 AM,0,0,0,0,0
04/27/2015 02:00:00 AM,2,0,0,2,0
04/27/2015 03:00:00 AM,2,0,0,1,1
04/27/2015 04:00:00 AM,1,0,0,0,1
04/27/2015 05:00:00 AM,25,8,2,4,11
04/27/2015 06:00:00 AM,121,33,29,20,39
04/27/2015 07:00:00 AM,240,63,60,34,83
04/27/2015 08:00:00 AM,308,42,51,33,182
04/27/2015 09:00:00 AM,208,43,56,27,82
04/27/2015 10:00:00 AM,129,55,31,19,24
04/27/2015 11:00:00 AM,213,90,84,19,20
04/27/2015 12:00:00 PM,464,227,187,25,25
04/27/2015 01:00:00 PM,484,191,214,40,39
04/27/2015 02:00:00 PM,366,134,138,49,45
04/27/2015 03:00:00 PM,373,116,134,61,62
04/27/2015 04:00:00 PM,494,160,139,111,84
04/27/2015 05:00:00 PM,784,225,182,259,118
04/27/2015 06:00:00 PM,842,327,241,190,84
04/27/2015 07:00:00 PM,744,293,278,104,69
04/27/2015 08:00:00 PM,402,121,179,52,50
04/27/2015 09:00:00 PM,36,5,19,5,7
04/27/2015 10:00:00 PM,38,11,15,9,3
04/27/2015 11:00:00 PM,8,2,2,3,1
04/28/2015 12:00:00 AM,9,3,2,4,0
04/28/2015 01:00:00 AM,0,0,0,0,0
04/28/2015 02:00:00 AM,3,1,0,2,0
04/28/2015 03:00:00 AM,3,1,1,1,0
04/28/2015 04:00:00 AM,0,0,0,0,0
04/28/2015 05:00:00 AM,35,7,4,9,15
04/28/2015 06:00:00 AM,144,53,48,17,26
04/28/2015 07:00:00 AM,283,84,84,47,68
04/28/2015 08:00:00 AM,281,51,67,36,127
04/28/2015 09:00:00 AM,173,37,39,29,68
04/28/2015 10:00:00 AM,115,39,39,11,26
04/28/2015 11:00:00 AM,107,42,43,11,11
04/28/2015 12:00:00 PM,248,116,111,15,6
04/28/2015 01:00:00 PM,112,40,59,3,10
04/28/2015 02:00:00 PM,99,34,37,16,12
04/28/2015 03:00:00 PM,107,35,28,22,22
04/28/2015 04:00:00 PM,163,32,46,53,32
04/28/2015 05:00:00 PM,258,53,49,119,37
04/28/2015 06:00:00 PM,190,39,34,92,25
04/28/2015 07:00:00 PM,86,24,17,27,18
04/28/2015 08:00:00 PM,57,23,21,5,8
04/28/2015 09:00:00 PM,13,7,4,1,1
04/28/2015 10:00:00 PM,16,7,5,2,2
04/28/2015 11:00:00 PM,7,2,4,1,0
04/29/2015 12:00:00 AM,1,0,1,0,0
04/29/2015 01:00:00 AM,0,0,0,0,0
04/29/2015 02:00:00 AM,2,2,0,0,0
04/29/2015 03:00:00 AM,0,0,0,0,0
04/29/2015 04:00:00 AM,4,2,1,1,0
04/29/2015 05:00:00 AM,35,7,8,7,13
04/29/2015 06:00:00 AM,107,41,28,15,23
04/29/2015 07:00:00 AM,275,71,79,36,89
04/29/2015 08:00:00 AM,278,44,58,42,134
04/29/2015 09:00:00 AM,181,41,47,19,74
04/29/2015 10:00:00 AM,127,52,41,13,21
04/29/2015 11:00:00 AM,171,64,81,9,17
04/29/2015 12:00:00 PM,386,187,160,22,17
04/29/2015 01:00:00 PM,322,127,154,17,24
04/29/2015 02:00:00 PM,172,59,64,30,19
04/29/2015 03:00:00 PM,199,70,71,34,24
04/29/2015 04:00:00 PM,255,69,61,74,51
04/29/2015 05:00:00 PM,526,167,96,189,74
04/29/2015 06:00:00 PM,534,175,141,157,61
04/29/2015 07:00:00 PM,470,175,177,78,40
04/29/2015 08:00:00 PM,266,72,124,39,31
04/29/2015 09:00:00 PM,31,8,10,9,4
04/29/2015 10:00:00 PM,12,3,3,6,0
04/29/2015 11:00:00 PM,7,2,2,0,3
04/30/2015 12:00:00 AM,9,1,4,3,1
04/30/2015 01:00:00 AM,2,0,2,0,0
04/30/2015 02:00:00 AM,0,0,0,0,0
04/30/2015 03:00:00 AM,0,0,0,0,0
04/30/2015 04:00:00 AM,2,0,2,0,0
04/30/2015 05:00:00 AM,29,2,3,7,17
04/30/2015 06:00:00 AM,124,50,36,15,23
04/30/2015 07:00:00 AM,274,62,68,39,105
04/30/2015 08:00:00 AM,285,38,68,32,147
04/30/2015 09:00:00 AM,171,45,33,16,77
04/30/2015 10:00:00 AM,143,49,44,18,32
04/30/2015 11:00:00 AM,184,77,67,21,19
04/30/2015 12:00:00 PM,383,184,168,20,11
04/30/2015 01:00:00 PM,289,116,128,23,22
04/30/2015 02:00:00 PM,224,76,83,30,35
04/30/2015 03:00:00 PM,244,92,76,42,34
04/30/2015 04:00:00 PM,347,119,106,76,46
04/30/2015 05:00:00 PM,511,129,114,199,69
04/30/2015 06:00:00 PM,493,154,152,134,53
04/30/2015 07:00:00 PM,282,94,101,50,37
04/30/2015 08:00:00 PM,129,39,50,25,15
04/30/2015 09:00:00 PM,28,10,15,3,0
04/30/2015 10:00:00 PM,20,3,5,12,0
04/30/2015 11:00:00 PM,10,3,1,3,3
04/01/2016 12:00:00 AM,12,2,3,4,3
04/01/2016 01:00:00 AM,1,1,0,0,0
04/01/2016 02:00:00 AM,3,0,1,0,2
04/01/2016 03:00:00 AM,3,1,0,2,0
04/01/2016 04:00:00 AM,9,6,2,0,1
04/01/2016 05:00:00 AM,15,6,1,4,4
04/01/2016 06:00:00 AM,74,21,18,16,19
04/01/2016 07:00:00 AM,210,66,65,22,57
04/01/2016 08:00:00 AM,342,66,91,30,155
04/01/2016 09:00:00 AM,265,56,73,33,103
04/01/2016 10:00:00 AM,220,67,70,29,54
04/01/2016 11:00:00 AM,225,81,80,27,37
04/01/2016 12:00:00 PM,339,154,137,27,21
04/01/2016 01:00:00 PM,493,201,201,43,48
04/01/2016 02:00:00 PM,347,129,123,49,46
04/01/2016 03:00:00 PM,393,137,148,73,35
04/01/2016 04:00:00 PM,491,163,134,124,70
04/01/2016 05:00:00 PM,616,188,135,221,72
04/01/2016 06:00:00 PM,629,212,175,156,86
04/01/2016 07:00:00 PM,531,198,187,89,57
04/01/2016 08:00:00 PM,300,91,152,30,27
04/01/2016 09:00:00 PM,30,8,3,10,9
04/01/2016 10:00:00 PM,21,3,6,7,5
04/01/2016 11:00:00 PM,16,5,3,4,4
04/02/2016 12:00:00 AM,5,1,2,2,0
04/02/2016 01:00:00 AM,6,1,2,1,2
04/02/2016 02:00:00 AM,2,1,0,1,0
04/02/2016 03:00:00 AM,1,0,1,0,0
04/02/2016 04:00:00 AM,3,1,1,1,0
04/02/2016 05:00:00 AM,4,2,1,0,1
04/02/2016 06:00:00 AM,15,4,4,4,3
04/02/2016 07:00:00 AM,74,42,27,2,3
04/02/2016 08:00:00 AM,145,67,57,11,10
04/02/2016 09:00:00 AM,212,83,77,23,29
04/02/2016 10:00:00 AM,203,63,78,25,37
04/02/2016 11:00:00 AM,228,54,70,69,35
04/02/2016 12:00:00 PM,223,63,83,33,44
04/02/2016 01:00:00 PM,316,117,99,54,46
04/02/2016 02:00:00 PM,372,139,126,53,54
04/02/2016 03:00:00 PM,483,160,172,64,87
04/02/2016 04:00:00 PM,456,161,170,70,55
04/02/2016 05:00:00 PM,476,181,167,53,75
04/02/2016 06:00:00 PM,445,165,171,49,60
04/02/2016 07:00:00 PM,354,130,158,25,41
04/02/2016 08:00:00 PM,189,53,86,30,20
04/02/2016 09:00:00 PM,29,11,5,12,1
04/02/2016 10:00:00 PM,23,3,3,16,1
04/02/2016 11:00:00 PM,10,0,1,9,0
04/03/2016 12:00:00 AM,24,1,0,21,2
04/03/2016 01:00:00 AM,3,1,0,2,0
04/03/2016 02:00:00 AM,4,3,1,0,0
04/03/2016 03:00:00 AM,4,0,0,4,0
04/03/2016 04:00:00 AM,2,1,1,0,0
04/03/2016 05:00:00 AM,2,0,0,1,1
04/03/2016 06:00:00 AM,12,3,2,5,2
04/03/2016 07:00:00 AM,55,32,18,2,3
04/03/2016 08:00:00 AM,143,64,56,9,14
04/03/2016 09:00:00 AM,225,102,78,23,22
04/03/2016 10:00:00 AM,360,137,145,44,34
04/03/2016 11:00:00 AM,445,145,150,76,74
04/03/2016 12:00:00 PM,415,138,150,71,56
04/03/2016 01:00:00 PM,415,135,141,79,60
04/03/2016 02:00:00 PM,476,169,152,82,73
04/03/2016 03:00:00 PM,607,236,226,72,73
04/03/2016 04:00:00 PM,556,184,202,92,78
04/03/2016 05:00:00 PM,545,200,215,60,70
04/03/2016 06:00:00 PM,381,144,152,37,48
04/03/2016 07:00:00 PM,286,104,132,22,28
04/03/2016 08:00:00 PM,115,36,65,4,10
04/03/2016 09:00:00 PM,15,8,4,2,1
04/03/2016 10:00:00 PM,10,3,5,0,2
04/03/2016 11:00:00 PM,4,0,1,2,1
04/04/2016 12:00:00 AM,2,1,0,0,1
04/04/2016 01:00:00 AM,0,0,0,0,0
04/04/2016 02:00:00 AM,0,0,0,0,0
04/04/2016 03:00:00 AM,1,0,0,1,0
04/04/2016 04:00:00 AM,1,0,1,0,0
04/04/2016 05:00:00 AM,6,1,0,3,2
04/04/2016 06:00:00 AM,53,18,7,15,13
04/04/2016 07:00:00 AM,145,43,43,18,41
04/04/2016 08:00:00 AM,239,41,61,22,115
04/04/2016 09:00:00 AM,189,35,55,16,83
04/04/2016 10:00:00 AM,105,38,39,8,20
04/04/2016 11:00:00 AM,116,44,41,13,18
04/04/2016 12:00:00 PM,241,104,105,22,10
04/04/2016 01:00:00 PM,258,102,126,15,15
04/04/2016 02:00:00 PM,161,72,62,12,15
04/04/2016 03:00:00 PM,135,48,59,15,13
04/04/2016 04:00:00 PM,171,57,52,36,26
04/04/2016 05:00:00 PM,388,118,94,120,56
04/04/2016 06:00:00 PM,384,128,108,122,26
04/04/2016 07:00:00 PM,329,134,136,34,25
04/04/2016 08:00:00 PM,141,45,73,17,6
04/04/2016 09:00:00 PM,28,7,6,6,9
04/04/2016 10:00:00 PM,6,3,2,1,0
04/04/2016 11:00:00 PM,6,2,1,2,1
04/05/2016 12:00:00 AM,4,1,1,1,1
04/05/2016 01:00:00 AM,5,4,1,0,0
04/05/2016 02:00:00 AM,2,0,2,0,0
04/05/2016 03:00:00 AM,3,0,0,2,1
04/05/2016 04:00:00 AM,0,0,0,0,0
04/05/2016 05:00:00 AM,15,3,5,5,2
04/05/2016 06:00:00 AM,91,39,19,12,21
04/05/2016 07:00:00 AM,216,69,79,19,49
04/05/2016 08:00:00 AM,313,43,71,29,170
04/05/2016 09:00:00 AM,205,42,42,24,97
04/05/2016 10:00:00 AM,108,27,26,19,36
04/05/2016 11:00:00 AM,150,62,61,14,13
04/05/2016 12:00:00 PM,231,106,96,16,13
04/05/2016 01:00:00 PM,214,76,104,19,15
04/05/2016 02:00:00 PM,139,66,56,9,8
04/05/2016 03:00:00 PM,131,49,51,16,15
04/05/2016 04:00:00 PM,240,73,75,51,41
04/05/2016 05:00:00 PM,350,98,73,132,47
04/05/2016 06:00:00 PM,446,148,97,158,43
04/05/2016 07:00:00 PM,318,127,125,48,18
04/05/2016 08:00:00 PM,194,63,83,36,12
04/05/2016 09:00:00 PM,29,7,10,9,3
04/05/2016 10:00:00 PM,13,5,4,3,1
04/05/2016 11:00:00 PM,7,1,3,0,3
04/06/2016 12:00:00 AM,4,1,0,3,0
04/06/2016 01:00:00 AM,4,1,0,2,1
04/06/2016 02:00:00 AM,4,1,0,3,0
04/06/2016 03:00:00 AM,0,0,0,0,0
04/06/2016 04:00:00 AM,5,2,0,2,1
04/06/2016 05:00:00 AM,20,7,5,7,1
04/06/2016 06:00:00 AM,92,35,26,12,19
04/06/2016 07:00:00 AM,255,87,73,35,60
04/06/2016 08:00:00 AM,358,58,81,39,180
04/06/2016 09:00:00 AM,288,58,74,37,119
04/06/2016 10:00:00 AM,173,60,59,26,28
04/06/2016 11:00:00 AM,204,79,71,23,31
04/06/2016 12:00:00 PM,368,178,142,21,27
04/06/2016 01:00:00 PM,411,155,195,28,33
04/06/2016 02:00:00 PM,299,124,113,33,29
04/06/2016 03:00:00 PM,308,110,125,47,26
04/06/2016 04:00:00 PM,433,136,135,96,66
04/06/2016 05:00:00 PM,592,198,143,187,64
04/06/2016 06:00:00 PM,722,254,211,184,73
04/06/2016 07:00:00 PM,520,177,205,96,42
04/06/2016 08:00:00 PM,223,69,97,35,22
04/06/2016 09:00:00 PM,41,16,14,9,2
04/06/2016 10:00:00 PM,19,9,7,2,1
04/06/2016 11:00:00 PM,13,4,1,8,0
04/07/2016 12:00:00 AM,3,0,2,0,1
04/07/2016 01:00:00 AM,1,0,0,1,0
04/07/2016 02:00:00 AM,1,0,0,1,0
04/07/2016 03:00:00 AM,3,1,0,2,0
04/07/2016 04:00:00 AM,1,1,0,0,0
04/07/2016 05:00:00 AM,12,0,2,8,2
04/07/2016 06:00:00 AM,116,46,32,12,26
04/07/2016 07:00:00 AM,289,93,97,31,68
04/07/2016 08:00:00 AM,410,69,100,31,210
04/07/2016 09:00:00 AM,272,60,69,32,111
04/07/2016 10:00:00 AM,178,52,73,18,35
04/07/2016 11:00:00 AM,222,90,74,33,25
04/07/2016 12:00:00 PM,429,191,155,37,46
04/07/2016 01:00:00 PM,504,204,239,28,33
04/07/2016 02:00:00 PM,372,138,132,60,42
04/07/2016 03:00:00 PM,352,117,137,56,42
04/07/2016 04:00:00 PM,462,134,121,129,78
04/07/2016 05:00:00 PM,715,239,171,219,86
04/07/2016 06:00:00 PM,741,273,207,182,79
04/07/2016 07:00:00 PM,693,271,252,111,59
04/07/2016 08:00:00 PM,445,115,183,92,55
04/07/2016 09:00:00 PM,59,19,14,16,10
04/07/2016 10:00:00 PM,25,5,2,4,14
04/07/2016 11:00:00 PM,24,3,4,6,11
04/08/2016 12:00:00 AM,14,2,1,2,9
04/08/2016 01:00:00 AM,6,0,1,3,2
04/08/2016 02:00:00 AM,4,0,1,1,2
04/08/2016 03:00:00 AM,1,0,0,1,0
04/08/2016 04:00:00 AM,8,4,2,1,1
04/08/2016 05:00:00 AM,11,2,2,3,4
04/08/2016 06:00:00 AM,89,37,19,13,20
04/08/2016 07:00:00 AM,269,83,84,24,78
04/08/2016 08:00:00 AM,361,68,79,26,188
04/08/2016 09:00:00 AM,280,71,76,29,104
04/08/2016 10:00:00 AM,190,61,73,15,41
04/08/2016 11:00:00 AM,249,105,91,24,29
04/08/2016 12:00:00 PM,400,180,177,21,22
04/08/2016 01:00:00 PM,426,190,170,35,31
04/08/2016 02:00:00 PM,304,108,116,46,34
04/08/2016 03:00:00 PM,273,69,93,63,48
04/08/2016 04:00:00 PM,440,113,125,125,77
04/08/2016 05:00:00 PM,562,152,145,167,98
04/08/2016 06:00:00 PM,501,182,123,135,61
04/08/2016 07:00:00 PM,359,135,125,73,26
04/08/2016 08:00:00 PM,247,70,125,27,25
04/08/2016 09:00:00 PM,37,8,15,9,5
04/08/2016 10:00:00 PM,29,9,6,10,4
04/08/2016 11:00:00 PM,39,7,2,28,2
04/09/2016 12:00:00 AM,10,0,2,7,1
04/09/2016 01:00:00 AM,9,3,0,6,0
04/09/2016 02:00:00 AM,5,1,2,1,1
04/09/2016 03:00:00 AM,1,0,0,1,0
04/09/2016 04:00:00 AM,2,0,1,1,0
04/09/2016 05:00:00 AM,1,0,0,1,0
04/09/2016 06:00:00 AM,23,11,5,4,3
04/09/2016 07:00:00 AM,86,44,35,2,5
04/09/2016 08:00:00 AM,199,83,79,19,18
04/09/2016 09:00:00 AM,269,130,100,16,23
04/09/2016 10:00:00 AM,357,122,138,63,34
04/09/2016 11:00:00 AM,347,122,111,48,66
04/09/2016 12:00:00 PM,426,120,143,69,94
04/09/2016 01:00:00 PM,403,130,143,62,68
04/09/2016 02:00:00 PM,475,153,164,67,91
04/09/2016 03:00:00 PM,577,195,173,107,102
04/09/2016 04:00:00 PM,500,166,156,95,83
04/09/2016 05:00:00 PM,528,162,191,113,62
04/09/2016 06:00:00 PM,393,146,142,49,56
04/09/2016 07:00:00 PM,372,143,158,36,35
04/09/2016 08:00:00 PM,238,69,104,33,32
04/09/2016 09:00:00 PM,47,11,15,13,8
04/09/2016 10:00:00 PM,31,7,6,13,5
04/09/2016 11:00:00 PM,7,1,1,4,1
04/10/2016 12:00:00 AM,7,3,0,2,2
04/10/2016 01:00:00 AM,7,2,1,3,1
04/10/2016 02:00:00 AM,5,0,2,3,0
04/10/2016 03:00:00 AM,2,1,0,1,0
04/10/2016 04:00:00 AM,0,0,0,0,0
04/10/2016 05:00:00 AM,3,0,2,1,0
04/10/2016 06:00:00 AM,16,8,6,1,1
04/10/2016 07:00:00 AM,45,21,17,3,4
04/10/2016 08:00:00 AM,112,51,45,7,9
04/10/2016 09:00:00 AM,162,68,56,14,24
04/10/2016 10:00:00 AM,216,77,97,24,18
04/10/2016 11:00:00 AM,257,83,87,41,46
04/10/2016 12:00:00 PM,256,71,95,49,41
04/10/2016 01:00:00 PM,285,84,95,52,54
04/10/2016 02:00:00 PM,244,66,78,59,41
04/10/2016 03:00:00 PM,289,93,115,47,34
04/10/2016 04:00:00 PM,329,112,101,60,56
04/10/2016 05:00:00 PM,412,150,149,68,45
04/10/2016 06:00:00 PM,360,139,146,50,25
04/10/2016 07:00:00 PM,330,118,154,27,31
04/10/2016 08:00:00 PM,188,55,101,12,20
04/10/2016 09:00:00 PM,21,5,14,2,0
04/10/2016 10:00:00 PM,8,1,2,1,4
04/10/2016 11:00:00 PM,1,0,0,1,0
04/11/2016 12:00:00 AM,3,1,1,1,0
04/11/2016 01:00:00 AM,0,0,0,0,0
04/11/2016 02:00:00 AM,4,1,0,2,1
04/11/2016 03:00:00 AM,2,0,0,2,0
04/11/2016 04:00:00 AM,1,0,0,0,1
04/11/2016 05:00:00 AM,12,1,0,7,4
04/11/2016 06:00:00 AM,67,20,15,13,19
04/11/2016 07:00:00 AM,169,55,49,22,43
04/11/2016 08:00:00 AM,309,46,68,34,161
04/11/2016 09:00:00 AM,214,36,34,38,106
04/11/2016 10:00:00 AM,113,42,34,10,27
04/11/2016 11:00:00 AM,124,39,49,20,16
04/11/2016 12:00:00 PM,313,139,126,21,27
04/11/2016 01:00:00 PM,214,87,100,13,14
04/11/2016 02:00:00 PM,140,56,50,21,13
04/11/2016 03:00:00 PM,141,53,50,21,17
04/11/2016 04:00:00 PM,198,53,64,47,34
04/11/2016 05:00:00 PM,391,109,92,130,60
04/11/2016 06:00:00 PM,406,113,106,150,37
04/11/2016 07:00:00 PM,283,105,96,55,27
04/11/2016 08:00:00 PM,150,48,65,22,15
04/11/2016 09:00:00 PM,21,8,8,2,3
04/11/2016 10:00:00 PM,19,2,4,12,1
04/11/2016 11:00:00 PM,14,3,3,5,3
04/12/2016 12:00:00 AM,0,0,0,0,0
04/12/2016 01:00:00 AM,4,2,1,1,0
04/12/2016 02:00:00 AM,4,0,0,4,0
04/12/2016 03:00:00 AM,2,1,0,1,0
04/12/2016 04:00:00 AM,3,1,0,1,1
04/12/2016 05:00:00 AM,21,6,8,4,3
04/12/2016 06:00:00 AM,102,43,33,12,14
04/12/2016 07:00:00 AM,236,80,91,24,41
04/12/2016 08:00:00 AM,288,60,76,23,129
04/12/2016 09:00:00 AM,182,32,45,21,84
04/12/2016 10:00:00 AM,112,43,42,11,16
04/12/2016 11:00:00 AM,154,56,63,14,21
04/12/2016 12:00:00 PM,242,125,89,12,16
04/12/2016 01:00:00 PM,225,82,121,10,12
04/12/2016 02:00:00 PM,97,35,36,16,10
04/12/2016 03:00:00 PM,82,33,24,15,10
04/12/2016 04:00:00 PM,91,22,21,31,17
04/12/2016 05:00:00 PM,150,21,18,78,33
04/12/2016 06:00:00 PM,141,23,15,94,9
04/12/2016 07:00:00 PM,97,34,25,33,5
04/12/2016 08:00:00 PM,37,9,14,11,3
04/12/2016 09:00:00 PM,5,1,0,3,1
04/12/2016 10:00:00 PM,7,0,1,5,1
04/12/2016 11:00:00 PM,3,2,1,0,0
04/13/2016 12:00:00 AM,1,1,0,0,0
04/13/2016 01:00:00 AM,3,2,1,0,0
04/13/2016 02:00:00 AM,1,0,1,0,0
04/13/2016 03:00:00 AM,1,1,0,0,0
04/13/2016 04:00:00 AM,4,2,1,1,0
04/13/2016 05:00:00 AM,24,8,7,7,2
04/13/2016 06:00:00 AM,95,33,31,13,18
04/13/2016 07:00:00 AM,194,72,64,17,41
04/13/2016 08:00:00 AM,272,55,75,31,111
04/13/2016 09:00:00 AM,185,45,38,26,76
04/13/2016 10:00:00 AM,145,51,52,13,29
04/13/2016 11:00:00 AM,145,53,59,11,22
04/13/2016 12:00:00 PM,271,115,117,16,23
04/13/2016 01:00:00 PM,248,101,109,16,22
04/13/2016 02:00:00 PM,161,63,53,23,22
04/13/2016 03:00:00 PM,162,53,55,27,27
04/13/2016 04:00:00 PM,175,42,58,46,29
04/13/2016 05:00:00 PM,400,118,98,121,63
04/13/2016 06:00:00 PM,421,155,107,123,36
04/13/2016 07:00:00 PM,422,153,186,49,34
04/13/2016 08:00:00 PM,139,37,67,24,11
04/13/2016 09:00:00 PM,35,11,13,8,3
04/13/2016 10:00:00 PM,7,1,2,1,3
04/13/2016 11:00:00 PM,6,2,2,1,1
04/14/2016 12:00:00 AM,1,0,1,0,0
04/14/2016 01:00:00 AM,0,0,0,0,0
04/14/2016 02:00:00 AM,1,0,0,1,0
04/14/2016 03:00:00 AM,2,0,1,1,0
04/14/2016 04:00:00 AM,1,0,1,0,0
04/14/2016 05:00:00 AM,16,5,3,8,0
04/14/2016 06:00:00 AM,66,28,14,7,17
04/14/2016 07:00:00 AM,220,74,72,19,55
04/14/2016 08:00:00 AM,297,64,82,27,124
04/14/2016 09:00:00 AM,229,48,60,37,84
04/14/2016 10:00:00 AM,140,43,46,20,31
04/14/2016 11:00:00 AM,171,63,72,11,25
04/14/2016 12:00:00 PM,244,115,91,18,20
04/14/2016 01:00:00 PM,331,133,156,20,22
04/14/2016 02:00:00 PM,239,89,96,32,22
04/14/2016 03:00:00 PM,208,93,76,20,19
04/14/2016 04:00:00 PM,302,101,91,62,48
04/14/2016 05:00:00 PM,471,143,145,129,54
04/14/2016 06:00:00 PM,578,208,167,158,45
04/14/2016 07:00:00 PM,441,163,181,69,28
04/14/2016 08:00:00 PM,154,34,71,33,16
04/14/2016 09:00:00 PM,35,9,12,4,10
04/14/2016 10:00:00 PM,24,5,6,10,3
04/14/2016 11:00:00 PM,12,4,1,2,5
04/15/2016 12:00:00 AM,8,1,3,2,2
04/15/2016 01:00:00 AM,3,0,0,0,3
04/15/2016 02:00:00 AM,1,1,0,0,0
04/15/2016 03:00:00 AM,3,0,1,1,1
04/15/2016 04:00:00 AM,1,0,1,0,0
04/15/2016 05:00:00 AM,17,4,1,7,5
04/15/2016 06:00:00 AM,76,30,16,13,17
04/15/2016 07:00:00 AM,214,67,60,21,66
04/15/2016 08:00:00 AM,289,73,77,28,111
04/15/2016 09:00:00 AM,225,50,61,29,85
04/15/2016 10:00:00 AM,143,48,42,24,29
04/15/2016 11:00:00 AM,169,56,60,29,24
04/15/2016 12:00:00 PM,216,97,79,16,24
04/15/2016 01:00:00 PM,186,56,93,26,11
04/15/2016 02:00:00 PM,185,67,63,32,23
04/15/2016 03:00:00 PM,226,75,83,50,18
04/15/2016 04:00:00 PM,226,72,63,49,42
04/15/2016 05:00:00 PM,346,88,81,131,46
04/15/2016 06:00:00 PM,326,105,96,94,31
04/15/2016 07:00:00 PM,222,78,87,41,16
04/15/2016 08:00:00 PM,165,61,71,23,10
04/15/2016 09:00:00 PM,19,2,13,2,2
04/15/2016 10:00:00 PM,10,4,1,2,3
04/15/2016 11:00:00 PM,14,8,4,2,0
04/16/2016 12:00:00 AM,4,0,1,2,1
04/16/2016 01:00:00 AM,2,1,0,1,0
04/16/2016 02:00:00 AM,2,0,0,2,0
04/16/2016 03:00:00 AM,3,0,1,2,0
04/16/2016 04:00:00 AM,0,0,0,0,0
04/16/2016 05:00:00 AM,3,0,0,0,3
04/16/2016 06:00:00 AM,29,15,7,2,5
04/16/2016 07:00:00 AM,144,61,67,2,14
04/16/2016 08:00:00 AM,181,92,58,15,16
04/16/2016 09:00:00 AM,298,119,121,27,31
04/16/2016 10:00:00 AM,306,121,133,20,32
04/16/2016 11:00:00 AM,357,115,136,47,59
04/16/2016 12:00:00 PM,356,101,132,67,56
04/16/2016 01:00:00 PM,386,114,138,67,67
04/16/2016 02:00:00 PM,440,178,139,61,62
04/16/2016 03:00:00 PM,482,167,156,82,77
04/16/2016 04:00:00 PM,403,160,143,57,43
04/16/2016 05:00:00 PM,470,140,180,67,83
04/16/2016 06:00:00 PM,421,133,132,69,87
04/16/2016 07:00:00 PM,296,104,121,25,46
04/16/2016 08:00:00 PM,232,68,117,28,19
04/16/2016 09:00:00 PM,60,7,21,30,2
04/16/2016 10:00:00 PM,33,6,4,13,10
04/16/2016 11:00:00 PM,28,0,2,21,5
04/17/2016 12:00:00 AM,8,2,0,4,2
04/17/2016 01:00:00 AM,7,0,3,4,0
04/17/2016 02:00:00 AM,2,1,0,1,0
04/17/2016 03:00:00 AM,6,2,1,3,0
04/17/2016 04:00:00 AM,2,1,1,0,0
04/17/2016 05:00:00 AM,4,1,1,0,2
04/17/2016 06:00:00 AM,16,10,3,1,2
04/17/2016 07:00:00 AM,64,29,24,3,8
04/17/2016 08:00:00 AM,150,59,60,17,14
04/17/2016 09:00:00 AM,280,119,93,32,36
04/17/2016 10:00:00 AM,381,140,122,56,63
04/17/2016 11:00:00 AM,444,145,149,80,70
04/17/2016 12:00:00 PM,506,179,147,78,102
04/17/2016 01:00:00 PM,552,169,204,114,65
04/17/2016 02:00:00 PM,560,203,174,111,72
04/17/2016 03:00:00 PM,592,201,209,83,99
04/17/2016 04:00:00 PM,566,212,195,80,79
04/17/2016 05:00:00 PM,585,189,217,93,86
04/17/2016 06:00:00 PM,403,146,172,40,45
04/17/2016 07:00:00 PM,374,139,145,44,46
04/17/2016 08:00:00 PM,239,68,129,18,24
04/17/2016 09:00:00 PM,35,9,23,2,1
04/17/2016 10:00:00 PM,22,6,10,2,4
04/17/2016 11:00:00 PM,10,4,2,0,4
04/18/2016 12:00:00 AM,9,1,0,2,6
04/18/2016 01:00:00 AM,3,1,2,0,0
04/18/2016 02:00:00 AM,2,0,1,1,0
04/18/2016 03:00:00 AM,10,2,4,4,0
04/18/2016 04:00:00 AM,5,2,1,1,1
04/18/2016 05:00:00 AM,8,1,1,4,2
04/18/2016 06:00:00 AM,127,42,35,22,28
04/18/2016 07:00:00 AM,287,84,72,36,95
04/18/2016 08:00:00 AM,407,81,85,50,191
04/18/2016 09:00:00 AM,296,44,81,43,128
04/18/2016 10:00:00 AM,180,53,54,31,42
04/18/2016 11:00:00 AM,231,96,81,23,31
04/18/2016 12:00:00 PM,486,226,187,25,48
04/18/2016 01:00:00 PM,463,178,210,37,38
04/18/2016 02:00:00 PM,326,137,127,39,23
04/18/2016 03:00:00 PM,302,108,110,44,40
04/18/2016 04:00:00 PM,426,138,113,106,69
04/18/2016 05:00:00 PM,718,239,126,267,86
04/18/2016 06:00:00 PM,713,257,170,219,67
04/18/2016 07:00:00 PM,668,264,231,117,56
04/18/2016 08:00:00 PM,446,153,211,48,34
04/18/2016 09:00:00 PM,87,19,40,9,19
04/18/2016 10:00:00 PM,29,8,10,8,3
04/18/2016 11:00:00 PM,11,5,2,1,3
04/19/2016 12:00:00 AM,7,3,2,2,0
04/19/2016 01:00:00 AM,3,2,1,0,0
04/19/2016 02:00:00 AM,4,1,1,2,0
04/19/2016 03:00:00 AM,2,0,0,2,0
04/19/2016 04:00:00 AM,3,2,1,0,0
04/19/2016 05:00:00 AM,30,10,7,10,3
04/19/2016 06:00:00 AM,148,57,38,20,33
04/19/2016 07:00:00 AM,401,122,122,51,106
04/19/2016 08:00:00 AM,463,72,102,56,233
04/19/2016 09:00:00 AM,298,62,63,39,134
04/19/2016 10:00:00 AM,200,61,74,28,37
04/19/2016 11:00:00 AM,242,90,99,30,23
04/19/2016 12:00:00 PM,430,199,182,23,26
04/19/2016 01:00:00 PM,464,195,211,25,33
04/19/2016 02:00:00 PM,307,110,104,48,45
04/19/2016 03:00:00 PM,296,95,96,57,48
04/19/2016 04:00:00 PM,446,111,119,143,73
04/19/2016 05:00:00 PM,671,198,142,244,87
04/19/2016 06:00:00 PM,770,271,191,242,66
04/19/2016 07:00:00 PM,657,252,229,126,50
04/19/2016 08:00:00 PM,474,164,212,45,53
04/19/2016 09:00:00 PM,71,23,27,12,9
04/19/2016 10:00:00 PM,53,11,16,11,15
04/19/2016 11:00:00 PM,15,5,4,3,3
04/20/2016 12:00:00 AM,5,1,1,2,1
04/20/2016 01:00:00 AM,8,2,1,3,2
04/20/2016 02:00:00 AM,1,0,0,1,0
04/20/2016 03:00:00 AM,3,1,1,1,0
04/20/2016 04:00:00 AM,6,1,4,1,0
04/20/2016 05:00:00 AM,15,3,3,4,5
04/20/2016 06:00:00 AM,158,70,46,17,25
04/20/2016 07:00:00 AM,395,119,131,39,106
04/20/2016 08:00:00 AM,486,125,106,52,203
04/20/2016 09:00:00 AM,313,77,88,40,108
04/20/2016 10:00:00 AM,243,86,85,29,43
04/20/2016 11:00:00 AM,248,99,97,20,32
04/20/2016 12:00:00 PM,482,235,181,39,27
04/20/2016 01:00:00 PM,447,171,210,35,31
04/20/2016 02:00:00 PM,275,107,113,27,28
04/20/2016 03:00:00 PM,308,113,115,41,39
04/20/2016 04:00:00 PM,390,117,123,91,59
04/20/2016 05:00:00 PM,654,218,137,204,95
04/20/2016 06:00:00 PM,738,250,197,200,91
04/20/2016 07:00:00 PM,590,248,198,92,52
04/20/2016 08:00:00 PM,421,150,181,51,39
04/20/2016 09:00:00 PM,92,16,48,13,15
04/20/2016 10:00:00 PM,37,13,12,10,2
04/20/2016 11:00:00 PM,15,3,2,2,8
04/21/2016 12:00:00 AM,7,0,4,2,1
04/21/2016 01:00:00 AM,3,0,0,2,1
04/21/2016 02:00:00 AM,0,0,0,0,0
04/21/2016 03:00:00 AM,1,0,0,1,0
04/21/2016 04:00:00 AM,3,1,1,1,0
04/21/2016 05:00:00 AM,22,8,2,8,4
04/21/2016 06:00:00 AM,156,60,43,24,29
04/21/2016 07:00:00 AM,324,120,110,35,59
04/21/2016 08:00:00 AM,467,111,121,45,190
04/21/2016 09:00:00 AM,305,85,67,42,111
04/21/2016 10:00:00 AM,194,70,74,20,30
04/21/2016 11:00:00 AM,209,61,83,32,33
04/21/2016 12:00:00 PM,314,162,110,25,17
04/21/2016 01:00:00 PM,374,156,168,26,24
04/21/2016 02:00:00 PM,229,92,80,25,32
04/21/2016 03:00:00 PM,300,110,83,61,46
04/21/2016 04:00:00 PM,342,93,109,79,61
04/21/2016 05:00:00 PM,562,154,132,192,84
04/21/2016 06:00:00 PM,592,197,157,182,56
04/21/2016 07:00:00 PM,473,168,163,92,50
04/21/2016 08:00:00 PM,334,118,138,50,28
04/21/2016 09:00:00 PM,44,10,22,5,7
04/21/2016 10:00:00 PM,21,7,4,5,5
04/21/2016 11:00:00 PM,30,11,6,9,4
04/22/2016 12:00:00 AM,5,3,1,1,0
04/22/2016 01:00:00 AM,3,1,2,0,0
04/22/2016 02:00:00 AM,3,0,2,1,0
04/22/2016 03:00:00 AM,3,0,0,3,0
04/22/2016 04:00:00 AM,4,2,2,0,0
04/22/2016 05:00:00 AM,19,4,2,6,7
04/22/2016 06:00:00 AM,100,42,24,14,20
04/22/2016 07:00:00 AM,198,64,67,19,48
04/22/2016 08:00:00 AM,323,72,86,32,133
04/22/2016 09:00:00 AM,225,58,58,25,84
04/22/2016 10:00:00 AM,175,60,67,18,30
04/22/2016 11:00:00 AM,189,79,57,25,28
04/22/2016 12:00:00 PM,240,91,118,15,16
04/22/2016 01:00:00 PM,166,63,78,15,10
04/22/2016 02:00:00 PM,95,28,29,22,16
04/22/2016 03:00:00 PM,121,37,40,27,17
04/22/2016 04:00:00 PM,148,25,42,54,27
04/22/2016 05:00:00 PM,278,69,47,124,38
04/22/2016 06:00:00 PM,267,71,57,112,27
04/22/2016 07:00:00 PM,157,51,51,40,15
04/22/2016 08:00:00 PM,97,35,41,16,5
04/22/2016 09:00:00 PM,22,6,10,3,3
04/22/2016 10:00:00 PM,8,2,1,2,3
04/22/2016 11:00:00 PM,7,1,2,1,3
04/23/2016 12:00:00 AM,4,2,1,0,1
04/23/2016 01:00:00 AM,4,2,0,1,1
04/23/2016 02:00:00 AM,2,0,2,0,0
04/23/2016 03:00:00 AM,2,0,0,2,0
04/23/2016 04:00:00 AM,1,0,0,1,0
04/23/2016 05:00:00 AM,4,3,1,0,0
04/23/2016 06:00:00 AM,43,22,10,4,7
04/23/2016 07:00:00 AM,82,30,42,2,8
04/23/2016 08:00:00 AM,136,72,41,8,15
04/23/2016 09:00:00 AM,248,101,111,16,20
04/23/2016 10:00:00 AM,265,114,89,24,38
04/23/2016 11:00:00 AM,308,115,114,38,41
04/23/2016 12:00:00 PM,313,95,121,55,42
04/23/2016 01:00:00 PM,268,86,107,45,30
04/23/2016 02:00:00 PM,328,110,102,64,52
04/23/2016 03:00:00 PM,360,138,114,55,53
04/23/2016 04:00:00 PM,414,150,151,67,46
04/23/2016 05:00:00 PM,299,94,134,33,38
04/23/2016 06:00:00 PM,149,46,58,30,15
04/23/2016 07:00:00 PM,106,42,44,12,8
04/23/2016 08:00:00 PM,107,34,48,17,8
04/23/2016 09:00:00 PM,15,4,3,5,3
04/23/2016 10:00:00 PM,9,4,1,2,2
04/23/2016 11:00:00 PM,7,2,2,0,3
04/24/2016 12:00:00 AM,4,2,0,2,0
04/24/2016 01:00:00 AM,3,0,2,1,0
04/24/2016 02:00:00 AM,4,1,1,0,2
04/24/2016 03:00:00 AM,4,2,0,2,0
04/24/2016 04:00:00 AM,2,1,1,0,0
04/24/2016 05:00:00 AM,1,1,0,0,0
04/24/2016 06:00:00 AM,22,11,7,1,3
04/24/2016 07:00:00 AM,56,23,24,5,4
04/24/2016 08:00:00 AM,113,51,48,6,8
04/24/2016 09:00:00 AM,75,33,36,4,2
04/24/2016 10:00:00 AM,47,18,19,2,8
04/24/2016 11:00:00 AM,41,20,16,2,3
04/24/2016 12:00:00 PM,40,15,11,9,5
04/24/2016 01:00:00 PM,57,30,16,9,2
04/24/2016 02:00:00 PM,108,49,50,7,2
04/24/2016 03:00:00 PM,101,44,44,6,7
04/24/2016 04:00:00 PM,218,105,88,9,16
04/24/2016 05:00:00 PM,175,60,85,17,13
04/24/2016 06:00:00 PM,123,49,56,6,12
04/24/2016 07:00:00 PM,83,41,39,2,1
04/24/2016 08:00:00 PM,98,44,48,3,3
04/24/2016 09:00:00 PM,22,10,12,0,0
04/24/2016 10:00:00 PM,14,5,2,3,4
04/24/2016 11:00:00 PM,1,0,1,0,0
04/25/2016 12:00:00 AM,2,1,1,0,0
04/25/2016 01:00:00 AM,2,1,0,1,0
04/25/2016 02:00:00 AM,1,0,0,1,0
04/25/2016 03:00:00 AM,5,2,1,2,0
04/25/2016 04:00:00 AM,1,0,1,0,0
04/25/2016 05:00:00 AM,13,5,1,4,3
04/25/2016 06:00:00 AM,100,36,29,12,23
04/25/2016 07:00:00 AM,184,54,59,26,45
04/25/2016 08:00:00 AM,240,41,54,36,109
04/25/2016 09:00:00 AM,153,26,30,24,73
04/25/2016 10:00:00 AM,140,60,50,7,23
04/25/2016 11:00:00 AM,132,46,52,19,15
04/25/2016 12:00:00 PM,252,129,87,22,14
04/25/2016 01:00:00 PM,259,103,124,15,17
04/25/2016 02:00:00 PM,230,93,82,32,23
04/25/2016 03:00:00 PM,236,87,92,37,20
04/25/2016 04:00:00 PM,265,96,74,49,46
04/25/2016 05:00:00 PM,448,133,123,130,62
04/25/2016 06:00:00 PM,521,156,149,147,69
04/25/2016 07:00:00 PM,396,158,157,61,20
04/25/2016 08:00:00 PM,223,86,98,22,17
04/25/2016 09:00:00 PM,53,17,21,4,11
04/25/2016 10:00:00 PM,38,9,4,13,12
04/25/2016 11:00:00 PM,6,1,3,1,1
04/26/2016 12:00:00 AM,7,1,0,2,4
04/26/2016 01:00:00 AM,3,1,2,0,0
04/26/2016 02:00:00 AM,2,0,0,2,0
04/26/2016 03:00:00 AM,0,0,0,0,0
04/26/2016 04:00:00 AM,4,2,2,0,0
04/26/2016 05:00:00 AM,15,6,3,4,2
04/26/2016 06:00:00 AM,145,59,42,17,27
04/26/2016 07:00:00 AM,303,87,112,37,67
04/26/2016 08:00:00 AM,390,70,88,47,185
04/26/2016 09:00:00 AM,269,52,52,36,129
04/26/2016 10:00:00 AM,163,45,59,26,33
04/26/2016 11:00:00 AM,169,68,60,20,21
04/26/2016 12:00:00 PM,362,182,137,22,21
04/26/2016 01:00:00 PM,330,149,151,16,14
04/26/2016 02:00:00 PM,233,94,80,35,24
04/26/2016 03:00:00 PM,264,88,93,39,44
04/26/2016 04:00:00 PM,337,97,100,77,63
04/26/2016 05:00:00 PM,516,127,108,202,79
04/26/2016 06:00:00 PM,440,113,119,153,55
04/26/2016 07:00:00 PM,370,123,135,70,42
04/26/2016 08:00:00 PM,175,62,71,33,9
04/26/2016 09:00:00 PM,44,12,23,4,5
04/26/2016 10:00:00 PM,22,5,4,8,5
04/26/2016 11:00:00 PM,25,2,4,17,2
04/27/2016 12:00:00 AM,3,1,2,0,0
04/27/2016 01:00:00 AM,4,2,1,1,0
04/27/2016 02:00:00 AM,0,0,0,0,0
04/27/2016 03:00:00 AM,2,0,0,2,0
04/27/2016 04:00:00 AM,3,3,0,0,0
04/27/2016 05:00:00 AM,16,6,4,4,2
04/27/2016 06:00:00 AM,121,48,30,18,25
04/27/2016 07:00:00 AM,263,84,83,31,65
04/27/2016 08:00:00 AM,336,65,71,48,152
04/27/2016 09:00:00 AM,256,61,56,34,105
04/27/2016 10:00:00 AM,143,39,42,23,39
04/27/2016 11:00:00 AM,160,52,49,22,37
04/27/2016 12:00:00 PM,256,120,102,13,21
04/27/2016 01:00:00 PM,277,111,129,22,15
04/27/2016 02:00:00 PM,176,74,54,23,25
04/27/2016 03:00:00 PM,162,56,59,26,21
04/27/2016 04:00:00 PM,272,81,76,75,40
04/27/2016 05:00:00 PM,465,95,98,192,80
04/27/2016 06:00:00 PM,482,131,115,175,61
04/27/2016 07:00:00 PM,302,87,94,80,41
04/27/2016 08:00:00 PM,192,65,77,35,15
04/27/2016 09:00:00 PM,37,1,19,9,8
04/27/2016 10:00:00 PM,37,13,11,11,2
04/27/2016 11:00:00 PM,17,3,1,13,0
04/28/2016 12:00:00 AM,1,0,0,1,0
04/28/2016 01:00:00 AM,4,0,2,1,1
04/28/2016 02:00:00 AM,3,1,0,2,0
04/28/2016 03:00:00 AM,1,0,0,1,0
04/28/2016 04:00:00 AM,5,2,2,1,0
04/28/2016 05:00:00 AM,24,10,6,5,3
04/28/2016 06:00:00 AM,114,42,27,19,26
04/28/2016 07:00:00 AM,316,90,90,43,93
04/28/2016 08:00:00 AM,352,67,80,41,164
04/28/2016 09:00:00 AM,252,48,76,26,102
04/28/2016 10:00:00 AM,154,43,49,31,31
04/28/2016 11:00:00 AM,157,53,56,24,24
04/28/2016 12:00:00 PM,319,143,136,15,25
04/28/2016 01:00:00 PM,287,106,142,21,18
04/28/2016 02:00:00 PM,168,65,54,29,20
04/28/2016 03:00:00 PM,231,88,74,30,39
04/28/2016 04:00:00 PM,281,73,87,73,48
04/28/2016 05:00:00 PM,463,115,117,157,74
04/28/2016 06:00:00 PM,401,100,81,160,60
04/28/2016 07:00:00 PM,277,85,89,82,21
04/28/2016 08:00:00 PM,136,41,53,24,18
04/28/2016 09:00:00 PM,33,9,14,7,3
04/28/2016 10:00:00 PM,23,7,8,3,5
04/28/2016 11:00:00 PM,19,4,3,8,4
04/29/2016 12:00:00 AM,7,0,2,4,1
04/29/2016 01:00:00 AM,4,2,2,0,0
04/29/2016 02:00:00 AM,0,0,0,0,0
04/29/2016 03:00:00 AM,3,0,1,2,0
04/29/2016 04:00:00 AM,7,2,2,2,1
04/29/2016 05:00:00 AM,21,8,1,5,7
04/29/2016 06:00:00 AM,107,30,24,23,30
04/29/2016 07:00:00 AM,282,72,78,45,87
04/29/2016 08:00:00 AM,316,46,55,48,167
04/29/2016 09:00:00 AM,177,22,32,32,91
04/29/2016 10:00:00 AM,87,23,22,19,23
04/29/2016 11:00:00 AM,122,46,48,13,15
04/29/2016 12:00:00 PM,190,92,82,13,3
04/29/2016 01:00:00 PM,186,72,88,15,11
04/29/2016 02:00:00 PM,141,55,52,23,11
04/29/2016 03:00:00 PM,206,65,68,41,32
04/29/2016 04:00:00 PM,291,91,75,72,53
04/29/2016 05:00:00 PM,491,108,99,198,86
04/29/2016 06:00:00 PM,432,140,119,114,59
04/29/2016 07:00:00 PM,307,95,110,59,43
04/29/2016 08:00:00 PM,245,89,97,33,26
04/29/2016 09:00:00 PM,53,10,30,8,5
04/29/2016 10:00:00 PM,38,10,10,11,7
04/29/2016 11:00:00 PM,22,5,2,12,3
04/30/2016 12:00:00 AM,4,0,3,1,0
04/30/2016 01:00:00 AM,2,0,0,1,1
04/30/2016 02:00:00 AM,1,0,0,1,0
04/30/2016 03:00:00 AM,4,0,0,4,0
04/30/2016 04:00:00 AM,0,0,0,0,0
04/30/2016 05:00:00 AM,8,2,2,2,2
04/30/2016 06:00:00 AM,36,16,7,4,9
04/30/2016 07:00:00 AM,109,49,40,4,16
04/30/2016 08:00:00 AM,172,80,65,9,18
04/30/2016 09:00:00 AM,269,102,106,27,34
04/30/2016 10:00:00 AM,335,124,126,43,42
04/30/2016 11:00:00 AM,401,122,122,61,96
04/30/2016 12:00:00 PM,440,124,135,65,116
04/30/2016 01:00:00 PM,489,119,148,99,123
04/30/2016 02:00:00 PM,436,125,147,98,66
04/30/2016 03:00:00 PM,508,102,181,140,85
04/30/2016 04:00:00 PM,544,178,141,143,82
04/30/2016 05:00:00 PM,560,189,160,114,97
04/30/2016 06:00:00 PM,411,133,161,58,59
04/30/2016 07:00:00 PM,338,97,128,37,76
04/30/2016 08:00:00 PM,276,80,127,36,33
04/30/2016 09:00:00 PM,63,10,26,15,12
04/30/2016 10:00:00 PM,28,4,3,15,6
04/30/2016 11:00:00 PM,20,4,4,10,2
