Date,Fremont Bridge West Sidewalk,Fremont Bridge East Sidewalk
04/01/2014 12:00:00 AM,5,13
04/01/2014 01:00:00 AM,0,3
04/01/2014 02:00:00 AM,0,8
04/01/2014 03:00:00 AM,1,0
04/01/2014 04:00:00 AM,1,1
04/01/2014 05:00:00 AM,14,9
04/01/2014 06:00:00 AM,92,30
04/01/2014 07:00:00 AM,245,85
04/01/2014 08:00:00 AM,344,134
04/01/2014 09:00:00 AM,194,100
04/01/2014 10:00:00 AM,62,56
04/01/2014 11:00:00 AM,48,32
04/01/2014 12:00:00 PM,41,27
04/01/2014 01:00:00 PM,48,41
04/01/2014 02:00:00 PM,54,51
04/01/2014 03:00:00 PM,80,90
04/01/2014 04:00:00 PM,93,168
04/01/2014 05:00:00 PM,206,395
04/01/2014 06:00:00 PM,179,330
04/01/2014 07:00:00 PM,99,142
04/01/2014 08:00:00 PM,59,65
04/01/2014 09:00:00 PM,35,35
04/01/2014 10:00:00 PM,18,24
04/01/2014 11:00:00 PM,18,16
04/02/2014 12:00:00 AM,5,3
04/02/2014 01:00:00 AM,8,3
04/02/2014 02:00:00 AM,1,2
04/02/2014 03:00:00 AM,2,0
04/02/2014 04:00:00 AM,5,2
04/02/2014 05:00:00 AM,18,7
04/02/2014 06:00:00 AM,86,26
04/02/2014 07:00:00 AM,223,83
04/02/2014 08:00:00 AM,342,132
04/02/2014 09:00:00 AM,199,96
04/02/2014 10:00:00 AM,75,53
04/02/2014 11:00:00 AM,40,26
04/02/2014 12:00:00 PM,43,48
04/02/2014 01:00:00 PM,57,43
04/02/2014 02:00:00 PM,60,53
04/02/2014 03:00:00 PM,70,68
04/02/2014 04:00:00 PM,100,159
04/02/2014 05:00:00 PM,203,373
04/02/2014 06:00:00 PM,187,287
04/02/2014 07:00:00 PM,85,117
04/02/2014 08:00:00 PM,67,66
04/02/2014 09:00:00 PM,38,43
04/02/2014 10:00:00 PM,20,31
04/02/2014 11:00:00 PM,13,4
04/03/2014 12:00:00 AM,8,14
04/03/2014 01:00:00 AM,3,4
04/03/2014 02:00:00 AM,1,1
04/03/2014 03:00:00 AM,1,1
04/03/2014 04:00:00 AM,1,1
04/03/2014 05:00:00 AM,10,8
04/03/2014 06:00:00 AM,66,21
04/03/2014 07:00:00 AM,189,74
04/03/2014 08:00:00 AM,233,111
04/03/2014 09:00:00 AM,166,94
04/03/2014 10:00:00 AM,64,54
04/03/2014 11:00:00 AM,50,37
04/03/2014 12:00:00 PM,43,33
04/03/2014 01:00:00 PM,39,32
04/03/2014 02:00:00 PM,43,34
04/03/2014 03:00:00 PM,44,34
04/03/2014 04:00:00 PM,66,119
04/03/2014 05:00:00 PM,81,214
04/03/2014 06:00:00 PM,87,217
04/03/2014 07:00:00 PM,58,95
04/03/2014 08:00:00 PM,30,37
04/03/2014 09:00:00 PM,21,33
04/03/2014 10:00:00 PM,11,19
04/03/2014 11:00:00 PM,11,10
04/04/2014 12:00:00 AM,3,5
04/04/2014 01:00:00 AM,2,2
04/04/2014 02:00:00 AM,2,1
04/04/2014 03:00:00 AM,2,1
04/04/2014 04:00:00 AM,1,4
04/04/2014 05:00:00 AM,11,7
04/04/2014 06:00:00 AM,51,22
04/04/2014 07:00:00 AM,143,56
04/04/2014 08:00:00 AM,257,99
04/04/2014 09:00:00 AM,159,99
04/04/2014 10:00:00 AM,55,49
04/04/2014 11:00:00 AM,47,34
04/04/2014 12:00:00 PM,35,38
04/04/2014 01:00:00 PM,40,36
04/04/2014 02:00:00 PM,54,54
04/04/2014 03:00:00 PM,61,78
04/04/2014 04:00:00 PM,91,119
04/04/2014 05:00:00 PM,128,286
04/04/2014 06:00:00 PM,117,190
04/04/2014 07:00:00 PM,73,103
04/04/2014 08:00:00 PM,32,46
04/04/2014 09:00:00 PM,23,27
04/04/2014 10:00:00 PM,15,27
04/04/2014 11:00:00 PM,13,19
04/05/2014 12:00:00 AM,11,8
04/05/2014 01:00:00 AM,7,4
04/05/2014 02:00:00 AM,7,7
04/05/2014 03:00:00 AM,1,5
04/05/2014 04:00:00 AM,1,0
04/05/2014 05:00:00 AM,6,2
04/05/2014 06:00:00 AM,13,8
04/05/2014 07:00:00 AM,8,10
04/05/2014 08:00:00 AM,34,24
04/05/2014 09:00:00 AM,44,51
04/05/2014 10:00:00 AM,84,56
04/05/2014 11:00:00 AM,46,39
04/05/2014 12:00:00 PM,46,37
04/05/2014 01:00:00 PM,47,35
04/05/2014 02:00:00 PM,45,36
04/05/2014 03:00:00 PM,44,32
04/05/2014 04:00:00 PM,26,30
04/05/2014 05:00:00 PM,19,25
04/05/2014 06:00:00 PM,20,17
04/05/2014 07:00:00 PM,23,18
04/05/2014 08:00:00 PM,14,10
04/05/2014 09:00:00 PM,8,7
04/05/2014 10:00:00 PM,6,7
04/05/2014 11:00:00 PM,9,7
04/06/2014 12:00:00 AM,4,3
04/06/2014 01:00:00 AM,4,4
04/06/2014 02:00:00 AM,1,1
04/06/2014 03:00:00 AM,1,4
04/06/2014 04:00:00 AM,3,1
04/06/2014 05:00:00 AM,4,4
04/06/2014 06:00:00 AM,7,5
04/06/2014 07:00:00 AM,19,7
04/06/2014 08:00:00 AM,36,15
04/06/2014 09:00:00 AM,38,35
04/06/2014 10:00:00 AM,65,35
04/06/2014 11:00:00 AM,60,53
04/06/2014 12:00:00 PM,86,72
04/06/2014 01:00:00 PM,87,80
04/06/2014 02:00:00 PM,129,65
04/06/2014 03:00:00 PM,112,59
04/06/2014 04:00:00 PM,68,60
04/06/2014 05:00:00 PM,56,48
04/06/2014 06:00:00 PM,53,40
04/06/2014 07:00:00 PM,24,26
04/06/2014 08:00:00 PM,18,9
04/06/2014 09:00:00 PM,8,14
04/06/2014 10:00:00 PM,7,6
04/06/2014 11:00:00 PM,6,1
04/07/2014 12:00:00 AM,3,8
04/07/2014 01:00:00 AM,1,2
04/07/2014 02:00:00 AM,1,0
04/07/2014 03:00:00 AM,2,2
04/07/2014 04:00:00 AM,3,0
04/07/2014 05:00:00 AM,22,10
04/07/2014 06:00:00 AM,73,36
04/07/2014 07:00:00 AM,251,79
04/07/2014 08:00:00 AM,342,164
04/07/2014 09:00:00 AM,235,116
04/07/2014 10:00:00 AM,75,54
04/07/2014 11:00:00 AM,71,49
04/07/2014 12:00:00 PM,73,38
04/07/2014 01:00:00 PM,62,60
04/07/2014 02:00:00 PM,71,74
04/07/2014 03:00:00 PM,95,104
04/07/2014 04:00:00 PM,140,205
04/07/2014 05:00:00 PM,232,473
04/07/2014 06:00:00 PM,211,380
04/07/2014 07:00:00 PM,105,129
04/07/2014 08:00:00 PM,64,61
04/07/2014 09:00:00 PM,45,37
04/07/2014 10:00:00 PM,16,24
04/07/2014 11:00:00 PM,15,6
04/08/2014 12:00:00 AM,7,8
04/08/2014 01:00:00 AM,2,5
04/08/2014 02:00:00 AM,1,1
04/08/2014 03:00:00 AM,3,1
04/08/2014 04:00:00 AM,1,1
04/08/2014 05:00:00 AM,19,8
04/08/2014 06:00:00 AM,61,26
04/08/2014 07:00:00 AM,212,94
04/08/2014 08:00:00 AM,323,128
04/08/2014 09:00:00 AM,188,117
04/08/2014 10:00:00 AM,62,50
04/08/2014 11:00:00 AM,49,19
04/08/2014 12:00:00 PM,42,28
04/08/2014 01:00:00 PM,38,35
04/08/2014 02:00:00 PM,31,36
04/08/2014 03:00:00 PM,48,53
04/08/2014 04:00:00 PM,54,103
04/08/2014 05:00:00 PM,97,244
04/08/2014 06:00:00 PM,83,213
04/08/2014 07:00:00 PM,45,91
04/08/2014 08:00:00 PM,31,40
04/08/2014 09:00:00 PM,23,42
04/08/2014 10:00:00 PM,11,15
04/08/2014 11:00:00 PM,10,7
04/09/2014 12:00:00 AM,1,6
04/09/2014 01:00:00 AM,3,5
04/09/2014 02:00:00 AM,1,0
04/09/2014 03:00:00 AM,2,1
04/09/2014 04:00:00 AM,4,2
04/09/2014 05:00:00 AM,18,8
04/09/2014 06:00:00 AM,87,26
04/09/2014 07:00:00 AM,206,83
04/09/2014 08:00:00 AM,328,144
04/09/2014 09:00:00 AM,193,110
04/09/2014 10:00:00 AM,102,61
04/09/2014 11:00:00 AM,56,41
04/09/2014 12:00:00 PM,57,39
04/09/2014 01:00:00 PM,60,53
04/09/2014 02:00:00 PM,56,35
04/09/2014 03:00:00 PM,72,90
04/09/2014 04:00:00 PM,111,159
04/09/2014 05:00:00 PM,164,419
04/09/2014 06:00:00 PM,178,334
04/09/2014 07:00:00 PM,101,165
04/09/2014 08:00:00 PM,52,64
04/09/2014 09:00:00 PM,38,31
04/09/2014 10:00:00 PM,19,22
04/09/2014 11:00:00 PM,5,16
04/10/2014 12:00:00 AM,8,10
04/10/2014 01:00:00 AM,3,8
04/10/2014 02:00:00 AM,2,3
04/10/2014 03:00:00 AM,1,1
04/10/2014 04:00:00 AM,1,1
04/10/2014 05:00:00 AM,18,11
04/10/2014 06:00:00 AM,69,33
04/10/2014 07:00:00 AM,232,69
04/10/2014 08:00:00 AM,352,150
04/10/2014 09:00:00 AM,220,129
04/10/2014 10:00:00 AM,96,54
04/10/2014 11:00:00 AM,71,42
04/10/2014 12:00:00 PM,73,78
04/10/2014 01:00:00 PM,58,51
04/10/2014 02:00:00 PM,66,61
04/10/2014 03:00:00 PM,80,82
04/10/2014 04:00:00 PM,101,160
04/10/2014 05:00:00 PM,163,339
04/10/2014 06:00:00 PM,200,317
04/10/2014 07:00:00 PM,103,150
04/10/2014 08:00:00 PM,56,62
04/10/2014 09:00:00 PM,31,44
04/10/2014 10:00:00 PM,14,29
04/10/2014 11:00:00 PM,15,23
04/11/2014 12:00:00 AM,5,13
04/11/2014 01:00:00 AM,4,6
04/11/2014 02:00:00 AM,3,5
04/11/2014 03:00:00 AM,2,3
04/11/2014 04:00:00 AM,4,1
04/11/2014 05:00:00 AM,19,11
04/11/2014 06:00:00 AM,56,28
04/11/2014 07:00:00 AM,194,68
04/11/2014 08:00:00 AM,319,119
04/11/2014 09:00:00 AM,177,97
04/11/2014 10:00:00 AM,70,63
04/11/2014 11:00:00 AM,58,44
04/11/2014 12:00:00 PM,54,40
04/11/2014 01:00:00 PM,58,45
04/11/2014 02:00:00 PM,58,62
04/11/2014 03:00:00 PM,84,88
04/11/2014 04:00:00 PM,111,186
04/11/2014 05:00:00 PM,188,336
04/11/2014 06:00:00 PM,145,250
04/11/2014 07:00:00 PM,73,114
04/11/2014 08:00:00 PM,31,42
04/11/2014 09:00:00 PM,17,21
04/11/2014 10:00:00 PM,14,24
04/11/2014 11:00:00 PM,11,14
04/12/2014 12:00:00 AM,6,9
04/12/2014 01:00:00 AM,8,5
04/12/2014 02:00:00 AM,6,7
04/12/2014 03:00:00 AM,2,2
04/12/2014 04:00:00 AM,0,1
04/12/2014 05:00:00 AM,5,1
04/12/2014 06:00:00 AM,4,11
04/12/2014 07:00:00 AM,27,18
04/12/2014 08:00:00 AM,52,37
04/12/2014 09:00:00 AM,54,67
04/12/2014 10:00:00 AM,91,72
04/12/2014 11:00:00 AM,62,59
04/12/2014 12:00:00 PM,100,60
04/12/2014 01:00:00 PM,121,84
04/12/2014 02:00:00 PM,93,90
04/12/2014 03:00:00 PM,104,100
04/12/2014 04:00:00 PM,98,88
04/12/2014 05:00:00 PM,103,86
04/12/2014 06:00:00 PM,69,77
04/12/2014 07:00:00 PM,63,56
04/12/2014 08:00:00 PM,29,19
04/12/2014 09:00:00 PM,21,21
04/12/2014 10:00:00 PM,32,28
04/12/2014 11:00:00 PM,20,17
04/13/2014 12:00:00 AM,11,8
04/13/2014 01:00:00 AM,5,9
04/13/2014 02:00:00 AM,8,6
04/13/2014 03:00:00 AM,4,3
04/13/2014 04:00:00 AM,0,2
04/13/2014 05:00:00 AM,3,2
04/13/2014 06:00:00 AM,5,8
04/13/2014 07:00:00 AM,14,10
04/13/2014 08:00:00 AM,36,30
04/13/2014 09:00:00 AM,63,60
04/13/2014 10:00:00 AM,100,57
04/13/2014 11:00:00 AM,113,67
04/13/2014 12:00:00 PM,128,95
04/13/2014 01:00:00 PM,131,132
04/13/2014 02:00:00 PM,165,139
04/13/2014 03:00:00 PM,198,123
04/13/2014 04:00:00 PM,156,123
04/13/2014 05:00:00 PM,130,91
04/13/2014 06:00:00 PM,82,82
04/13/2014 07:00:00 PM,55,46
04/13/2014 08:00:00 PM,36,30
04/13/2014 09:00:00 PM,26,16
04/13/2014 10:00:00 PM,6,17
04/13/2014 11:00:00 PM,11,5
04/14/2014 12:00:00 AM,2,9
04/14/2014 01:00:00 AM,3,2
04/14/2014 02:00:00 AM,0,3
04/14/2014 03:00:00 AM,2,0
04/14/2014 04:00:00 AM,3,0
04/14/2014 05:00:00 AM,22,11
04/14/2014 06:00:00 AM,73,36
04/14/2014 07:00:00 AM,257,69
04/14/2014 08:00:00 AM,358,160
04/14/2014 09:00:00 AM,197,108
04/14/2014 10:00:00 AM,82,56
04/14/2014 11:00:00 AM,72,40
04/14/2014 12:00:00 PM,57,57
04/14/2014 01:00:00 PM,54,58
04/14/2014 02:00:00 PM,73,62
04/14/2014 03:00:00 PM,84,89
04/14/2014 04:00:00 PM,106,183
04/14/2014 05:00:00 PM,190,411
04/14/2014 06:00:00 PM,209,338
04/14/2014 07:00:00 PM,115,133
04/14/2014 08:00:00 PM,44,52
04/14/2014 09:00:00 PM,27,48
04/14/2014 10:00:00 PM,8,21
04/14/2014 11:00:00 PM,11,11
04/15/2014 12:00:00 AM,6,8
04/15/2014 01:00:00 AM,2,1
04/15/2014 02:00:00 AM,5,0
04/15/2014 03:00:00 AM,2,2
04/15/2014 04:00:00 AM,4,0
04/15/2014 05:00:00 AM,14,15
04/15/2014 06:00:00 AM,64,26
04/15/2014 07:00:00 AM,211,58
04/15/2014 08:00:00 AM,302,128
04/15/2014 09:00:00 AM,196,97
04/15/2014 10:00:00 AM,56,61
04/15/2014 11:00:00 AM,39,52
04/15/2014 12:00:00 PM,51,37
04/15/2014 01:00:00 PM,52,36
04/15/2014 02:00:00 PM,52,42
04/15/2014 03:00:00 PM,62,64
04/15/2014 04:00:00 PM,78,115
04/15/2014 05:00:00 PM,137,318
04/15/2014 06:00:00 PM,136,257
04/15/2014 07:00:00 PM,82,114
04/15/2014 08:00:00 PM,41,59
04/15/2014 09:00:00 PM,39,27
04/15/2014 10:00:00 PM,12,19
04/15/2014 11:00:00 PM,14,13
04/16/2014 12:00:00 AM,8,5
04/16/2014 01:00:00 AM,2,1
04/16/2014 02:00:00 AM,4,3
04/16/2014 03:00:00 AM,2,0
04/16/2014 04:00:00 AM,0,3
04/16/2014 05:00:00 AM,13,8
04/16/2014 06:00:00 AM,46,21
04/16/2014 07:00:00 AM,152,66
04/16/2014 08:00:00 AM,206,83
04/16/2014 09:00:00 AM,125,79
04/16/2014 10:00:00 AM,49,29
04/16/2014 11:00:00 AM,21,27
04/16/2014 12:00:00 PM,25,22
04/16/2014 01:00:00 PM,35,22
04/16/2014 02:00:00 PM,27,31
04/16/2014 03:00:00 PM,28,38
04/16/2014 04:00:00 PM,44,66
04/16/2014 05:00:00 PM,98,223
04/16/2014 06:00:00 PM,78,182
04/16/2014 07:00:00 PM,63,61
04/16/2014 08:00:00 PM,5,46
04/16/2014 09:00:00 PM,18,32
04/16/2014 10:00:00 PM,12,10
04/16/2014 11:00:00 PM,7,7
04/17/2014 12:00:00 AM,2,2
04/17/2014 01:00:00 AM,3,2
04/17/2014 02:00:00 AM,0,0
04/17/2014 03:00:00 AM,1,0
04/17/2014 04:00:00 AM,1,0
04/17/2014 05:00:00 AM,11,6
04/17/2014 06:00:00 AM,42,22
04/17/2014 07:00:00 AM,135,59
04/17/2014 08:00:00 AM,178,66
04/17/2014 09:00:00 AM,98,64
04/17/2014 10:00:00 AM,46,24
04/17/2014 11:00:00 AM,18,12
04/17/2014 12:00:00 PM,22,22
04/17/2014 01:00:00 PM,16,19
04/17/2014 02:00:00 PM,18,26
04/17/2014 03:00:00 PM,29,27
04/17/2014 04:00:00 PM,39,56
04/17/2014 05:00:00 PM,71,166
04/17/2014 06:00:00 PM,60,151
04/17/2014 07:00:00 PM,43,70
04/17/2014 08:00:00 PM,18,40
04/17/2014 09:00:00 PM,12,19
04/17/2014 10:00:00 PM,14,7
04/17/2014 11:00:00 PM,6,7
04/18/2014 12:00:00 AM,1,3
04/18/2014 01:00:00 AM,1,2
04/18/2014 02:00:00 AM,1,1
04/18/2014 03:00:00 AM,0,2
04/18/2014 04:00:00 AM,1,2
04/18/2014 05:00:00 AM,12,8
04/18/2014 06:00:00 AM,41,26
04/18/2014 07:00:00 AM,148,57
04/18/2014 08:00:00 AM,241,112
04/18/2014 09:00:00 AM,142,105
04/18/2014 10:00:00 AM,69,46
04/18/2014 11:00:00 AM,66,39
04/18/2014 12:00:00 PM,49,50
04/18/2014 01:00:00 PM,61,46
04/18/2014 02:00:00 PM,54,72
04/18/2014 03:00:00 PM,57,69
04/18/2014 04:00:00 PM,88,135
04/18/2014 05:00:00 PM,123,270
04/18/2014 06:00:00 PM,129,221
04/18/2014 07:00:00 PM,91,97
04/18/2014 08:00:00 PM,53,45
04/18/2014 09:00:00 PM,12,27
04/18/2014 10:00:00 PM,16,16
04/18/2014 11:00:00 PM,6,17
04/19/2014 12:00:00 AM,12,6
04/19/2014 01:00:00 AM,11,5
04/19/2014 02:00:00 AM,3,3
04/19/2014 03:00:00 AM,2,3
04/19/2014 04:00:00 AM,1,0
04/19/2014 05:00:00 AM,3,3
04/19/2014 06:00:00 AM,5,10
04/19/2014 07:00:00 AM,23,25
04/19/2014 08:00:00 AM,36,22
04/19/2014 09:00:00 AM,54,52
04/19/2014 10:00:00 AM,77,39
04/19/2014 11:00:00 AM,61,41
04/19/2014 12:00:00 PM,33,19
04/19/2014 01:00:00 PM,15,32
04/19/2014 02:00:00 PM,11,21
04/19/2014 03:00:00 PM,14,15
04/19/2014 04:00:00 PM,20,27
04/19/2014 05:00:00 PM,17,12
04/19/2014 06:00:00 PM,31,19
04/19/2014 07:00:00 PM,12,20
04/19/2014 08:00:00 PM,19,17
04/19/2014 09:00:00 PM,14,11
04/19/2014 10:00:00 PM,6,11
04/19/2014 11:00:00 PM,9,4
04/20/2014 12:00:00 AM,7,8
04/20/2014 01:00:00 AM,1,5
04/20/2014 02:00:00 AM,2,2
04/20/2014 03:00:00 AM,0,6
04/20/2014 04:00:00 AM,3,1
04/20/2014 05:00:00 AM,5,1
04/20/2014 06:00:00 AM,12,8
04/20/2014 07:00:00 AM,11,10
04/20/2014 08:00:00 AM,19,19
04/20/2014 09:00:00 AM,41,29
04/20/2014 10:00:00 AM,41,40
04/20/2014 11:00:00 AM,60,69
04/20/2014 12:00:00 PM,82,60
04/20/2014 01:00:00 PM,94,107
04/20/2014 02:00:00 PM,97,89
04/20/2014 03:00:00 PM,102,92
04/20/2014 04:00:00 PM,104,79
04/20/2014 05:00:00 PM,71,56
04/20/2014 06:00:00 PM,63,48
04/20/2014 07:00:00 PM,47,37
04/20/2014 08:00:00 PM,20,24
04/20/2014 09:00:00 PM,9,15
04/20/2014 10:00:00 PM,5,13
04/20/2014 11:00:00 PM,12,8
04/21/2014 12:00:00 AM,4,2
04/21/2014 01:00:00 AM,5,1
04/21/2014 02:00:00 AM,1,3
04/21/2014 03:00:00 AM,2,0
04/21/2014 04:00:00 AM,3,1
04/21/2014 05:00:00 AM,17,16
04/21/2014 06:00:00 AM,60,36
04/21/2014 07:00:00 AM,215,70
04/21/2014 08:00:00 AM,341,114
04/21/2014 09:00:00 AM,188,121
04/21/2014 10:00:00 AM,73,45
04/21/2014 11:00:00 AM,57,30
04/21/2014 12:00:00 PM,55,40
04/21/2014 01:00:00 PM,51,48
04/21/2014 02:00:00 PM,51,50
04/21/2014 03:00:00 PM,60,78
04/21/2014 04:00:00 PM,107,147
04/21/2014 05:00:00 PM,165,366
04/21/2014 06:00:00 PM,146,294
04/21/2014 07:00:00 PM,71,107
04/21/2014 08:00:00 PM,24,44
04/21/2014 09:00:00 PM,22,22
04/21/2014 10:00:00 PM,17,14
04/21/2014 11:00:00 PM,5,12
04/22/2014 12:00:00 AM,1,2
04/22/2014 01:00:00 AM,0,2
04/22/2014 02:00:00 AM,3,0
04/22/2014 03:00:00 AM,1,0
04/22/2014 04:00:00 AM,1,1
04/22/2014 05:00:00 AM,11,6
04/22/2014 06:00:00 AM,32,39
04/22/2014 07:00:00 AM,128,28
04/22/2014 08:00:00 AM,194,26
04/22/2014 09:00:00 AM,128,73
04/22/2014 10:00:00 AM,61,45
04/22/2014 11:00:00 AM,25,80
04/22/2014 12:00:00 PM,89,28
04/22/2014 01:00:00 PM,42,37
04/22/2014 02:00:00 PM,35,43
04/22/2014 03:00:00 PM,53,51
04/22/2014 04:00:00 PM,66,93
04/22/2014 05:00:00 PM,119,224
04/22/2014 06:00:00 PM,125,213
04/22/2014 07:00:00 PM,69,91
04/22/2014 08:00:00 PM,28,45
04/22/2014 09:00:00 PM,17,23
04/22/2014 10:00:00 PM,10,13
04/22/2014 11:00:00 PM,12,10
04/23/2014 12:00:00 AM,1,1
04/23/2014 01:00:00 AM,2,50
04/23/2014 02:00:00 AM,0,22
04/23/2014 03:00:00 AM,1,20
04/23/2014 04:00:00 AM,2,19
04/23/2014 05:00:00 AM,17,35
04/23/2014 06:00:00 AM,48,32
04/23/2014 07:00:00 AM,191,22
04/23/2014 08:00:00 AM,327,25
04/23/2014 09:00:00 AM,178,101
04/23/2014 10:00:00 AM,72,54
04/23/2014 11:00:00 AM,47,40
04/23/2014 12:00:00 PM,47,19
04/23/2014 01:00:00 PM,46,31
04/23/2014 02:00:00 PM,40,32
04/23/2014 03:00:00 PM,59,54
04/23/2014 04:00:00 PM,64,114
04/23/2014 05:00:00 PM,121,294
04/23/2014 06:00:00 PM,107,203
04/23/2014 07:00:00 PM,46,111
04/23/2014 08:00:00 PM,17,43
04/23/2014 09:00:00 PM,13,22
04/23/2014 10:00:00 PM,15,16
04/23/2014 11:00:00 PM,4,7
04/24/2014 12:00:00 AM,3,3
04/24/2014 01:00:00 AM,2,1
04/24/2014 02:00:00 AM,2,0
04/24/2014 03:00:00 AM,1,0
04/24/2014 04:00:00 AM,3,2
04/24/2014 05:00:00 AM,10,8
04/24/2014 06:00:00 AM,45,27
04/24/2014 07:00:00 AM,151,61
04/24/2014 08:00:00 AM,237,97
04/24/2014 09:00:00 AM,156,69
04/24/2014 10:00:00 AM,66,38
04/24/2014 11:00:00 AM,31,28
04/24/2014 12:00:00 PM,27,22
04/24/2014 01:00:00 PM,14,21
04/24/2014 02:00:00 PM,30,27
04/24/2014 03:00:00 PM,42,38
04/24/2014 04:00:00 PM,67,85
04/24/2014 05:00:00 PM,107,270
04/24/2014 06:00:00 PM,119,202
04/24/2014 07:00:00 PM,72,124
04/24/2014 08:00:00 PM,34,48
04/24/2014 09:00:00 PM,18,34
04/24/2014 10:00:00 PM,22,26
04/24/2014 11:00:00 PM,11,10
04/25/2014 12:00:00 AM,1,6
04/25/2014 01:00:00 AM,3,3
04/25/2014 02:00:00 AM,1,2
04/25/2014 03:00:00 AM,1,0
04/25/2014 04:00:00 AM,1,38
04/25/2014 05:00:00 AM,15,39
04/25/2014 06:00:00 AM,64,15
04/25/2014 07:00:00 AM,162,20
04/25/2014 08:00:00 AM,294,61
04/25/2014 09:00:00 AM,167,101
04/25/2014 10:00:00 AM,84,53
04/25/2014 11:00:00 AM,70,27
04/25/2014 12:00:00 PM,65,62
04/25/2014 01:00:00 PM,52,61
04/25/2014 02:00:00 PM,60,56
04/25/2014 03:00:00 PM,71,84
04/25/2014 04:00:00 PM,113,150
04/25/2014 05:00:00 PM,163,297
04/25/2014 06:00:00 PM,135,228
04/25/2014 07:00:00 PM,67,92
04/25/2014 08:00:00 PM,39,47
04/25/2014 09:00:00 PM,26,30
04/25/2014 10:00:00 PM,13,17
04/25/2014 11:00:00 PM,21,17
04/26/2014 12:00:00 AM,7,10
04/26/2014 01:00:00 AM,4,6
04/26/2014 02:00:00 AM,4,4
04/26/2014 03:00:00 AM,1,2
04/26/2014 04:00:00 AM,2,2
04/26/2014 05:00:00 AM,3,47
04/26/2014 06:00:00 AM,10,47
04/26/2014 07:00:00 AM,21,53
04/26/2014 08:00:00 AM,42,67
04/26/2014 09:00:00 AM,72,45
04/26/2014 10:00:00 AM,95,74
04/26/2014 11:00:00 AM,87,68
04/26/2014 12:00:00 PM,119,88
04/26/2014 01:00:00 PM,79,67
04/26/2014 02:00:00 PM,82,67
04/26/2014 03:00:00 PM,84,88
04/26/2014 04:00:00 PM,104,89
04/26/2014 05:00:00 PM,88,68
04/26/2014 06:00:00 PM,66,52
04/26/2014 07:00:00 PM,29,22
04/26/2014 08:00:00 PM,21,13
04/26/2014 09:00:00 PM,13,10
04/26/2014 10:00:00 PM,7,11
04/26/2014 11:00:00 PM,8,1
04/27/2014 12:00:00 AM,4,7
04/27/2014 01:00:00 AM,4,5
04/27/2014 02:00:00 AM,1,1
04/27/2014 03:00:00 AM,0,0
04/27/2014 04:00:00 AM,0,58
04/27/2014 05:00:00 AM,3,34
04/27/2014 06:00:00 AM,7,27
04/27/2014 07:00:00 AM,2,61
04/27/2014 08:00:00 AM,25,37
04/27/2014 09:00:00 AM,49,32
04/27/2014 10:00:00 AM,42,35
04/27/2014 11:00:00 AM,46,39
04/27/2014 12:00:00 PM,51,49
04/27/2014 01:00:00 PM,57,47
04/27/2014 02:00:00 PM,69,50
04/27/2014 03:00:00 PM,58,60
04/27/2014 04:00:00 PM,81,49
04/27/2014 05:00:00 PM,63,49
04/27/2014 06:00:00 PM,47,31
04/27/2014 07:00:00 PM,24,16
04/27/2014 08:00:00 PM,17,17
04/27/2014 09:00:00 PM,11,10
04/27/2014 10:00:00 PM,8,12
04/27/2014 11:00:00 PM,7,0
04/28/2014 12:00:00 AM,1,5
04/28/2014 01:00:00 AM,2,1
04/28/2014 02:00:00 AM,0,0
04/28/2014 03:00:00 AM,2,0
04/28/2014 04:00:00 AM,3,70
04/28/2014 05:00:00 AM,19,35
04/28/2014 06:00:00 AM,71,23
04/28/2014 07:00:00 AM,255,16
04/28/2014 08:00:00 AM,356,47
04/28/2014 09:00:00 AM,191,103
04/28/2014 10:00:00 AM,58,39
04/28/2014 11:00:00 AM,57,29
04/28/2014 12:00:00 PM,38,38
04/28/2014 01:00:00 PM,49,47
04/28/2014 02:00:00 PM,52,66
04/28/2014 03:00:00 PM,77,86
04/28/2014 04:00:00 PM,107,161
04/28/2014 05:00:00 PM,168,413
04/28/2014 06:00:00 PM,205,339
04/28/2014 07:00:00 PM,119,162
04/28/2014 08:00:00 PM,59,70
04/28/2014 09:00:00 PM,23,30
04/28/2014 10:00:00 PM,26,19
04/28/2014 11:00:00 PM,12,9
04/29/2014 12:00:00 AM,3,13
04/29/2014 01:00:00 AM,1,2
04/29/2014 02:00:00 AM,3,1
04/29/2014 03:00:00 AM,0,0
04/29/2014 04:00:00 AM,4,2
04/29/2014 05:00:00 AM,28,14
04/29/2014 06:00:00 AM,103,38
04/29/2014 07:00:00 AM,296,113
04/29/2014 08:00:00 AM,421,174
04/29/2014 09:00:00 AM,222,123
04/29/2014 10:00:00 AM,89,61
04/29/2014 11:00:00 AM,58,51
04/29/2014 12:00:00 PM,66,51
04/29/2014 01:00:00 PM,81,43
04/29/2014 02:00:00 PM,81,73
04/29/2014 03:00:00 PM,85,95
04/29/2014 04:00:00 PM,123,203
04/29/2014 05:00:00 PM,207,496
04/29/2014 06:00:00 PM,261,408
04/29/2014 07:00:00 PM,153,187
04/29/2014 08:00:00 PM,94,103
04/29/2014 09:00:00 PM,47,43
04/29/2014 10:00:00 PM,25,21
04/29/2014 11:00:00 PM,21,16
04/30/2014 12:00:00 AM,7,11
04/30/2014 01:00:00 AM,5,4
04/30/2014 02:00:00 AM,4,2
04/30/2014 03:00:00 AM,2,0
04/30/2014 04:00:00 AM,3,4
04/30/2014 05:00:00 AM,24,12
04/30/2014 06:00:00 AM,91,47
04/30/2014 07:00:00 AM,312,106
04/30/2014 08:00:00 AM,470,174
04/30/2014 09:00:00 AM,248,143
04/30/2014 10:00:00 AM,104,54
04/30/2014 11:00:00 AM,77,56
04/30/2014 12:00:00 PM,72,66
04/30/2014 01:00:00 PM,80,71
04/30/2014 02:00:00 PM,92,55
04/30/2014 03:00:00 PM,100,115
04/30/2014 04:00:00 PM,152,244
04/30/2014 05:00:00 PM,215,527
04/30/2014 06:00:00 PM,256,396
04/30/2014 07:00:00 PM,151,181
04/30/2014 08:00:00 PM,118,97
04/30/2014 09:00:00 PM,51,52
04/30/2014 10:00:00 PM,35,45
04/30/2014 11:00:00 PM,19,17
04/01/2015 12:00:00 AM,3,0
04/01/2015 01:00:00 AM,0,1
04/01/2015 02:00:00 AM,3,0
04/01/2015 03:00:00 AM,2,0
04/01/2015 04:00:00 AM,2,2
04/01/2015 05:00:00 AM,23,7
04/01/2015 06:00:00 AM,55,25
04/01/2015 07:00:00 AM,40,91
04/01/2015 08:00:00 AM,3,202
04/01/2015 09:00:00 AM,0,150
04/01/2015 10:00:00 AM,0,74
04/01/2015 11:00:00 AM,1,56
04/01/2015 12:00:00 PM,0,61
04/01/2015 01:00:00 PM,0,63
04/01/2015 02:00:00 PM,29,47
04/01/2015 03:00:00 PM,62,50
04/01/2015 04:00:00 PM,100,124
04/01/2015 05:00:00 PM,150,298
04/01/2015 06:00:00 PM,143,259
04/01/2015 07:00:00 PM,44,87
04/01/2015 08:00:00 PM,27,46
04/01/2015 09:00:00 PM,22,27
04/01/2015 10:00:00 PM,13,15
04/01/2015 11:00:00 PM,8,12
04/02/2015 12:00:00 AM,1,5
04/02/2015 01:00:00 AM,4,1
04/02/2015 02:00:00 AM,1,0
04/02/2015 03:00:00 AM,1,3
04/02/2015 04:00:00 AM,3,2
04/02/2015 05:00:00 AM,28,4
04/02/2015 06:00:00 AM,72,26
04/02/2015 07:00:00 AM,171,8
04/02/2015 08:00:00 AM,302,0
04/02/2015 09:00:00 AM,191,0
04/02/2015 10:00:00 AM,73,0
04/02/2015 11:00:00 AM,49,0
04/02/2015 12:00:00 PM,54,0
04/02/2015 01:00:00 PM,62,0
04/02/2015 02:00:00 PM,58,21
04/02/2015 03:00:00 PM,54,60
04/02/2015 04:00:00 PM,109,147
04/02/2015 05:00:00 PM,183,294
04/02/2015 06:00:00 PM,151,260
04/02/2015 07:00:00 PM,87,103
04/02/2015 08:00:00 PM,35,76
04/02/2015 09:00:00 PM,36,32
04/02/2015 10:00:00 PM,14,17
04/02/2015 11:00:00 PM,16,14
04/03/2015 12:00:00 AM,9,12
04/03/2015 01:00:00 AM,7,2
04/03/2015 02:00:00 AM,8,3
04/03/2015 03:00:00 AM,3,1
04/03/2015 04:00:00 AM,1,3
04/03/2015 05:00:00 AM,20,6
04/03/2015 06:00:00 AM,48,28
04/03/2015 07:00:00 AM,185,54
04/03/2015 08:00:00 AM,257,77
04/03/2015 09:00:00 AM,140,73
04/03/2015 10:00:00 AM,83,67
04/03/2015 11:00:00 AM,46,28
04/03/2015 12:00:00 PM,39,30
04/03/2015 01:00:00 PM,25,27
04/03/2015 02:00:00 PM,28,25
04/03/2015 03:00:00 PM,42,61
04/03/2015 04:00:00 PM,64,144
04/03/2015 05:00:00 PM,108,291
04/03/2015 06:00:00 PM,112,162
04/03/2015 07:00:00 PM,42,75
04/03/2015 08:00:00 PM,23,50
04/03/2015 09:00:00 PM,12,34
04/03/2015 10:00:00 PM,14,15
04/03/2015 11:00:00 PM,15,12
04/04/2015 12:00:00 AM,7,6
04/04/2015 01:00:00 AM,2,0
04/04/2015 02:00:00 AM,5,2
04/04/2015 03:00:00 AM,0,2
04/04/2015 04:00:00 AM,3,1
04/04/2015 05:00:00 AM,6,3
04/04/2015 06:00:00 AM,11,9
04/04/2015 07:00:00 AM,21,15
04/04/2015 08:00:00 AM,43,36
04/04/2015 09:00:00 AM,58,45
04/04/2015 10:00:00 AM,76,34
04/04/2015 11:00:00 AM,76,59
04/04/2015 12:00:00 PM,139,73
04/04/2015 01:00:00 PM,102,88
04/04/2015 02:00:00 PM,83,81
04/04/2015 03:00:00 PM,110,62
04/04/2015 04:00:00 PM,89,86
04/04/2015 05:00:00 PM,92,88
04/04/2015 06:00:00 PM,79,71
04/04/2015 07:00:00 PM,41,29
04/04/2015 08:00:00 PM,42,25
04/04/2015 09:00:00 PM,23,18
04/04/2015 10:00:00 PM,13,15
04/04/2015 11:00:00 PM,8,10
04/05/2015 12:00:00 AM,8,15
04/05/2015 01:00:00 AM,2,10
04/05/2015 02:00:00 AM,2,2
04/05/2015 03:00:00 AM,2,0
04/05/2015 04:00:00 AM,3,0
04/05/2015 05:00:00 AM,5,3
04/05/2015 06:00:00 AM,7,9
04/05/2015 07:00:00 AM,7,14
04/05/2015 08:00:00 AM,20,18
04/05/2015 09:00:00 AM,45,47
04/05/2015 10:00:00 AM,77,54
04/05/2015 11:00:00 AM,80,48
04/05/2015 12:00:00 PM,70,84
04/05/2015 01:00:00 PM,89,62
04/05/2015 02:00:00 PM,128,83
04/05/2015 03:00:00 PM,101,76
04/05/2015 04:00:00 PM,87,63
04/05/2015 05:00:00 PM,86,61
04/05/2015 06:00:00 PM,46,64
04/05/2015 07:00:00 PM,33,37
04/05/2015 08:00:00 PM,19,25
04/05/2015 09:00:00 PM,6,6
04/05/2015 10:00:00 PM,8,8
04/05/2015 11:00:00 PM,3,6
04/06/2015 12:00:00 AM,8,6
04/06/2015 01:00:00 AM,0,2
04/06/2015 02:00:00 AM,2,2
04/06/2015 03:00:00 AM,3,0
04/06/2015 04:00:00 AM,4,2
04/06/2015 05:00:00 AM,32,9
04/06/2015 06:00:00 AM,64,44
04/06/2015 07:00:00 AM,186,17
04/06/2015 08:00:00 AM,342,0
04/06/2015 09:00:00 AM,171,0
04/06/2015 10:00:00 AM,66,1
04/06/2015 11:00:00 AM,49,0
04/06/2015 12:00:00 PM,57,0
04/06/2015 01:00:00 PM,82,0
04/06/2015 02:00:00 PM,51,22
04/06/2015 03:00:00 PM,53,64
04/06/2015 04:00:00 PM,99,154
04/06/2015 05:00:00 PM,164,420
04/06/2015 06:00:00 PM,143,245
04/06/2015 07:00:00 PM,70,118
04/06/2015 08:00:00 PM,36,52
04/06/2015 09:00:00 PM,27,28
04/06/2015 10:00:00 PM,17,18
04/06/2015 11:00:00 PM,5,20
04/07/2015 12:00:00 AM,9,5
04/07/2015 01:00:00 AM,1,2
04/07/2015 02:00:00 AM,1,2
04/07/2015 03:00:00 AM,2,0
04/07/2015 04:00:00 AM,3,2
04/07/2015 05:00:00 AM,27,13
04/07/2015 06:00:00 AM,75,28
04/07/2015 07:00:00 AM,206,22
04/07/2015 08:00:00 AM,383,0
04/07/2015 09:00:00 AM,179,0
04/07/2015 10:00:00 AM,94,1
04/07/2015 11:00:00 AM,49,0
04/07/2015 12:00:00 PM,42,0
04/07/2015 01:00:00 PM,34,0
04/07/2015 02:00:00 PM,42,32
04/07/2015 03:00:00 PM,67,54
04/07/2015 04:00:00 PM,85,169
04/07/2015 05:00:00 PM,175,371
04/07/2015 06:00:00 PM,149,292
04/07/2015 07:00:00 PM,79,120
04/07/2015 08:00:00 PM,50,68
04/07/2015 09:00:00 PM,25,34
04/07/2015 10:00:00 PM,10,14
04/07/2015 11:00:00 PM,13,19
04/08/2015 12:00:00 AM,5,7
04/08/2015 01:00:00 AM,2,5
04/08/2015 02:00:00 AM,2,0
04/08/2015 03:00:00 AM,4,0
04/08/2015 04:00:00 AM,3,2
04/08/2015 05:00:00 AM,26,9
04/08/2015 06:00:00 AM,79,44
04/08/2015 07:00:00 AM,209,10
04/08/2015 08:00:00 AM,367,0
04/08/2015 09:00:00 AM,208,2
04/08/2015 10:00:00 AM,97,0
04/08/2015 11:00:00 AM,60,0
04/08/2015 12:00:00 PM,79,0
04/08/2015 01:00:00 PM,83,0
04/08/2015 02:00:00 PM,59,33
04/08/2015 03:00:00 PM,62,73
04/08/2015 04:00:00 PM,121,125
04/08/2015 05:00:00 PM,178,402
04/08/2015 06:00:00 PM,193,312
04/08/2015 07:00:00 PM,93,104
04/08/2015 08:00:00 PM,68,59
04/08/2015 09:00:00 PM,41,32
04/08/2015 10:00:00 PM,27,28
04/08/2015 11:00:00 PM,11,27
04/09/2015 12:00:00 AM,6,10
04/09/2015 01:00:00 AM,4,2
04/09/2015 02:00:00 AM,3,1
04/09/2015 03:00:00 AM,2,3
04/09/2015 04:00:00 AM,4,3
04/09/2015 05:00:00 AM,25,15
04/09/2015 06:00:00 AM,70,48
04/09/2015 07:00:00 AM,212,14
04/09/2015 08:00:00 AM,334,0
04/09/2015 09:00:00 AM,207,2
04/09/2015 10:00:00 AM,64,31
04/09/2015 11:00:00 AM,3,70
04/09/2015 12:00:00 PM,1,103
04/09/2015 01:00:00 PM,0,108
04/09/2015 02:00:00 PM,38,90
04/09/2015 03:00:00 PM,66,101
04/09/2015 04:00:00 PM,146,185
04/09/2015 05:00:00 PM,199,427
04/09/2015 06:00:00 PM,228,314
04/09/2015 07:00:00 PM,126,126
04/09/2015 08:00:00 PM,71,66
04/09/2015 09:00:00 PM,36,38
04/09/2015 10:00:00 PM,21,17
04/09/2015 11:00:00 PM,7,23
04/10/2015 12:00:00 AM,10,3
04/10/2015 01:00:00 AM,7,7
04/10/2015 02:00:00 AM,2,2
04/10/2015 03:00:00 AM,2,2
04/10/2015 04:00:00 AM,4,2
04/10/2015 05:00:00 AM,24,10
04/10/2015 06:00:00 AM,59,32
04/10/2015 07:00:00 AM,27,92
04/10/2015 08:00:00 AM,0,168
04/10/2015 09:00:00 AM,0,135
04/10/2015 10:00:00 AM,2,111
04/10/2015 11:00:00 AM,0,89
04/10/2015 12:00:00 PM,1,63
04/10/2015 01:00:00 PM,14,54
04/10/2015 02:00:00 PM,51,47
04/10/2015 03:00:00 PM,56,90
04/10/2015 04:00:00 PM,93,168
04/10/2015 05:00:00 PM,106,248
04/10/2015 06:00:00 PM,99,166
04/10/2015 07:00:00 PM,25,61
04/10/2015 08:00:00 PM,17,22
04/10/2015 09:00:00 PM,15,6
04/10/2015 10:00:00 PM,6,10
04/10/2015 11:00:00 PM,5,6
04/11/2015 12:00:00 AM,3,5
04/11/2015 01:00:00 AM,5,0
04/11/2015 02:00:00 AM,3,2
04/11/2015 03:00:00 AM,0,1
04/11/2015 04:00:00 AM,0,0
04/11/2015 05:00:00 AM,4,1
04/11/2015 06:00:00 AM,6,5
04/11/2015 07:00:00 AM,19,6
04/11/2015 08:00:00 AM,27,21
04/11/2015 09:00:00 AM,34,32
04/11/2015 10:00:00 AM,61,32
04/11/2015 11:00:00 AM,53,47
04/11/2015 12:00:00 PM,78,56
04/11/2015 01:00:00 PM,58,61
04/11/2015 02:00:00 PM,71,54
04/11/2015 03:00:00 PM,86,56
04/11/2015 04:00:00 PM,32,42
04/11/2015 05:00:00 PM,35,40
04/11/2015 06:00:00 PM,44,24
04/11/2015 07:00:00 PM,44,32
04/11/2015 08:00:00 PM,20,13
04/11/2015 09:00:00 PM,10,10
04/11/2015 10:00:00 PM,5,9
04/11/2015 11:00:00 PM,9,8
04/12/2015 12:00:00 AM,4,5
04/12/2015 01:00:00 AM,4,4
04/12/2015 02:00:00 AM,1,2
04/12/2015 03:00:00 AM,0,3
04/12/2015 04:00:00 AM,2,2
04/12/2015 05:00:00 AM,1,0
04/12/2015 06:00:00 AM,5,7
04/12/2015 07:00:00 AM,10,6
04/12/2015 08:00:00 AM,31,19
04/12/2015 09:00:00 AM,100,36
04/12/2015 10:00:00 AM,87,47
04/12/2015 11:00:00 AM,93,74
04/12/2015 12:00:00 PM,86,64
04/12/2015 01:00:00 PM,123,78
04/12/2015 02:00:00 PM,87,63
04/12/2015 03:00:00 PM,89,81
04/12/2015 04:00:00 PM,56,60
04/12/2015 05:00:00 PM,60,52
04/12/2015 06:00:00 PM,49,65
04/12/2015 07:00:00 PM,36,26
04/12/2015 08:00:00 PM,14,17
04/12/2015 09:00:00 PM,10,9
04/12/2015 10:00:00 PM,8,6
04/12/2015 11:00:00 PM,8,11
04/13/2015 12:00:00 AM,5,8
04/13/2015 01:00:00 AM,2,1
04/13/2015 02:00:00 AM,3,0
04/13/2015 03:00:00 AM,1,0
04/13/2015 04:00:00 AM,4,1
04/13/2015 05:00:00 AM,23,4
04/13/2015 06:00:00 AM,48,27
04/13/2015 07:00:00 AM,164,50
04/13/2015 08:00:00 AM,256,81
04/13/2015 09:00:00 AM,165,84
04/13/2015 10:00:00 AM,60,28
04/13/2015 11:00:00 AM,47,29
04/13/2015 12:00:00 PM,35,30
04/13/2015 01:00:00 PM,25,23
04/13/2015 02:00:00 PM,14,17
04/13/2015 03:00:00 PM,19,34
04/13/2015 04:00:00 PM,55,85
04/13/2015 05:00:00 PM,100,209
04/13/2015 06:00:00 PM,70,168
04/13/2015 07:00:00 PM,28,63
04/13/2015 08:00:00 PM,14,25
04/13/2015 09:00:00 PM,12,14
04/13/2015 10:00:00 PM,6,5
04/13/2015 11:00:00 PM,9,7
04/14/2015 12:00:00 AM,3,6
04/14/2015 01:00:00 AM,0,1
04/14/2015 02:00:00 AM,2,1
04/14/2015 03:00:00 AM,1,1
04/14/2015 04:00:00 AM,2,2
04/14/2015 05:00:00 AM,18,6
04/14/2015 06:00:00 AM,48,20
04/14/2015 07:00:00 AM,161,71
04/14/2015 08:00:00 AM,244,63
04/14/2015 09:00:00 AM,146,76
04/14/2015 10:00:00 AM,56,35
04/14/2015 11:00:00 AM,28,28
04/14/2015 12:00:00 PM,32,26
04/14/2015 01:00:00 PM,33,43
04/14/2015 02:00:00 PM,48,45
04/14/2015 03:00:00 PM,40,53
04/14/2015 04:00:00 PM,57,96
04/14/2015 05:00:00 PM,97,220
04/14/2015 06:00:00 PM,108,200
04/14/2015 07:00:00 PM,50,83
04/14/2015 08:00:00 PM,25,52
04/14/2015 09:00:00 PM,14,32
04/14/2015 10:00:00 PM,17,12
04/14/2015 11:00:00 PM,12,10
04/15/2015 12:00:00 AM,3,6
04/15/2015 01:00:00 AM,4,3
04/15/2015 02:00:00 AM,2,1
04/15/2015 03:00:00 AM,1,4
04/15/2015 04:00:00 AM,3,1
04/15/2015 05:00:00 AM,27,10
04/15/2015 06:00:00 AM,73,37
04/15/2015 07:00:00 AM,232,65
04/15/2015 08:00:00 AM,326,117
04/15/2015 09:00:00 AM,184,109
04/15/2015 10:00:00 AM,68,47
04/15/2015 11:00:00 AM,37,41
04/15/2015 12:00:00 PM,49,46
04/15/2015 01:00:00 PM,54,44
04/15/2015 02:00:00 PM,61,45
04/15/2015 03:00:00 PM,66,76
04/15/2015 04:00:00 PM,121,156
04/15/2015 05:00:00 PM,195,388
04/15/2015 06:00:00 PM,185,314
04/15/2015 07:00:00 PM,93,128
04/15/2015 08:00:00 PM,59,72
04/15/2015 09:00:00 PM,21,43
04/15/2015 10:00:00 PM,27,21
04/15/2015 11:00:00 PM,17,15
04/16/2015 12:00:00 AM,7,7
04/16/2015 01:00:00 AM,1,8
04/16/2015 02:00:00 AM,1,0
04/16/2015 03:00:00 AM,5,2
04/16/2015 04:00:00 AM,4,2
04/16/2015 05:00:00 AM,21,17
04/16/2015 06:00:00 AM,74,37
04/16/2015 07:00:00 AM,245,63
04/16/2015 08:00:00 AM,356,146
04/16/2015 09:00:00 AM,200,119
04/16/2015 10:00:00 AM,79,49
04/16/2015 11:00:00 AM,56,40
04/16/2015 12:00:00 PM,76,61
04/16/2015 01:00:00 PM,48,52
04/16/2015 02:00:00 PM,65,47
04/16/2015 03:00:00 PM,81,82
04/16/2015 04:00:00 PM,121,185
04/16/2015 05:00:00 PM,194,392
04/16/2015 06:00:00 PM,171,290
04/16/2015 07:00:00 PM,110,154
04/16/2015 08:00:00 PM,83,74
04/16/2015 09:00:00 PM,43,41
04/16/2015 10:00:00 PM,29,31
04/16/2015 11:00:00 PM,10,23
04/17/2015 12:00:00 AM,11,12
04/17/2015 01:00:00 AM,7,3
04/17/2015 02:00:00 AM,2,2
04/17/2015 03:00:00 AM,4,5
04/17/2015 04:00:00 AM,1,4
04/17/2015 05:00:00 AM,16,11
04/17/2015 06:00:00 AM,66,34
04/17/2015 07:00:00 AM,228,69
04/17/2015 08:00:00 AM,312,119
04/17/2015 09:00:00 AM,171,106
04/17/2015 10:00:00 AM,68,50
04/17/2015 11:00:00 AM,41,42
04/17/2015 12:00:00 PM,43,53
04/17/2015 01:00:00 PM,81,38
04/17/2015 02:00:00 PM,56,49
04/17/2015 03:00:00 PM,91,78
04/17/2015 04:00:00 PM,122,158
04/17/2015 05:00:00 PM,160,348
04/17/2015 06:00:00 PM,156,234
04/17/2015 07:00:00 PM,78,107
04/17/2015 08:00:00 PM,42,45
04/17/2015 09:00:00 PM,15,27
04/17/2015 10:00:00 PM,27,23
04/17/2015 11:00:00 PM,17,22
04/18/2015 12:00:00 AM,6,18
04/18/2015 01:00:00 AM,7,4
04/18/2015 02:00:00 AM,5,3
04/18/2015 03:00:00 AM,0,1
04/18/2015 04:00:00 AM,2,2
04/18/2015 05:00:00 AM,4,2
04/18/2015 06:00:00 AM,17,11
04/18/2015 07:00:00 AM,26,20
04/18/2015 08:00:00 AM,35,39
04/18/2015 09:00:00 AM,79,50
04/18/2015 10:00:00 AM,101,66
04/18/2015 11:00:00 AM,81,61
04/18/2015 12:00:00 PM,102,92
04/18/2015 01:00:00 PM,117,91
04/18/2015 02:00:00 PM,149,117
04/18/2015 03:00:00 PM,133,94
04/18/2015 04:00:00 PM,128,81
04/18/2015 05:00:00 PM,109,88
04/18/2015 06:00:00 PM,79,90
04/18/2015 07:00:00 PM,68,49
04/18/2015 08:00:00 PM,24,29
04/18/2015 09:00:00 PM,17,26
04/18/2015 10:00:00 PM,22,24
04/18/2015 11:00:00 PM,17,15
04/19/2015 12:00:00 AM,16,21
04/19/2015 01:00:00 AM,2,9
04/19/2015 02:00:00 AM,1,1
04/19/2015 03:00:00 AM,138,6
04/19/2015 04:00:00 AM,2,2
04/19/2015 05:00:00 AM,3,4
04/19/2015 06:00:00 AM,8,7
04/19/2015 07:00:00 AM,15,15
04/19/2015 08:00:00 AM,43,41
04/19/2015 09:00:00 AM,51,62
04/19/2015 10:00:00 AM,84,85
04/19/2015 11:00:00 AM,142,110
04/19/2015 12:00:00 PM,114,101
04/19/2015 01:00:00 PM,140,154
04/19/2015 02:00:00 PM,164,131
04/19/2015 03:00:00 PM,153,118
04/19/2015 04:00:00 PM,163,92
04/19/2015 05:00:00 PM,95,98
04/19/2015 06:00:00 PM,73,86
04/19/2015 07:00:00 PM,52,54
04/19/2015 08:00:00 PM,26,25
04/19/2015 09:00:00 PM,19,15
04/19/2015 10:00:00 PM,9,10
04/19/2015 11:00:00 PM,6,9
04/20/2015 12:00:00 AM,8,2
04/20/2015 01:00:00 AM,5,2
04/20/2015 02:00:00 AM,3,1
04/20/2015 03:00:00 AM,3,1
04/20/2015 04:00:00 AM,5,4
04/20/2015 05:00:00 AM,26,14
04/20/2015 06:00:00 AM,89,48
04/20/2015 07:00:00 AM,291,107
04/20/2015 08:00:00 AM,440,149
04/20/2015 09:00:00 AM,215,104
04/20/2015 10:00:00 AM,73,63
04/20/2015 11:00:00 AM,55,44
04/20/2015 12:00:00 PM,70,51
04/20/2015 01:00:00 PM,68,72
04/20/2015 02:00:00 PM,75,63
04/20/2015 03:00:00 PM,83,104
04/20/2015 04:00:00 PM,143,183
04/20/2015 05:00:00 PM,214,525
04/20/2015 06:00:00 PM,221,350
04/20/2015 07:00:00 PM,106,174
04/20/2015 08:00:00 PM,70,72
04/20/2015 09:00:00 PM,35,38
04/20/2015 10:00:00 PM,23,20
04/20/2015 11:00:00 PM,21,23
04/21/2015 12:00:00 AM,4,7
04/21/2015 01:00:00 AM,0,3
04/21/2015 02:00:00 AM,5,5
04/21/2015 03:00:00 AM,3,2
04/21/2015 04:00:00 AM,5,2
04/21/2015 05:00:00 AM,31,13
04/21/2015 06:00:00 AM,90,44
04/21/2015 07:00:00 AM,300,88
04/21/2015 08:00:00 AM,389,172
04/21/2015 09:00:00 AM,207,132
04/21/2015 10:00:00 AM,65,51
04/21/2015 11:00:00 AM,,
04/21/2015 12:00:00 PM,,
04/21/2015 01:00:00 PM,24,30
04/21/2015 02:00:00 PM,44,40
04/21/2015 03:00:00 PM,63,76
04/21/2015 04:00:00 PM,112,197
04/21/2015 05:00:00 PM,153,379
04/21/2015 06:00:00 PM,78,184
04/21/2015 07:00:00 PM,51,86
04/21/2015 08:00:00 PM,14,40
04/21/2015 09:00:00 PM,12,14
04/21/2015 10:00:00 PM,6,8
04/21/2015 11:00:00 PM,5,9
04/22/2015 12:00:00 AM,2,4
04/22/2015 01:00:00 AM,2,2
04/22/2015 02:00:00 AM,1,1
04/22/2015 03:00:00 AM,2,4
04/22/2015 04:00:00 AM,4,2
04/22/2015 05:00:00 AM,16,16
04/22/2015 06:00:00 AM,77,46
04/22/2015 07:00:00 AM,229,67
04/22/2015 08:00:00 AM,322,133
04/22/2015 09:00:00 AM,132,84
04/22/2015 10:00:00 AM,44,36
04/22/2015 11:00:00 AM,100,61
04/22/2015 12:00:00 PM,42,39
04/22/2015 01:00:00 PM,41,32
04/22/2015 02:00:00 PM,49,41
04/22/2015 03:00:00 PM,63,62
04/22/2015 04:00:00 PM,101,144
04/22/2015 05:00:00 PM,163,353
04/22/2015 06:00:00 PM,165,272
04/22/2015 07:00:00 PM,69,99
04/22/2015 08:00:00 PM,49,60
04/22/2015 09:00:00 PM,29,34
04/22/2015 10:00:00 PM,13,18
04/22/2015 11:00:00 PM,9,17
04/23/2015 12:00:00 AM,7,8
04/23/2015 01:00:00 AM,1,0
04/23/2015 02:00:00 AM,3,1
04/23/2015 03:00:00 AM,2,4
04/23/2015 04:00:00 AM,7,1
04/23/2015 05:00:00 AM,17,9
04/23/2015 06:00:00 AM,92,45
04/23/2015 07:00:00 AM,224,76
04/23/2015 08:00:00 AM,255,124
04/23/2015 09:00:00 AM,114,76
04/23/2015 10:00:00 AM,46,38
04/23/2015 11:00:00 AM,24,14
04/23/2015 12:00:00 PM,32,33
04/23/2015 01:00:00 PM,22,16
04/23/2015 02:00:00 PM,21,31
04/23/2015 03:00:00 PM,32,42
04/23/2015 04:00:00 PM,60,99
04/23/2015 05:00:00 PM,116,244
04/23/2015 06:00:00 PM,69,186
04/23/2015 07:00:00 PM,41,83
04/23/2015 08:00:00 PM,24,38
04/23/2015 09:00:00 PM,19,28
04/23/2015 10:00:00 PM,13,8
04/23/2015 11:00:00 PM,6,7
04/24/2015 12:00:00 AM,0,5
04/24/2015 01:00:00 AM,3,4
04/24/2015 02:00:00 AM,0,0
04/24/2015 03:00:00 AM,1,4
04/24/2015 04:00:00 AM,3,2
04/24/2015 05:00:00 AM,18,5
04/24/2015 06:00:00 AM,70,28
04/24/2015 07:00:00 AM,181,51
04/24/2015 08:00:00 AM,251,98
04/24/2015 09:00:00 AM,107,59
04/24/2015 10:00:00 AM,33,27
04/24/2015 11:00:00 AM,25,25
04/24/2015 12:00:00 PM,26,26
04/24/2015 01:00:00 PM,42,28
04/24/2015 02:00:00 PM,42,38
04/24/2015 03:00:00 PM,42,77
04/24/2015 04:00:00 PM,65,115
04/24/2015 05:00:00 PM,95,244
04/24/2015 06:00:00 PM,75,123
04/24/2015 07:00:00 PM,36,80
04/24/2015 08:00:00 PM,20,33
04/24/2015 09:00:00 PM,8,20
04/24/2015 10:00:00 PM,9,13
04/24/2015 11:00:00 PM,6,13
04/25/2015 12:00:00 AM,8,5
04/25/2015 01:00:00 AM,4,5
04/25/2015 02:00:00 AM,4,3
04/25/2015 03:00:00 AM,2,4
04/25/2015 04:00:00 AM,3,0
04/25/2015 05:00:00 AM,7,3
04/25/2015 06:00:00 AM,8,10
04/25/2015 07:00:00 AM,19,19
04/25/2015 08:00:00 AM,33,33
04/25/2015 09:00:00 AM,45,35
04/25/2015 10:00:00 AM,59,46
04/25/2015 11:00:00 AM,55,58
04/25/2015 12:00:00 PM,88,66
04/25/2015 01:00:00 PM,78,64
04/25/2015 02:00:00 PM,95,64
04/25/2015 03:00:00 PM,67,70
04/25/2015 04:00:00 PM,76,59
04/25/2015 05:00:00 PM,91,56
04/25/2015 06:00:00 PM,58,41
04/25/2015 07:00:00 PM,21,36
04/25/2015 08:00:00 PM,19,22
04/25/2015 09:00:00 PM,11,14
04/25/2015 10:00:00 PM,10,9
04/25/2015 11:00:00 PM,15,18
04/26/2015 12:00:00 AM,5,10
04/26/2015 01:00:00 AM,6,3
04/26/2015 02:00:00 AM,3,0
04/26/2015 03:00:00 AM,1,2
04/26/2015 04:00:00 AM,1,2
04/26/2015 05:00:00 AM,2,0
04/26/2015 06:00:00 AM,8,6
04/26/2015 07:00:00 AM,18,15
04/26/2015 08:00:00 AM,29,28
04/26/2015 09:00:00 AM,41,44
04/26/2015 10:00:00 AM,61,42
04/26/2015 11:00:00 AM,68,68
04/26/2015 12:00:00 PM,80,71
04/26/2015 01:00:00 PM,83,60
04/26/2015 02:00:00 PM,78,52
04/26/2015 03:00:00 PM,84,67
04/26/2015 04:00:00 PM,87,60
04/26/2015 05:00:00 PM,98,65
04/26/2015 06:00:00 PM,38,33
04/26/2015 07:00:00 PM,17,23
04/26/2015 08:00:00 PM,16,14
04/26/2015 09:00:00 PM,10,35
04/26/2015 10:00:00 PM,6,6
04/26/2015 11:00:00 PM,3,17
04/27/2015 12:00:00 AM,4,0
04/27/2015 01:00:00 AM,0,2
04/27/2015 02:00:00 AM,1,2
04/27/2015 03:00:00 AM,5,0
04/27/2015 04:00:00 AM,7,2
04/27/2015 05:00:00 AM,30,14
04/27/2015 06:00:00 AM,126,40
04/27/2015 07:00:00 AM,274,63
04/27/2015 08:00:00 AM,334,153
04/27/2015 09:00:00 AM,153,87
04/27/2015 10:00:00 AM,48,34
04/27/2015 11:00:00 AM,48,30
04/27/2015 12:00:00 PM,42,63
04/27/2015 01:00:00 PM,51,53
04/27/2015 02:00:00 PM,64,48
04/27/2015 03:00:00 PM,84,94
04/27/2015 04:00:00 PM,140,230
04/27/2015 05:00:00 PM,222,504
04/27/2015 06:00:00 PM,190,316
04/27/2015 07:00:00 PM,139,135
04/27/2015 08:00:00 PM,93,72
04/27/2015 09:00:00 PM,31,32
04/27/2015 10:00:00 PM,29,27
04/27/2015 11:00:00 PM,10,14
04/28/2015 12:00:00 AM,2,6
04/28/2015 01:00:00 AM,1,1
04/28/2015 02:00:00 AM,3,1
04/28/2015 03:00:00 AM,10,1
04/28/2015 04:00:00 AM,3,3
04/28/2015 05:00:00 AM,29,14
04/28/2015 06:00:00 AM,93,45
04/28/2015 07:00:00 AM,255,79
04/28/2015 08:00:00 AM,314,142
04/28/2015 09:00:00 AM,112,63
04/28/2015 10:00:00 AM,46,33
04/28/2015 11:00:00 AM,38,29
04/28/2015 12:00:00 PM,31,23
04/28/2015 01:00:00 PM,19,34
04/28/2015 02:00:00 PM,24,25
04/28/2015 03:00:00 PM,37,56
04/28/2015 04:00:00 PM,73,149
04/28/2015 05:00:00 PM,118,270
04/28/2015 06:00:00 PM,96,200
04/28/2015 07:00:00 PM,36,75
04/28/2015 08:00:00 PM,28,44
04/28/2015 09:00:00 PM,19,22
04/28/2015 10:00:00 PM,13,15
04/28/2015 11:00:00 PM,5,10
04/29/2015 12:00:00 AM,2,2
04/29/2015 01:00:00 AM,4,0
04/29/2015 02:00:00 AM,2,1
04/29/2015 03:00:00 AM,4,1
04/29/2015 04:00:00 AM,5,2
04/29/2015 05:00:00 AM,26,13
04/29/2015 06:00:00 AM,75,48
04/29/2015 07:00:00 AM,259,87
04/29/2015 08:00:00 AM,295,149
04/29/2015 09:00:00 AM,129,83
04/29/2015 10:00:00 AM,57,39
04/29/2015 11:00:00 AM,32,36
04/29/2015 12:00:00 PM,56,30
04/29/2015 01:00:00 PM,57,49
04/29/2015 02:00:00 PM,36,46
04/29/2015 03:00:00 PM,50,63
04/29/2015 04:00:00 PM,91,171
04/29/2015 05:00:00 PM,201,390
04/29/2015 06:00:00 PM,146,239
04/29/2015 07:00:00 PM,74,140
04/29/2015 08:00:00 PM,48,71
04/29/2015 09:00:00 PM,30,40
04/29/2015 10:00:00 PM,18,18
04/29/2015 11:00:00 PM,12,10
04/30/2015 12:00:00 AM,6,1
04/30/2015 01:00:00 AM,4,1
04/30/2015 02:00:00 AM,2,0
04/30/2015 03:00:00 AM,4,2
04/30/2015 04:00:00 AM,5,6
04/30/2015 05:00:00 AM,25,14
04/30/2015 06:00:00 AM,94,58
04/30/2015 07:00:00 AM,263,86
04/30/2015 08:00:00 AM,319,156
04/30/2015 09:00:00 AM,139,101
04/30/2015 10:00:00 AM,53,34
04/30/2015 11:00:00 AM,56,35
04/30/2015 12:00:00 PM,42,28
04/30/2015 01:00:00 PM,45,41
04/30/2015 02:00:00 PM,47,49
04/30/2015 03:00:00 PM,68,97
04/30/2015 04:00:00 PM,123,176
04/30/2015 05:00:00 PM,193,417
04/30/2015 06:00:00 PM,134,264
04/30/2015 07:00:00 PM,77,104
04/30/2015 08:00:00 PM,47,63
04/30/2015 09:00:00 PM,21,34
04/30/2015 10:00:00 PM,21,28
04/30/2015 11:00:00 PM,6,19
04/01/2016 12:00:00 AM,6,7
04/01/2016 01:00:00 AM,5,3
04/01/2016 02:00:00 AM,4,2
04/01/2016 03:00:00 AM,2,3
04/01/2016 04:00:00 AM,0,2
04/01/2016 05:00:00 AM,22,13
04/01/2016 06:00:00 AM,94,43
04/01/2016 07:00:00 AM,256,106
04/01/2016 08:00:00 AM,346,153
04/01/2016 09:00:00 AM,150,93
04/01/2016 10:00:00 AM,77,63
04/01/2016 11:00:00 AM,54,44
04/01/2016 12:00:00 PM,72,58
04/01/2016 01:00:00 PM,49,68
04/01/2016 02:00:00 PM,83,90
04/01/2016 03:00:00 PM,96,114
04/01/2016 04:00:00 PM,158,273
04/01/2016 05:00:00 PM,178,424
04/01/2016 06:00:00 PM,113,203
04/01/2016 07:00:00 PM,74,107
04/01/2016 08:00:00 PM,28,52
04/01/2016 09:00:00 PM,22,29
04/01/2016 10:00:00 PM,22,15
04/01/2016 11:00:00 PM,17,23
04/02/2016 12:00:00 AM,11,12
04/02/2016 01:00:00 AM,7,4
04/02/2016 02:00:00 AM,2,3
04/02/2016 03:00:00 AM,0,1
04/02/2016 04:00:00 AM,1,1
04/02/2016 05:00:00 AM,5,3
04/02/2016 06:00:00 AM,13,17
04/02/2016 07:00:00 AM,16,18
04/02/2016 08:00:00 AM,36,25
04/02/2016 09:00:00 AM,50,45
04/02/2016 10:00:00 AM,56,59
04/02/2016 11:00:00 AM,58,75
04/02/2016 12:00:00 PM,99,73
04/02/2016 01:00:00 PM,91,68
04/02/2016 02:00:00 PM,97,77
04/02/2016 03:00:00 PM,118,121
04/02/2016 04:00:00 PM,91,77
04/02/2016 05:00:00 PM,76,93
04/02/2016 06:00:00 PM,87,48
04/02/2016 07:00:00 PM,30,49
04/02/2016 08:00:00 PM,29,33
04/02/2016 09:00:00 PM,22,17
04/02/2016 10:00:00 PM,12,15
04/02/2016 11:00:00 PM,7,20
04/03/2016 12:00:00 AM,7,9
04/03/2016 01:00:00 AM,3,2
04/03/2016 02:00:00 AM,3,4
04/03/2016 03:00:00 AM,2,2
04/03/2016 04:00:00 AM,1,1
04/03/2016 05:00:00 AM,3,8
04/03/2016 06:00:00 AM,26,67
04/03/2016 07:00:00 AM,32,69
04/03/2016 08:00:00 AM,40,22
04/03/2016 09:00:00 AM,69,42
04/03/2016 10:00:00 AM,121,64
04/03/2016 11:00:00 AM,112,71
04/03/2016 12:00:00 PM,113,58
04/03/2016 01:00:00 PM,125,106
04/03/2016 02:00:00 PM,96,82
04/03/2016 03:00:00 PM,102,99
04/03/2016 04:00:00 PM,96,77
04/03/2016 05:00:00 PM,81,72
04/03/2016 06:00:00 PM,51,39
04/03/2016 07:00:00 PM,32,31
04/03/2016 08:00:00 PM,26,26
04/03/2016 09:00:00 PM,9,8
04/03/2016 10:00:00 PM,4,10
04/03/2016 11:00:00 PM,4,0
04/04/2016 12:00:00 AM,1,0
04/04/2016 01:00:00 AM,0,1
04/04/2016 02:00:00 AM,0,1
04/04/2016 03:00:00 AM,0,0
04/04/2016 04:00:00 AM,3,1
04/04/2016 05:00:00 AM,22,8
04/04/2016 06:00:00 AM,68,42
04/04/2016 07:00:00 AM,221,79
04/04/2016 08:00:00 AM,312,127
04/04/2016 09:00:00 AM,132,84
04/04/2016 10:00:00 AM,47,51
04/04/2016 11:00:00 AM,24,25
04/04/2016 12:00:00 PM,34,23
04/04/2016 01:00:00 PM,31,21
04/04/2016 02:00:00 PM,26,29
04/04/2016 03:00:00 PM,35,46
04/04/2016 04:00:00 PM,66,133
04/04/2016 05:00:00 PM,131,366
04/04/2016 06:00:00 PM,109,195
04/04/2016 07:00:00 PM,51,101
04/04/2016 08:00:00 PM,33,37
04/04/2016 09:00:00 PM,20,26
04/04/2016 10:00:00 PM,18,13
04/04/2016 11:00:00 PM,3,8
04/05/2016 12:00:00 AM,3,3
04/05/2016 01:00:00 AM,1,3
04/05/2016 02:00:00 AM,2,1
04/05/2016 03:00:00 AM,0,1
04/05/2016 04:00:00 AM,5,3
04/05/2016 05:00:00 AM,30,12
04/05/2016 06:00:00 AM,95,42
04/05/2016 07:00:00 AM,295,118
04/05/2016 08:00:00 AM,368,159
04/05/2016 09:00:00 AM,150,107
04/05/2016 10:00:00 AM,56,40
04/05/2016 11:00:00 AM,42,35
04/05/2016 12:00:00 PM,34,33
04/05/2016 01:00:00 PM,28,33
04/05/2016 02:00:00 PM,38,45
04/05/2016 03:00:00 PM,56,66
04/05/2016 04:00:00 PM,104,187
04/05/2016 05:00:00 PM,167,433
04/05/2016 06:00:00 PM,126,260
04/05/2016 07:00:00 PM,69,123
04/05/2016 08:00:00 PM,31,63
04/05/2016 09:00:00 PM,24,18
04/05/2016 10:00:00 PM,7,16
04/05/2016 11:00:00 PM,6,6
04/06/2016 12:00:00 AM,0,6
04/06/2016 01:00:00 AM,2,4
04/06/2016 02:00:00 AM,0,3
04/06/2016 03:00:00 AM,1,1
04/06/2016 04:00:00 AM,5,4
04/06/2016 05:00:00 AM,29,13
04/06/2016 06:00:00 AM,100,36
04/06/2016 07:00:00 AM,330,127
04/06/2016 08:00:00 AM,380,161
04/06/2016 09:00:00 AM,141,114
04/06/2016 10:00:00 AM,77,66
04/06/2016 11:00:00 AM,49,38
04/06/2016 12:00:00 PM,57,48
04/06/2016 01:00:00 PM,36,41
04/06/2016 02:00:00 PM,59,51
04/06/2016 03:00:00 PM,83,99
04/06/2016 04:00:00 PM,143,224
04/06/2016 05:00:00 PM,228,502
04/06/2016 06:00:00 PM,180,323
04/06/2016 07:00:00 PM,80,145
04/06/2016 08:00:00 PM,51,60
04/06/2016 09:00:00 PM,38,28
04/06/2016 10:00:00 PM,18,14
04/06/2016 11:00:00 PM,13,12
04/07/2016 12:00:00 AM,3,4
04/07/2016 01:00:00 AM,3,3
04/07/2016 02:00:00 AM,1,1
04/07/2016 03:00:00 AM,1,1
04/07/2016 04:00:00 AM,4,4
04/07/2016 05:00:00 AM,32,16
04/07/2016 06:00:00 AM,123,48
04/07/2016 07:00:00 AM,332,114
04/07/2016 08:00:00 AM,413,168
04/07/2016 09:00:00 AM,153,109
04/07/2016 10:00:00 AM,70,58
04/07/2016 11:00:00 AM,65,56
04/07/2016 12:00:00 PM,68,56
04/07/2016 01:00:00 PM,65,54
04/07/2016 02:00:00 PM,70,69
04/07/2016 03:00:00 PM,93,115
04/07/2016 04:00:00 PM,157,287
04/07/2016 05:00:00 PM,224,500
04/07/2016 06:00:00 PM,184,320
04/07/2016 07:00:00 PM,93,163
04/07/2016 08:00:00 PM,56,71
04/07/2016 09:00:00 PM,38,42
04/07/2016 10:00:00 PM,21,20
04/07/2016 11:00:00 PM,16,19
04/08/2016 12:00:00 AM,11,7
04/08/2016 01:00:00 AM,1,6
04/08/2016 02:00:00 AM,5,0
04/08/2016 03:00:00 AM,1,0
04/08/2016 04:00:00 AM,5,5
04/08/2016 05:00:00 AM,34,10
04/08/2016 06:00:00 AM,91,38
04/08/2016 07:00:00 AM,265,112
04/08/2016 08:00:00 AM,335,148
04/08/2016 09:00:00 AM,175,123
04/08/2016 10:00:00 AM,71,65
04/08/2016 11:00:00 AM,52,44
04/08/2016 12:00:00 PM,55,52
04/08/2016 01:00:00 PM,53,60
04/08/2016 02:00:00 PM,66,59
04/08/2016 03:00:00 PM,74,110
04/08/2016 04:00:00 PM,133,242
04/08/2016 05:00:00 PM,187,435
04/08/2016 06:00:00 PM,121,223
04/08/2016 07:00:00 PM,71,101
04/08/2016 08:00:00 PM,59,58
04/08/2016 09:00:00 PM,26,29
04/08/2016 10:00:00 PM,13,23
04/08/2016 11:00:00 PM,17,12
04/09/2016 12:00:00 AM,8,15
04/09/2016 01:00:00 AM,7,11
04/09/2016 02:00:00 AM,5,2
04/09/2016 03:00:00 AM,1,0
04/09/2016 04:00:00 AM,0,4
04/09/2016 05:00:00 AM,5,3
04/09/2016 06:00:00 AM,9,8
04/09/2016 07:00:00 AM,27,32
04/09/2016 08:00:00 AM,50,47
04/09/2016 09:00:00 AM,73,56
04/09/2016 10:00:00 AM,66,73
04/09/2016 11:00:00 AM,78,68
04/09/2016 12:00:00 PM,131,87
04/09/2016 01:00:00 PM,109,101
04/09/2016 02:00:00 PM,118,97
04/09/2016 03:00:00 PM,128,87
04/09/2016 04:00:00 PM,147,92
04/09/2016 05:00:00 PM,83,94
04/09/2016 06:00:00 PM,82,68
04/09/2016 07:00:00 PM,60,46
04/09/2016 08:00:00 PM,24,27
04/09/2016 09:00:00 PM,34,26
04/09/2016 10:00:00 PM,13,17
04/09/2016 11:00:00 PM,12,16
04/10/2016 12:00:00 AM,10,15
04/10/2016 01:00:00 AM,5,8
04/10/2016 02:00:00 AM,1,9
04/10/2016 03:00:00 AM,0,2
04/10/2016 04:00:00 AM,1,2
04/10/2016 05:00:00 AM,5,2
04/10/2016 06:00:00 AM,3,5
04/10/2016 07:00:00 AM,16,12
04/10/2016 08:00:00 AM,27,28
04/10/2016 09:00:00 AM,39,43
04/10/2016 10:00:00 AM,54,49
04/10/2016 11:00:00 AM,74,82
04/10/2016 12:00:00 PM,90,56
04/10/2016 01:00:00 PM,77,73
04/10/2016 02:00:00 PM,83,64
04/10/2016 03:00:00 PM,79,57
04/10/2016 04:00:00 PM,72,73
04/10/2016 05:00:00 PM,80,67
04/10/2016 06:00:00 PM,49,54
04/10/2016 07:00:00 PM,31,33
04/10/2016 08:00:00 PM,18,9
04/10/2016 09:00:00 PM,11,8
04/10/2016 10:00:00 PM,11,11
04/10/2016 11:00:00 PM,2,3
04/11/2016 12:00:00 AM,0,4
04/11/2016 01:00:00 AM,1,2
04/11/2016 02:00:00 AM,1,2
04/11/2016 03:00:00 AM,1,0
04/11/2016 04:00:00 AM,2,1
04/11/2016 05:00:00 AM,25,10
04/11/2016 06:00:00 AM,79,37
04/11/2016 07:00:00 AM,233,102
04/11/2016 08:00:00 AM,307,173
04/11/2016 09:00:00 AM,158,106
04/11/2016 10:00:00 AM,47,44
04/11/2016 11:00:00 AM,28,30
04/11/2016 12:00:00 PM,40,20
04/11/2016 01:00:00 PM,26,38
04/11/2016 02:00:00 PM,49,34
04/11/2016 03:00:00 PM,59,68
04/11/2016 04:00:00 PM,100,160
04/11/2016 05:00:00 PM,158,385
04/11/2016 06:00:00 PM,109,254
04/11/2016 07:00:00 PM,73,89
04/11/2016 08:00:00 PM,22,59
04/11/2016 09:00:00 PM,13,25
04/11/2016 10:00:00 PM,13,17
04/11/2016 11:00:00 PM,10,11
04/12/2016 12:00:00 AM,3,5
04/12/2016 01:00:00 AM,2,1
04/12/2016 02:00:00 AM,3,0
04/12/2016 03:00:00 AM,1,1
04/12/2016 04:00:00 AM,3,4
04/12/2016 05:00:00 AM,26,8
04/12/2016 06:00:00 AM,72,40
04/12/2016 07:00:00 AM,192,96
04/12/2016 08:00:00 AM,282,120
04/12/2016 09:00:00 AM,125,94
04/12/2016 10:00:00 AM,57,41
04/12/2016 11:00:00 AM,35,33
04/12/2016 12:00:00 PM,46,29
04/12/2016 01:00:00 PM,36,28
04/12/2016 02:00:00 PM,17,40
04/12/2016 03:00:00 PM,43,45
04/12/2016 04:00:00 PM,50,93
04/12/2016 05:00:00 PM,88,237
04/12/2016 06:00:00 PM,75,200
04/12/2016 07:00:00 PM,30,82
04/12/2016 08:00:00 PM,21,44
04/12/2016 09:00:00 PM,15,17
04/12/2016 10:00:00 PM,7,10
04/12/2016 11:00:00 PM,2,4
04/13/2016 12:00:00 AM,3,2
04/13/2016 01:00:00 AM,3,1
04/13/2016 02:00:00 AM,1,0
04/13/2016 03:00:00 AM,1,0
04/13/2016 04:00:00 AM,2,1
04/13/2016 05:00:00 AM,18,8
04/13/2016 06:00:00 AM,68,44
04/13/2016 07:00:00 AM,189,82
04/13/2016 08:00:00 AM,263,106
04/13/2016 09:00:00 AM,121,91
04/13/2016 10:00:00 AM,43,35
04/13/2016 11:00:00 AM,37,37
04/13/2016 12:00:00 PM,37,29
04/13/2016 01:00:00 PM,40,37
04/13/2016 02:00:00 PM,33,30
04/13/2016 03:00:00 PM,39,60
04/13/2016 04:00:00 PM,78,151
04/13/2016 05:00:00 PM,136,369
04/13/2016 06:00:00 PM,130,229
04/13/2016 07:00:00 PM,62,114
04/13/2016 08:00:00 PM,45,61
04/13/2016 09:00:00 PM,23,37
04/13/2016 10:00:00 PM,8,18
04/13/2016 11:00:00 PM,7,9
04/14/2016 12:00:00 AM,3,7
04/14/2016 01:00:00 AM,1,2
04/14/2016 02:00:00 AM,1,2
04/14/2016 03:00:00 AM,0,0
04/14/2016 04:00:00 AM,2,1
04/14/2016 05:00:00 AM,22,11
04/14/2016 06:00:00 AM,76,33
04/14/2016 07:00:00 AM,221,84
04/14/2016 08:00:00 AM,305,120
04/14/2016 09:00:00 AM,136,91
04/14/2016 10:00:00 AM,59,41
04/14/2016 11:00:00 AM,35,42
04/14/2016 12:00:00 PM,39,37
04/14/2016 01:00:00 PM,42,39
04/14/2016 02:00:00 PM,46,41
04/14/2016 03:00:00 PM,73,77
04/14/2016 04:00:00 PM,92,183
04/14/2016 05:00:00 PM,166,365
04/14/2016 06:00:00 PM,154,221
04/14/2016 07:00:00 PM,61,108
04/14/2016 08:00:00 PM,38,60
04/14/2016 09:00:00 PM,23,29
04/14/2016 10:00:00 PM,10,18
04/14/2016 11:00:00 PM,17,7
04/15/2016 12:00:00 AM,5,4
04/15/2016 01:00:00 AM,2,5
04/15/2016 02:00:00 AM,1,2
04/15/2016 03:00:00 AM,0,0
04/15/2016 04:00:00 AM,3,3
04/15/2016 05:00:00 AM,24,10
04/15/2016 06:00:00 AM,71,31
04/15/2016 07:00:00 AM,191,90
04/15/2016 08:00:00 AM,242,119
04/15/2016 09:00:00 AM,138,79
04/15/2016 10:00:00 AM,60,41
04/15/2016 11:00:00 AM,44,52
04/15/2016 12:00:00 PM,43,35
04/15/2016 01:00:00 PM,39,40
04/15/2016 02:00:00 PM,41,57
04/15/2016 03:00:00 PM,68,83
04/15/2016 04:00:00 PM,95,160
04/15/2016 05:00:00 PM,125,313
04/15/2016 06:00:00 PM,76,167
04/15/2016 07:00:00 PM,58,89
04/15/2016 08:00:00 PM,26,34
04/15/2016 09:00:00 PM,25,21
04/15/2016 10:00:00 PM,16,14
04/15/2016 11:00:00 PM,9,17
04/16/2016 12:00:00 AM,10,3
04/16/2016 01:00:00 AM,3,3
04/16/2016 02:00:00 AM,2,0
04/16/2016 03:00:00 AM,0,2
04/16/2016 04:00:00 AM,0,4
04/16/2016 05:00:00 AM,10,7
04/16/2016 06:00:00 AM,12,4
04/16/2016 07:00:00 AM,22,27
04/16/2016 08:00:00 AM,59,52
04/16/2016 09:00:00 AM,49,60
04/16/2016 10:00:00 AM,88,66
04/16/2016 11:00:00 AM,112,95
04/16/2016 12:00:00 PM,126,87
04/16/2016 01:00:00 PM,114,81
04/16/2016 02:00:00 PM,121,88
04/16/2016 03:00:00 PM,119,88
04/16/2016 04:00:00 PM,85,90
04/16/2016 05:00:00 PM,92,80
04/16/2016 06:00:00 PM,84,77
04/16/2016 07:00:00 PM,36,50
04/16/2016 08:00:00 PM,34,33
04/16/2016 09:00:00 PM,21,35
04/16/2016 10:00:00 PM,14,24
04/16/2016 11:00:00 PM,4,8
04/17/2016 12:00:00 AM,5,12
04/17/2016 01:00:00 AM,4,4
04/17/2016 02:00:00 AM,6,4
04/17/2016 03:00:00 AM,3,2
04/17/2016 04:00:00 AM,0,2
04/17/2016 05:00:00 AM,3,4
04/17/2016 06:00:00 AM,7,4
04/17/2016 07:00:00 AM,21,16
04/17/2016 08:00:00 AM,50,26
04/17/2016 09:00:00 AM,49,53
04/17/2016 10:00:00 AM,54,66
04/17/2016 11:00:00 AM,115,102
04/17/2016 12:00:00 PM,83,91
04/17/2016 01:00:00 PM,155,114
04/17/2016 02:00:00 PM,124,107
04/17/2016 03:00:00 PM,116,84
04/17/2016 04:00:00 PM,112,91
04/17/2016 05:00:00 PM,76,96
04/17/2016 06:00:00 PM,78,63
04/17/2016 07:00:00 PM,56,27
04/17/2016 08:00:00 PM,40,32
04/17/2016 09:00:00 PM,19,13
04/17/2016 10:00:00 PM,8,9
04/17/2016 11:00:00 PM,9,8
04/18/2016 12:00:00 AM,0,9
04/18/2016 01:00:00 AM,1,4
04/18/2016 02:00:00 AM,0,4
04/18/2016 03:00:00 AM,1,0
04/18/2016 04:00:00 AM,4,1
04/18/2016 05:00:00 AM,22,16
04/18/2016 06:00:00 AM,113,56
04/18/2016 07:00:00 AM,363,133
04/18/2016 08:00:00 AM,447,185
04/18/2016 09:00:00 AM,170,101
04/18/2016 10:00:00 AM,75,60
04/18/2016 11:00:00 AM,48,47
04/18/2016 12:00:00 PM,50,53
04/18/2016 01:00:00 PM,40,70
04/18/2016 02:00:00 PM,63,55
04/18/2016 03:00:00 PM,95,87
04/18/2016 04:00:00 PM,131,240
04/18/2016 05:00:00 PM,220,593
04/18/2016 06:00:00 PM,209,385
04/18/2016 07:00:00 PM,89,176
04/18/2016 08:00:00 PM,71,64
04/18/2016 09:00:00 PM,23,41
04/18/2016 10:00:00 PM,29,19
04/18/2016 11:00:00 PM,7,8
04/19/2016 12:00:00 AM,2,8
04/19/2016 01:00:00 AM,2,3
04/19/2016 02:00:00 AM,1,3
04/19/2016 03:00:00 AM,0,3
04/19/2016 04:00:00 AM,4,4
04/19/2016 05:00:00 AM,32,17
04/19/2016 06:00:00 AM,124,55
04/19/2016 07:00:00 AM,396,143
04/19/2016 08:00:00 AM,455,201
04/19/2016 09:00:00 AM,188,129
04/19/2016 10:00:00 AM,83,45
04/19/2016 11:00:00 AM,58,40
04/19/2016 12:00:00 PM,53,61
04/19/2016 01:00:00 PM,52,60
04/19/2016 02:00:00 PM,59,73
04/19/2016 03:00:00 PM,100,106
04/19/2016 04:00:00 PM,126,256
04/19/2016 05:00:00 PM,248,568
04/19/2016 06:00:00 PM,180,343
04/19/2016 07:00:00 PM,114,137
04/19/2016 08:00:00 PM,85,98
04/19/2016 09:00:00 PM,46,44
04/19/2016 10:00:00 PM,14,31
04/19/2016 11:00:00 PM,13,14
04/20/2016 12:00:00 AM,2,7
04/20/2016 01:00:00 AM,5,3
04/20/2016 02:00:00 AM,2,3
04/20/2016 03:00:00 AM,3,1
04/20/2016 04:00:00 AM,5,4
04/20/2016 05:00:00 AM,38,15
04/20/2016 06:00:00 AM,202,70
04/20/2016 07:00:00 AM,343,143
04/20/2016 08:00:00 AM,396,205
04/20/2016 09:00:00 AM,184,143
04/20/2016 10:00:00 AM,61,60
04/20/2016 11:00:00 AM,51,48
04/20/2016 12:00:00 PM,54,58
04/20/2016 01:00:00 PM,49,54
04/20/2016 02:00:00 PM,72,64
04/20/2016 03:00:00 PM,82,99
04/20/2016 04:00:00 PM,128,250
04/20/2016 05:00:00 PM,259,524
04/20/2016 06:00:00 PM,189,323
04/20/2016 07:00:00 PM,115,156
04/20/2016 08:00:00 PM,75,77
04/20/2016 09:00:00 PM,44,41
04/20/2016 10:00:00 PM,23,34
04/20/2016 11:00:00 PM,9,13
04/21/2016 12:00:00 AM,6,8
04/21/2016 01:00:00 AM,1,4
04/21/2016 02:00:00 AM,1,3
04/21/2016 03:00:00 AM,0,0
04/21/2016 04:00:00 AM,5,2
04/21/2016 05:00:00 AM,28,19
04/21/2016 06:00:00 AM,96,50
04/21/2016 07:00:00 AM,352,141
04/21/2016 08:00:00 AM,387,165
04/21/2016 09:00:00 AM,172,112
04/21/2016 10:00:00 AM,68,45
04/21/2016 11:00:00 AM,53,39
04/21/2016 12:00:00 PM,49,39
04/21/2016 01:00:00 PM,50,44
04/21/2016 02:00:00 PM,58,56
04/21/2016 03:00:00 PM,73,107
04/21/2016 04:00:00 PM,133,223
04/21/2016 05:00:00 PM,226,461
04/21/2016 06:00:00 PM,179,319
04/21/2016 07:00:00 PM,92,124
04/21/2016 08:00:00 PM,49,75
04/21/2016 09:00:00 PM,38,41
04/21/2016 10:00:00 PM,27,30
04/21/2016 11:00:00 PM,16,10
04/22/2016 12:00:00 AM,11,7
04/22/2016 01:00:00 AM,7,2
04/22/2016 02:00:00 AM,0,2
04/22/2016 03:00:00 AM,0,2
04/22/2016 04:00:00 AM,3,4
04/22/2016 05:00:00 AM,18,13
04/22/2016 06:00:00 AM,74,36
04/22/2016 07:00:00 AM,211,81
04/22/2016 08:00:00 AM,290,118
04/22/2016 09:00:00 AM,135,72
04/22/2016 10:00:00 AM,57,57
04/22/2016 11:00:00 AM,35,31
04/22/2016 12:00:00 PM,28,36
04/22/2016 01:00:00 PM,35,30
04/22/2016 02:00:00 PM,36,41
04/22/2016 03:00:00 PM,49,71
04/22/2016 04:00:00 PM,72,150
04/22/2016 05:00:00 PM,125,286
04/22/2016 06:00:00 PM,84,152
04/22/2016 07:00:00 PM,43,82
04/22/2016 08:00:00 PM,17,31
04/22/2016 09:00:00 PM,23,24
04/22/2016 10:00:00 PM,8,13
04/22/2016 11:00:00 PM,6,10
04/23/2016 12:00:00 AM,12,5
04/23/2016 01:00:00 AM,0,1
04/23/2016 02:00:00 AM,3,3
04/23/2016 03:00:00 AM,1,4
04/23/2016 04:00:00 AM,0,2
04/23/2016 05:00:00 AM,6,2
04/23/2016 06:00:00 AM,2,6
04/23/2016 07:00:00 AM,21,16
04/23/2016 08:00:00 AM,39,42
04/23/2016 09:00:00 AM,122,44
04/23/2016 10:00:00 AM,85,50
04/23/2016 11:00:00 AM,75,44
04/23/2016 12:00:00 PM,81,65
04/23/2016 01:00:00 PM,88,81
04/23/2016 02:00:00 PM,92,62
04/23/2016 03:00:00 PM,67,76
04/23/2016 04:00:00 PM,71,64
04/23/2016 05:00:00 PM,60,48
04/23/2016 06:00:00 PM,26,45
04/23/2016 07:00:00 PM,33,21
04/23/2016 08:00:00 PM,18,21
04/23/2016 09:00:00 PM,8,11
04/23/2016 10:00:00 PM,15,8
04/23/2016 11:00:00 PM,10,15
04/24/2016 12:00:00 AM,6,2
04/24/2016 01:00:00 AM,2,4
04/24/2016 02:00:00 AM,3,2
04/24/2016 03:00:00 AM,0,0
04/24/2016 04:00:00 AM,0,5
04/24/2016 05:00:00 AM,1,1
04/24/2016 06:00:00 AM,4,7
04/24/2016 07:00:00 AM,15,7
04/24/2016 08:00:00 AM,20,19
04/24/2016 09:00:00 AM,13,15
04/24/2016 10:00:00 AM,10,8
04/24/2016 11:00:00 AM,15,11
04/24/2016 12:00:00 PM,10,12
04/24/2016 01:00:00 PM,12,9
04/24/2016 02:00:00 PM,25,14
04/24/2016 03:00:00 PM,17,21
04/24/2016 04:00:00 PM,25,13
04/24/2016 05:00:00 PM,26,20
04/24/2016 06:00:00 PM,18,13
04/24/2016 07:00:00 PM,6,10
04/24/2016 08:00:00 PM,9,7
04/24/2016 09:00:00 PM,2,6
04/24/2016 10:00:00 PM,7,6
04/24/2016 11:00:00 PM,3,2
04/25/2016 12:00:00 AM,2,3
04/25/2016 01:00:00 AM,0,1
04/25/2016 02:00:00 AM,0,1
04/25/2016 03:00:00 AM,0,0
04/25/2016 04:00:00 AM,5,2
04/25/2016 05:00:00 AM,25,11
04/25/2016 06:00:00 AM,74,35
04/25/2016 07:00:00 AM,184,83
04/25/2016 08:00:00 AM,275,120
04/25/2016 09:00:00 AM,157,77
04/25/2016 10:00:00 AM,45,36
04/25/2016 11:00:00 AM,20,20
04/25/2016 12:00:00 PM,39,22
04/25/2016 01:00:00 PM,40,29
04/25/2016 02:00:00 PM,28,35
04/25/2016 03:00:00 PM,68,67
04/25/2016 04:00:00 PM,90,139
04/25/2016 05:00:00 PM,166,350
04/25/2016 06:00:00 PM,138,217
04/25/2016 07:00:00 PM,70,91
04/25/2016 08:00:00 PM,35,39
04/25/2016 09:00:00 PM,14,17
04/25/2016 10:00:00 PM,19,14
04/25/2016 11:00:00 PM,15,11
04/26/2016 12:00:00 AM,6,5
04/26/2016 01:00:00 AM,1,4
04/26/2016 02:00:00 AM,3,1
04/26/2016 03:00:00 AM,2,1
04/26/2016 04:00:00 AM,5,3
04/26/2016 05:00:00 AM,26,10
04/26/2016 06:00:00 AM,114,53
04/26/2016 07:00:00 AM,317,127
04/26/2016 08:00:00 AM,396,175
04/26/2016 09:00:00 AM,162,106
04/26/2016 10:00:00 AM,61,54
04/26/2016 11:00:00 AM,41,42
04/26/2016 12:00:00 PM,49,43
04/26/2016 01:00:00 PM,37,35
04/26/2016 02:00:00 PM,53,56
04/26/2016 03:00:00 PM,75,83
04/26/2016 04:00:00 PM,112,212
04/26/2016 05:00:00 PM,195,508
04/26/2016 06:00:00 PM,148,328
04/26/2016 07:00:00 PM,86,141
04/26/2016 08:00:00 PM,49,70
04/26/2016 09:00:00 PM,24,32
04/26/2016 10:00:00 PM,23,26
04/26/2016 11:00:00 PM,8,10
04/27/2016 12:00:00 AM,4,6
04/27/2016 01:00:00 AM,2,1
04/27/2016 02:00:00 AM,3,1
04/27/2016 03:00:00 AM,1,0
04/27/2016 04:00:00 AM,8,2
04/27/2016 05:00:00 AM,25,12
04/27/2016 06:00:00 AM,112,56
04/27/2016 07:00:00 AM,278,114
04/27/2016 08:00:00 AM,351,186
04/27/2016 09:00:00 AM,158,98
04/27/2016 10:00:00 AM,77,33
04/27/2016 11:00:00 AM,43,39
04/27/2016 12:00:00 PM,31,39
04/27/2016 01:00:00 PM,40,41
04/27/2016 02:00:00 PM,43,56
04/27/2016 03:00:00 PM,61,66
04/27/2016 04:00:00 PM,114,196
04/27/2016 05:00:00 PM,193,406
04/27/2016 06:00:00 PM,175,291
04/27/2016 07:00:00 PM,74,119
04/27/2016 08:00:00 PM,46,63
04/27/2016 09:00:00 PM,28,43
04/27/2016 10:00:00 PM,19,20
04/27/2016 11:00:00 PM,13,6
04/28/2016 12:00:00 AM,13,3
04/28/2016 01:00:00 AM,3,1
04/28/2016 02:00:00 AM,1,3
04/28/2016 03:00:00 AM,2,0
04/28/2016 04:00:00 AM,4,4
04/28/2016 05:00:00 AM,21,12
04/28/2016 06:00:00 AM,106,53
04/28/2016 07:00:00 AM,291,113
04/28/2016 08:00:00 AM,365,161
04/28/2016 09:00:00 AM,154,107
04/28/2016 10:00:00 AM,80,49
04/28/2016 11:00:00 AM,34,48
04/28/2016 12:00:00 PM,33,48
04/28/2016 01:00:00 PM,45,39
04/28/2016 02:00:00 PM,43,66
04/28/2016 03:00:00 PM,62,83
04/28/2016 04:00:00 PM,118,220
04/28/2016 05:00:00 PM,173,464
04/28/2016 06:00:00 PM,143,283
04/28/2016 07:00:00 PM,65,139
04/28/2016 08:00:00 PM,35,60
04/28/2016 09:00:00 PM,28,33
04/28/2016 10:00:00 PM,15,18
04/28/2016 11:00:00 PM,15,14
04/29/2016 12:00:00 AM,5,11
04/29/2016 01:00:00 AM,4,1
04/29/2016 02:00:00 AM,1,1
04/29/2016 03:00:00 AM,0,3
04/29/2016 04:00:00 AM,4,4
04/29/2016 05:00:00 AM,21,12
04/29/2016 06:00:00 AM,89,35
04/29/2016 07:00:00 AM,225,82
04/29/2016 08:00:00 AM,246,124
04/29/2016 09:00:00 AM,128,81
04/29/2016 10:00:00 AM,40,42
04/29/2016 11:00:00 AM,33,26
04/29/2016 12:00:00 PM,28,22
04/29/2016 01:00:00 PM,22,38
04/29/2016 02:00:00 PM,38,36
04/29/2016 03:00:00 PM,76,85
04/29/2016 04:00:00 PM,89,179
04/29/2016 05:00:00 PM,144,349
04/29/2016 06:00:00 PM,91,185
04/29/2016 07:00:00 PM,59,86
04/29/2016 08:00:00 PM,38,39
04/29/2016 09:00:00 PM,26,25
04/29/2016 10:00:00 PM,12,31
04/29/2016 11:00:00 PM,8,17
04/30/2016 12:00:00 AM,6,7
04/30/2016 01:00:00 AM,4,4
04/30/2016 02:00:00 AM,4,4
04/30/2016 03:00:00 AM,1,2
04/30/2016 04:00:00 AM,0,2
04/30/2016 05:00:00 AM,8,4
04/30/2016 06:00:00 AM,7,9
04/30/2016 07:00:00 AM,24,32
04/30/2016 08:00:00 AM,42,51
04/30/2016 09:00:00 AM,61,57
04/30/2016 10:00:00 AM,86,53
04/30/2016 11:00:00 AM,108,83
04/30/2016 12:00:00 PM,117,77
04/30/2016 01:00:00 PM,88,80
04/30/2016 02:00:00 PM,102,98
04/30/2016 03:00:00 PM,105,113
04/30/2016 04:00:00 PM,112,96
04/30/2016 05:00:00 PM,98,106
04/30/2016 06:00:00 PM,77,67
04/30/2016 07:00:00 PM,51,51
04/30/2016 08:00:00 PM,27,27
04/30/2016 09:00:00 PM,27,16
04/30/2016 10:00:00 PM,12,12
04/30/2016 11:00:00 PM,10,17
