Date,MTS Trail West of I-90 Bridge Total,Ped East,Ped West,Bike East,Bike West
04/01/2014 12:00:00 AM,0,0,0,0,0
04/01/2014 01:00:00 AM,0,0,0,0,0
04/01/2014 02:00:00 AM,0,0,0,0,0
04/01/2014 03:00:00 AM,1,0,1,0,0
04/01/2014 04:00:00 AM,2,1,0,1,0
04/01/2014 05:00:00 AM,9,0,0,6,3
04/01/2014 06:00:00 AM,26,4,1,14,7
04/01/2014 07:00:00 AM,68,5,5,27,31
04/01/2014 08:00:00 AM,74,9,10,31,24
04/01/2014 09:00:00 AM,33,1,1,12,19
04/01/2014 10:00:00 AM,49,4,9,12,24
04/01/2014 11:00:00 AM,49,7,11,22,9
04/01/2014 12:00:00 PM,27,0,1,19,7
04/01/2014 01:00:00 PM,35,2,2,12,19
04/01/2014 02:00:00 PM,36,5,4,18,9
04/01/2014 03:00:00 PM,45,8,3,10,24
04/01/2014 04:00:00 PM,97,16,13,26,42
04/01/2014 05:00:00 PM,163,12,17,60,74
04/01/2014 06:00:00 PM,149,16,20,67,46
04/01/2014 07:00:00 PM,77,6,10,36,25
04/01/2014 08:00:00 PM,14,1,0,12,1
04/01/2014 09:00:00 PM,4,2,0,0,2
04/01/2014 10:00:00 PM,0,0,0,0,0
04/01/2014 11:00:00 PM,0,0,0,0,0
04/02/2014 12:00:00 AM,0,0,0,0,0
04/02/2014 01:00:00 AM,1,0,0,1,0
04/02/2014 02:00:00 AM,0,0,0,0,0
04/02/2014 03:00:00 AM,2,0,2,0,0
04/02/2014 04:00:00 AM,4,2,0,1,1
04/02/2014 05:00:00 AM,12,1,1,6,4
04/02/2014 06:00:00 AM,23,1,4,11,7
04/02/2014 07:00:00 AM,84,6,12,36,30
04/02/2014 08:00:00 AM,69,3,5,36,25
04/02/2014 09:00:00 AM,37,0,2,17,18
04/02/2014 10:00:00 AM,22,1,3,14,4
04/02/2014 11:00:00 AM,28,5,2,10,11
04/02/2014 12:00:00 PM,14,1,3,4,6
04/02/2014 01:00:00 PM,32,6,5,10,11
04/02/2014 02:00:00 PM,29,3,3,12,11
04/02/2014 03:00:00 PM,47,5,7,19,16
04/02/2014 04:00:00 PM,93,9,15,36,33
04/02/2014 05:00:00 PM,146,9,18,56,63
04/02/2014 06:00:00 PM,153,15,15,79,44
04/02/2014 07:00:00 PM,66,6,4,43,13
04/02/2014 08:00:00 PM,23,1,6,6,10
04/02/2014 09:00:00 PM,6,2,0,2,2
04/02/2014 10:00:00 PM,4,2,2,0,0
04/02/2014 11:00:00 PM,3,1,2,0,0
04/03/2014 12:00:00 AM,1,0,0,1,0
04/03/2014 01:00:00 AM,1,0,1,0,0
04/03/2014 02:00:00 AM,0,0,0,0,0
04/03/2014 03:00:00 AM,0,0,0,0,0
04/03/2014 04:00:00 AM,2,0,0,2,0
04/03/2014 05:00:00 AM,7,0,0,5,2
04/03/2014 06:00:00 AM,22,0,0,11,11
04/03/2014 07:00:00 AM,49,5,8,20,16
04/03/2014 08:00:00 AM,56,3,7,26,20
04/03/2014 09:00:00 AM,41,6,7,11,17
04/03/2014 10:00:00 AM,18,2,2,8,6
04/03/2014 11:00:00 AM,24,1,3,14,6
04/03/2014 12:00:00 PM,27,5,4,9,9
04/03/2014 01:00:00 PM,20,0,2,10,8
04/03/2014 02:00:00 PM,17,1,2,9,5
04/03/2014 03:00:00 PM,9,1,0,5,3
04/03/2014 04:00:00 PM,23,2,2,9,10
04/03/2014 05:00:00 PM,49,2,8,21,18
04/03/2014 06:00:00 PM,37,4,6,15,12
04/03/2014 07:00:00 PM,52,3,4,21,24
04/03/2014 08:00:00 PM,2,0,0,2,0
04/03/2014 09:00:00 PM,6,2,1,2,1
04/03/2014 10:00:00 PM,3,1,0,0,2
04/03/2014 11:00:00 PM,0,0,0,0,0
04/04/2014 12:00:00 AM,1,0,0,1,0
04/04/2014 01:00:00 AM,0,0,0,0,0
04/04/2014 02:00:00 AM,0,0,0,0,0
04/04/2014 03:00:00 AM,0,0,0,0,0
04/04/2014 04:00:00 AM,1,0,0,1,0
04/04/2014 05:00:00 AM,8,0,1,3,4
04/04/2014 06:00:00 AM,14,2,2,7,3
04/04/2014 07:00:00 AM,25,0,4,10,11
04/04/2014 08:00:00 AM,54,2,6,23,23
04/04/2014 09:00:00 AM,33,0,6,15,12
04/04/2014 10:00:00 AM,19,2,2,10,5
04/04/2014 11:00:00 AM,23,2,4,8,9
04/04/2014 12:00:00 PM,34,6,4,12,12
04/04/2014 01:00:00 PM,18,1,6,5,6
04/04/2014 02:00:00 PM,31,4,3,11,13
04/04/2014 03:00:00 PM,38,4,8,14,12
04/04/2014 04:00:00 PM,64,6,7,28,23
04/04/2014 05:00:00 PM,86,8,7,39,32
04/04/2014 06:00:00 PM,60,2,4,40,14
04/04/2014 07:00:00 PM,28,2,2,15,9
04/04/2014 08:00:00 PM,5,1,0,3,1
04/04/2014 09:00:00 PM,0,0,0,0,0
04/04/2014 10:00:00 PM,13,2,4,4,3
04/04/2014 11:00:00 PM,1,0,0,1,0
04/05/2014 12:00:00 AM,2,1,1,0,0
04/05/2014 01:00:00 AM,4,0,2,1,1
04/05/2014 02:00:00 AM,2,0,0,0,2
04/05/2014 03:00:00 AM,0,0,0,0,0
04/05/2014 04:00:00 AM,0,0,0,0,0
04/05/2014 05:00:00 AM,0,0,0,0,0
04/05/2014 06:00:00 AM,8,1,4,1,2
04/05/2014 07:00:00 AM,15,2,5,3,5
04/05/2014 08:00:00 AM,49,8,11,6,24
04/05/2014 09:00:00 AM,72,9,10,28,25
04/05/2014 10:00:00 AM,89,7,14,34,34
04/05/2014 11:00:00 AM,122,12,10,48,52
04/05/2014 12:00:00 PM,82,10,10,41,21
04/05/2014 01:00:00 PM,26,3,3,15,5
04/05/2014 02:00:00 PM,27,9,5,11,2
04/05/2014 03:00:00 PM,25,1,0,13,11
04/05/2014 04:00:00 PM,16,1,2,11,2
04/05/2014 05:00:00 PM,12,0,3,6,3
04/05/2014 06:00:00 PM,8,3,1,2,2
04/05/2014 07:00:00 PM,14,4,5,4,1
04/05/2014 08:00:00 PM,1,0,0,1,0
04/05/2014 09:00:00 PM,0,0,0,0,0
04/05/2014 10:00:00 PM,1,0,1,0,0
04/05/2014 11:00:00 PM,1,1,0,0,0
04/06/2014 12:00:00 AM,1,0,1,0,0
04/06/2014 01:00:00 AM,1,1,0,0,0
04/06/2014 02:00:00 AM,0,0,0,0,0
04/06/2014 03:00:00 AM,0,0,0,0,0
04/06/2014 04:00:00 AM,1,0,1,0,0
04/06/2014 05:00:00 AM,3,1,1,0,1
04/06/2014 06:00:00 AM,8,0,3,1,4
04/06/2014 07:00:00 AM,30,0,7,6,17
04/06/2014 08:00:00 AM,67,5,10,24,28
04/06/2014 09:00:00 AM,132,4,25,33,70
04/06/2014 10:00:00 AM,228,16,27,36,149
04/06/2014 11:00:00 AM,360,39,20,241,60
04/06/2014 12:00:00 PM,188,29,15,84,60
04/06/2014 01:00:00 PM,186,23,21,96,46
04/06/2014 02:00:00 PM,113,8,19,51,35
04/06/2014 03:00:00 PM,109,12,9,58,30
04/06/2014 04:00:00 PM,128,25,16,60,27
04/06/2014 05:00:00 PM,74,10,6,31,27
04/06/2014 06:00:00 PM,39,3,4,25,7
04/06/2014 07:00:00 PM,12,4,3,4,1
04/06/2014 08:00:00 PM,6,3,2,1,0
04/06/2014 09:00:00 PM,3,2,1,0,0
04/06/2014 10:00:00 PM,0,0,0,0,0
04/06/2014 11:00:00 PM,0,0,0,0,0
04/07/2014 12:00:00 AM,10,4,4,1,1
04/07/2014 01:00:00 AM,0,0,0,0,0
04/07/2014 02:00:00 AM,0,0,0,0,0
04/07/2014 03:00:00 AM,0,0,0,0,0
04/07/2014 04:00:00 AM,3,0,0,2,1
04/07/2014 05:00:00 AM,19,0,0,6,13
04/07/2014 06:00:00 AM,32,2,1,18,11
04/07/2014 07:00:00 AM,85,4,6,38,37
04/07/2014 08:00:00 AM,86,5,5,44,32
04/07/2014 09:00:00 AM,49,4,5,21,19
04/07/2014 10:00:00 AM,37,6,5,12,14
04/07/2014 11:00:00 AM,49,4,8,20,17
04/07/2014 12:00:00 PM,56,4,5,22,25
04/07/2014 01:00:00 PM,58,6,2,30,20
04/07/2014 02:00:00 PM,79,3,8,41,27
04/07/2014 03:00:00 PM,113,15,16,40,42
04/07/2014 04:00:00 PM,147,26,16,47,58
04/07/2014 05:00:00 PM,211,21,24,95,71
04/07/2014 06:00:00 PM,229,28,26,101,74
04/07/2014 07:00:00 PM,146,29,27,58,32
04/07/2014 08:00:00 PM,15,1,2,10,2
04/07/2014 09:00:00 PM,6,0,0,5,1
04/07/2014 10:00:00 PM,1,0,0,0,1
04/07/2014 11:00:00 PM,5,0,0,3,2
04/08/2014 12:00:00 AM,1,0,1,0,0
04/08/2014 01:00:00 AM,1,0,0,0,1
04/08/2014 02:00:00 AM,1,0,0,1,0
04/08/2014 03:00:00 AM,0,0,0,0,0
04/08/2014 04:00:00 AM,4,0,1,3,0
04/08/2014 05:00:00 AM,8,0,0,3,5
04/08/2014 06:00:00 AM,25,0,4,12,9
04/08/2014 07:00:00 AM,54,3,5,29,17
04/08/2014 08:00:00 AM,53,3,2,26,22
04/08/2014 09:00:00 AM,33,2,4,15,12
04/08/2014 10:00:00 AM,18,1,4,7,6
04/08/2014 11:00:00 AM,24,2,3,13,6
04/08/2014 12:00:00 PM,26,4,4,9,9
04/08/2014 01:00:00 PM,25,3,1,14,7
04/08/2014 02:00:00 PM,11,1,1,7,2
04/08/2014 03:00:00 PM,23,1,1,9,12
04/08/2014 04:00:00 PM,25,1,0,12,12
04/08/2014 05:00:00 PM,32,1,2,12,17
04/08/2014 06:00:00 PM,47,3,4,22,18
04/08/2014 07:00:00 PM,12,0,1,9,2
04/08/2014 08:00:00 PM,9,0,2,6,1
04/08/2014 09:00:00 PM,1,1,0,0,0
04/08/2014 10:00:00 PM,1,0,1,0,0
04/08/2014 11:00:00 PM,0,0,0,0,0
04/09/2014 12:00:00 AM,2,0,2,0,0
04/09/2014 01:00:00 AM,0,0,0,0,0
04/09/2014 02:00:00 AM,0,0,0,0,0
04/09/2014 03:00:00 AM,0,0,0,0,0
04/09/2014 04:00:00 AM,3,0,0,2,1
04/09/2014 05:00:00 AM,11,0,0,2,9
04/09/2014 06:00:00 AM,30,1,3,17,9
04/09/2014 07:00:00 AM,61,5,1,24,31
04/09/2014 08:00:00 AM,63,1,6,33,23
04/09/2014 09:00:00 AM,28,2,5,10,11
04/09/2014 10:00:00 AM,28,1,3,10,14
04/09/2014 11:00:00 AM,36,3,8,12,13
04/09/2014 12:00:00 PM,27,2,4,13,8
04/09/2014 01:00:00 PM,44,8,7,12,17
04/09/2014 02:00:00 PM,48,4,2,28,14
04/09/2014 03:00:00 PM,54,2,6,26,20
04/09/2014 04:00:00 PM,95,11,12,32,40
04/09/2014 05:00:00 PM,149,11,25,55,58
04/09/2014 06:00:00 PM,128,7,8,66,47
04/09/2014 07:00:00 PM,70,10,5,43,12
04/09/2014 08:00:00 PM,21,4,2,11,4
04/09/2014 09:00:00 PM,4,0,0,2,2
04/09/2014 10:00:00 PM,3,0,1,1,1
04/09/2014 11:00:00 PM,2,1,0,0,1
04/10/2014 12:00:00 AM,0,0,0,0,0
04/10/2014 01:00:00 AM,0,0,0,0,0
04/10/2014 02:00:00 AM,0,0,0,0,0
04/10/2014 03:00:00 AM,0,0,0,0,0
04/10/2014 04:00:00 AM,3,0,0,2,1
04/10/2014 05:00:00 AM,7,0,0,3,4
04/10/2014 06:00:00 AM,31,0,3,18,10
04/10/2014 07:00:00 AM,77,4,14,33,26
04/10/2014 08:00:00 AM,66,5,9,26,26
04/10/2014 09:00:00 AM,80,28,22,17,13
04/10/2014 10:00:00 AM,28,1,3,16,8
04/10/2014 11:00:00 AM,56,12,6,15,23
04/10/2014 12:00:00 PM,30,2,1,17,10
04/10/2014 01:00:00 PM,34,4,5,15,10
04/10/2014 02:00:00 PM,84,26,25,15,18
04/10/2014 03:00:00 PM,33,9,4,15,5
04/10/2014 04:00:00 PM,108,16,23,32,37
04/10/2014 05:00:00 PM,149,10,17,63,59
04/10/2014 06:00:00 PM,127,14,9,68,36
04/10/2014 07:00:00 PM,58,3,1,30,24
04/10/2014 08:00:00 PM,30,1,4,10,15
04/10/2014 09:00:00 PM,2,0,0,2,0
04/10/2014 10:00:00 PM,1,0,0,0,1
04/10/2014 11:00:00 PM,0,0,0,0,0
04/11/2014 12:00:00 AM,0,0,0,0,0
04/11/2014 01:00:00 AM,0,0,0,0,0
04/11/2014 02:00:00 AM,0,0,0,0,0
04/11/2014 03:00:00 AM,0,0,0,0,0
04/11/2014 04:00:00 AM,4,0,0,3,1
04/11/2014 05:00:00 AM,19,0,1,6,12
04/11/2014 06:00:00 AM,28,0,4,14,10
04/11/2014 07:00:00 AM,67,3,7,35,22
04/11/2014 08:00:00 AM,53,1,6,27,19
04/11/2014 09:00:00 AM,40,3,6,15,16
04/11/2014 10:00:00 AM,42,9,7,9,17
04/11/2014 11:00:00 AM,28,5,2,8,13
04/11/2014 12:00:00 PM,41,8,6,20,7
04/11/2014 01:00:00 PM,36,5,4,14,13
04/11/2014 02:00:00 PM,53,3,2,27,21
04/11/2014 03:00:00 PM,46,6,6,15,19
04/11/2014 04:00:00 PM,89,10,3,36,40
04/11/2014 05:00:00 PM,129,13,10,70,36
04/11/2014 06:00:00 PM,78,7,5,43,23
04/11/2014 07:00:00 PM,36,3,3,14,16
04/11/2014 08:00:00 PM,14,1,0,11,2
04/11/2014 09:00:00 PM,1,0,0,0,1
04/11/2014 10:00:00 PM,0,0,0,0,0
04/11/2014 11:00:00 PM,3,1,1,1,0
04/12/2014 12:00:00 AM,0,0,0,0,0
04/12/2014 01:00:00 AM,0,0,0,0,0
04/12/2014 02:00:00 AM,0,0,0,0,0
04/12/2014 03:00:00 AM,0,0,0,0,0
04/12/2014 04:00:00 AM,1,0,0,0,1
04/12/2014 05:00:00 AM,1,0,0,1,0
04/12/2014 06:00:00 AM,5,0,0,1,4
04/12/2014 07:00:00 AM,30,0,3,12,15
04/12/2014 08:00:00 AM,81,5,19,13,44
04/12/2014 09:00:00 AM,148,13,19,47,69
04/12/2014 10:00:00 AM,180,10,36,51,83
04/12/2014 11:00:00 AM,194,31,16,106,41
04/12/2014 12:00:00 PM,161,20,12,80,49
04/12/2014 01:00:00 PM,156,9,20,64,63
04/12/2014 02:00:00 PM,141,20,16,49,56
04/12/2014 03:00:00 PM,211,44,27,76,64
04/12/2014 04:00:00 PM,167,40,15,78,34
04/12/2014 05:00:00 PM,139,33,32,42,32
04/12/2014 06:00:00 PM,69,8,13,33,15
04/12/2014 07:00:00 PM,35,5,2,20,8
04/12/2014 08:00:00 PM,7,3,1,1,2
04/12/2014 09:00:00 PM,2,0,0,2,0
04/12/2014 10:00:00 PM,1,0,1,0,0
04/12/2014 11:00:00 PM,2,0,0,1,1
04/13/2014 12:00:00 AM,0,0,0,0,0
04/13/2014 01:00:00 AM,0,0,0,0,0
04/13/2014 02:00:00 AM,0,0,0,0,0
04/13/2014 03:00:00 AM,6,4,2,0,0
04/13/2014 04:00:00 AM,0,0,0,0,0
04/13/2014 05:00:00 AM,1,0,0,1,0
04/13/2014 06:00:00 AM,5,0,2,3,0
04/13/2014 07:00:00 AM,23,2,6,8,7
04/13/2014 08:00:00 AM,72,7,11,11,43
04/13/2014 09:00:00 AM,127,10,15,46,56
04/13/2014 10:00:00 AM,378,19,53,76,230
04/13/2014 11:00:00 AM,350,39,26,213,72
04/13/2014 12:00:00 PM,338,57,27,167,87
04/13/2014 01:00:00 PM,288,40,30,115,103
04/13/2014 02:00:00 PM,227,33,29,95,70
04/13/2014 03:00:00 PM,317,98,62,85,72
04/13/2014 04:00:00 PM,224,75,15,95,39
04/13/2014 05:00:00 PM,149,34,19,58,38
04/13/2014 06:00:00 PM,82,12,12,33,25
04/13/2014 07:00:00 PM,40,9,4,16,11
04/13/2014 08:00:00 PM,13,2,1,7,3
04/13/2014 09:00:00 PM,0,0,0,0,0
04/13/2014 10:00:00 PM,0,0,0,0,0
04/13/2014 11:00:00 PM,0,0,0,0,0
04/14/2014 12:00:00 AM,0,0,0,0,0
04/14/2014 01:00:00 AM,0,0,0,0,0
04/14/2014 02:00:00 AM,0,0,0,0,0
04/14/2014 03:00:00 AM,0,0,0,0,0
04/14/2014 04:00:00 AM,3,0,0,3,0
04/14/2014 05:00:00 AM,15,1,1,5,8
04/14/2014 06:00:00 AM,38,2,4,26,6
04/14/2014 07:00:00 AM,84,5,10,42,27
04/14/2014 08:00:00 AM,73,12,4,34,23
04/14/2014 09:00:00 AM,57,7,9,24,17
04/14/2014 10:00:00 AM,30,2,3,15,10
04/14/2014 11:00:00 AM,27,4,5,10,8
04/14/2014 12:00:00 PM,55,10,7,23,15
04/14/2014 01:00:00 PM,33,1,1,18,13
04/14/2014 02:00:00 PM,41,4,4,20,13
04/14/2014 03:00:00 PM,78,15,4,37,22
04/14/2014 04:00:00 PM,120,26,12,28,54
04/14/2014 05:00:00 PM,176,9,16,69,82
04/14/2014 06:00:00 PM,295,70,86,90,49
04/14/2014 07:00:00 PM,62,5,9,33,15
04/14/2014 08:00:00 PM,13,1,0,8,4
04/14/2014 09:00:00 PM,4,0,0,3,1
04/14/2014 10:00:00 PM,3,1,1,1,0
04/14/2014 11:00:00 PM,0,0,0,0,0
04/15/2014 12:00:00 AM,2,1,1,0,0
04/15/2014 01:00:00 AM,0,0,0,0,0
04/15/2014 02:00:00 AM,0,0,0,0,0
04/15/2014 03:00:00 AM,0,0,0,0,0
04/15/2014 04:00:00 AM,2,0,0,2,0
04/15/2014 05:00:00 AM,11,0,0,7,4
04/15/2014 06:00:00 AM,24,1,3,16,4
04/15/2014 07:00:00 AM,55,6,10,20,19
04/15/2014 08:00:00 AM,59,4,1,29,25
04/15/2014 09:00:00 AM,43,6,4,20,13
04/15/2014 10:00:00 AM,19,1,2,10,6
04/15/2014 11:00:00 AM,22,0,4,10,8
04/15/2014 12:00:00 PM,19,2,4,7,6
04/15/2014 01:00:00 PM,26,3,5,5,13
04/15/2014 02:00:00 PM,33,1,3,21,8
04/15/2014 03:00:00 PM,48,16,10,10,12
04/15/2014 04:00:00 PM,67,13,12,16,26
04/15/2014 05:00:00 PM,93,5,9,31,48
04/15/2014 06:00:00 PM,84,6,12,40,26
04/15/2014 07:00:00 PM,67,5,7,35,20
04/15/2014 08:00:00 PM,14,2,0,9,3
04/15/2014 09:00:00 PM,2,0,0,1,1
04/15/2014 10:00:00 PM,2,0,0,0,2
04/15/2014 11:00:00 PM,5,2,2,1,0
04/16/2014 12:00:00 AM,0,0,0,0,0
04/16/2014 01:00:00 AM,0,0,0,0,0
04/16/2014 02:00:00 AM,0,0,0,0,0
04/16/2014 03:00:00 AM,0,0,0,0,0
04/16/2014 04:00:00 AM,2,0,0,2,0
04/16/2014 05:00:00 AM,11,1,0,4,6
04/16/2014 06:00:00 AM,17,1,0,8,8
04/16/2014 07:00:00 AM,33,2,5,14,12
04/16/2014 08:00:00 AM,37,3,0,16,18
04/16/2014 09:00:00 AM,26,3,4,11,8
04/16/2014 10:00:00 AM,8,1,1,1,5
04/16/2014 11:00:00 AM,17,3,2,4,8
04/16/2014 12:00:00 PM,12,3,4,3,2
04/16/2014 01:00:00 PM,9,2,2,2,3
04/16/2014 02:00:00 PM,5,0,0,4,1
04/16/2014 03:00:00 PM,17,1,2,9,5
04/16/2014 04:00:00 PM,117,52,45,10,10
04/16/2014 05:00:00 PM,37,1,6,10,20
04/16/2014 06:00:00 PM,51,1,5,32,13
04/16/2014 07:00:00 PM,21,0,0,14,7
04/16/2014 08:00:00 PM,6,0,0,5,1
04/16/2014 09:00:00 PM,4,0,1,1,2
04/16/2014 10:00:00 PM,0,0,0,0,0
04/16/2014 11:00:00 PM,1,0,0,1,0
04/17/2014 12:00:00 AM,0,0,0,0,0
04/17/2014 01:00:00 AM,0,0,0,0,0
04/17/2014 02:00:00 AM,0,0,0,0,0
04/17/2014 03:00:00 AM,0,0,0,0,0
04/17/2014 04:00:00 AM,2,0,0,2,0
04/17/2014 05:00:00 AM,4,0,0,3,1
04/17/2014 06:00:00 AM,12,1,1,5,5
04/17/2014 07:00:00 AM,22,3,2,11,6
04/17/2014 08:00:00 AM,29,2,1,14,12
04/17/2014 09:00:00 AM,13,1,3,2,7
04/17/2014 10:00:00 AM,18,1,6,5,6
04/17/2014 11:00:00 AM,9,0,1,4,4
04/17/2014 12:00:00 PM,4,0,0,4,0
04/17/2014 01:00:00 PM,5,0,0,2,3
04/17/2014 02:00:00 PM,5,0,0,1,4
04/17/2014 03:00:00 PM,7,0,1,4,2
04/17/2014 04:00:00 PM,20,2,2,4,12
04/17/2014 05:00:00 PM,29,3,3,9,14
04/17/2014 06:00:00 PM,164,74,61,16,13
04/17/2014 07:00:00 PM,23,1,2,11,9
04/17/2014 08:00:00 PM,9,2,2,5,0
04/17/2014 09:00:00 PM,1,0,0,1,0
04/17/2014 10:00:00 PM,3,0,1,1,1
04/17/2014 11:00:00 PM,2,0,0,1,1
04/18/2014 12:00:00 AM,0,0,0,0,0
04/18/2014 01:00:00 AM,0,0,0,0,0
04/18/2014 02:00:00 AM,0,0,0,0,0
04/18/2014 03:00:00 AM,0,0,0,0,0
04/18/2014 04:00:00 AM,2,1,0,1,0
04/18/2014 05:00:00 AM,12,1,0,5,6
04/18/2014 06:00:00 AM,22,1,1,11,9
04/18/2014 07:00:00 AM,60,6,5,28,21
04/18/2014 08:00:00 AM,56,5,4,21,26
04/18/2014 09:00:00 AM,40,3,2,24,11
04/18/2014 10:00:00 AM,39,4,8,16,11
04/18/2014 11:00:00 AM,39,6,3,16,14
04/18/2014 12:00:00 PM,51,6,10,18,17
04/18/2014 01:00:00 PM,53,2,4,21,26
04/18/2014 02:00:00 PM,71,11,11,16,33
04/18/2014 03:00:00 PM,66,5,8,31,22
04/18/2014 04:00:00 PM,89,4,8,42,35
04/18/2014 05:00:00 PM,140,9,9,53,69
04/18/2014 06:00:00 PM,129,4,9,81,35
04/18/2014 07:00:00 PM,161,56,69,26,10
04/18/2014 08:00:00 PM,9,1,1,5,2
04/18/2014 09:00:00 PM,3,1,0,2,0
04/18/2014 10:00:00 PM,3,2,1,0,0
04/18/2014 11:00:00 PM,1,0,1,0,0
04/19/2014 12:00:00 AM,3,1,1,0,1
04/19/2014 01:00:00 AM,0,0,0,0,0
04/19/2014 02:00:00 AM,1,0,0,1,0
04/19/2014 03:00:00 AM,0,0,0,0,0
04/19/2014 04:00:00 AM,0,0,0,0,0
04/19/2014 05:00:00 AM,1,0,0,1,0
04/19/2014 06:00:00 AM,13,2,3,2,6
04/19/2014 07:00:00 AM,42,4,11,13,14
04/19/2014 08:00:00 AM,115,14,15,38,48
04/19/2014 09:00:00 AM,149,18,20,41,70
04/19/2014 10:00:00 AM,144,12,17,57,58
04/19/2014 11:00:00 AM,146,13,10,92,31
04/19/2014 12:00:00 PM,59,6,7,39,7
04/19/2014 01:00:00 PM,33,6,8,14,5
04/19/2014 02:00:00 PM,10,1,0,6,3
04/19/2014 03:00:00 PM,16,1,1,6,8
04/19/2014 04:00:00 PM,13,3,2,4,4
04/19/2014 05:00:00 PM,6,0,2,2,2
04/19/2014 06:00:00 PM,26,12,11,0,3
04/19/2014 07:00:00 PM,6,1,2,2,1
04/19/2014 08:00:00 PM,2,0,0,1,1
04/19/2014 09:00:00 PM,0,0,0,0,0
04/19/2014 10:00:00 PM,3,2,1,0,0
04/19/2014 11:00:00 PM,1,0,0,1,0
04/20/2014 12:00:00 AM,0,0,0,0,0
04/20/2014 01:00:00 AM,0,0,0,0,0
04/20/2014 02:00:00 AM,0,0,0,0,0
04/20/2014 03:00:00 AM,0,0,0,0,0
04/20/2014 04:00:00 AM,0,0,0,0,0
04/20/2014 05:00:00 AM,0,0,0,0,0
04/20/2014 06:00:00 AM,3,0,1,1,1
04/20/2014 07:00:00 AM,20,0,3,7,10
04/20/2014 08:00:00 AM,60,6,5,19,30
04/20/2014 09:00:00 AM,94,10,14,40,30
04/20/2014 10:00:00 AM,131,9,15,49,58
04/20/2014 11:00:00 AM,146,8,7,79,52
04/20/2014 12:00:00 PM,166,15,25,63,63
04/20/2014 01:00:00 PM,185,14,17,86,68
04/20/2014 02:00:00 PM,160,23,12,76,49
04/20/2014 03:00:00 PM,171,29,22,64,56
04/20/2014 04:00:00 PM,144,21,20,65,38
04/20/2014 05:00:00 PM,114,28,14,37,35
04/20/2014 06:00:00 PM,56,6,9,28,13
04/20/2014 07:00:00 PM,35,5,2,16,12
04/20/2014 08:00:00 PM,6,0,0,5,1
04/20/2014 09:00:00 PM,2,0,0,0,2
04/20/2014 10:00:00 PM,1,0,1,0,0
04/20/2014 11:00:00 PM,1,1,0,0,0
04/21/2014 12:00:00 AM,3,0,0,2,1
04/21/2014 01:00:00 AM,0,0,0,0,0
04/21/2014 02:00:00 AM,0,0,0,0,0
04/21/2014 03:00:00 AM,0,0,0,0,0
04/21/2014 04:00:00 AM,2,0,0,2,0
04/21/2014 05:00:00 AM,13,0,1,2,10
04/21/2014 06:00:00 AM,30,2,1,16,11
04/21/2014 07:00:00 AM,55,6,6,30,13
04/21/2014 08:00:00 AM,63,4,3,32,24
04/21/2014 09:00:00 AM,40,3,5,18,14
04/21/2014 10:00:00 AM,19,2,3,8,6
04/21/2014 11:00:00 AM,26,0,6,13,7
04/21/2014 12:00:00 PM,38,4,2,25,7
04/21/2014 01:00:00 PM,30,5,2,11,12
04/21/2014 02:00:00 PM,25,2,1,7,15
04/21/2014 03:00:00 PM,49,17,5,16,11
04/21/2014 04:00:00 PM,74,9,9,21,35
04/21/2014 05:00:00 PM,111,4,11,39,57
04/21/2014 06:00:00 PM,98,2,9,58,29
04/21/2014 07:00:00 PM,128,42,43,27,16
04/21/2014 08:00:00 PM,10,3,0,6,1
04/21/2014 09:00:00 PM,5,0,0,3,2
04/21/2014 10:00:00 PM,2,0,0,1,1
04/21/2014 11:00:00 PM,0,0,0,0,0
04/22/2014 12:00:00 AM,0,0,0,0,0
04/22/2014 01:00:00 AM,1,0,0,1,0
04/22/2014 02:00:00 AM,0,0,0,0,0
04/22/2014 03:00:00 AM,0,0,0,0,0
04/22/2014 04:00:00 AM,2,0,0,2,0
04/22/2014 05:00:00 AM,6,1,0,4,1
04/22/2014 06:00:00 AM,15,2,2,9,2
04/22/2014 07:00:00 AM,34,2,3,17,12
04/22/2014 08:00:00 AM,30,3,2,14,11
04/22/2014 09:00:00 AM,13,0,0,4,9
04/22/2014 10:00:00 AM,7,1,1,2,3
04/22/2014 11:00:00 AM,9,1,1,3,4
04/22/2014 12:00:00 PM,16,5,2,7,2
04/22/2014 01:00:00 PM,21,3,5,8,5
04/22/2014 02:00:00 PM,17,2,1,3,11
04/22/2014 03:00:00 PM,22,1,2,12,7
04/22/2014 04:00:00 PM,42,3,7,12,20
04/22/2014 05:00:00 PM,70,6,9,23,32
04/22/2014 06:00:00 PM,64,6,8,29,21
04/22/2014 07:00:00 PM,37,1,2,16,18
04/22/2014 08:00:00 PM,10,1,0,7,2
04/22/2014 09:00:00 PM,2,0,0,1,1
04/22/2014 10:00:00 PM,1,0,0,1,0
04/22/2014 11:00:00 PM,0,0,0,0,0
04/23/2014 12:00:00 AM,0,0,0,0,0
04/23/2014 01:00:00 AM,0,0,0,0,0
04/23/2014 02:00:00 AM,0,0,0,0,0
04/23/2014 03:00:00 AM,0,0,0,0,0
04/23/2014 04:00:00 AM,3,0,0,3,0
04/23/2014 05:00:00 AM,12,0,0,3,9
04/23/2014 06:00:00 AM,20,1,1,12,6
04/23/2014 07:00:00 AM,46,4,5,23,14
04/23/2014 08:00:00 AM,48,4,4,21,19
04/23/2014 09:00:00 AM,36,3,5,11,17
04/23/2014 10:00:00 AM,30,3,3,11,13
04/23/2014 11:00:00 AM,27,2,5,12,8
04/23/2014 12:00:00 PM,26,3,3,9,11
04/23/2014 01:00:00 PM,12,2,1,7,2
04/23/2014 02:00:00 PM,33,3,1,5,24
04/23/2014 03:00:00 PM,80,2,5,49,24
04/23/2014 04:00:00 PM,41,3,5,13,20
04/23/2014 05:00:00 PM,68,6,6,32,24
04/23/2014 06:00:00 PM,49,6,5,26,12
04/23/2014 07:00:00 PM,26,1,2,15,8
04/23/2014 08:00:00 PM,8,1,0,7,0
04/23/2014 09:00:00 PM,2,0,0,1,1
04/23/2014 10:00:00 PM,8,3,4,1,0
04/23/2014 11:00:00 PM,1,0,0,1,0
04/24/2014 12:00:00 AM,1,0,1,0,0
04/24/2014 01:00:00 AM,0,0,0,0,0
04/24/2014 02:00:00 AM,0,0,0,0,0
04/24/2014 03:00:00 AM,0,0,0,0,0
04/24/2014 04:00:00 AM,3,0,0,3,0
04/24/2014 05:00:00 AM,5,1,0,3,1
04/24/2014 06:00:00 AM,14,0,2,6,6
04/24/2014 07:00:00 AM,26,3,4,8,11
04/24/2014 08:00:00 AM,34,2,4,12,16
04/24/2014 09:00:00 AM,33,2,0,11,20
04/24/2014 10:00:00 AM,21,4,1,8,8
04/24/2014 11:00:00 AM,18,2,2,6,8
04/24/2014 12:00:00 PM,19,1,4,13,1
04/24/2014 01:00:00 PM,8,1,1,4,2
04/24/2014 02:00:00 PM,2,0,0,1,1
04/24/2014 03:00:00 PM,41,14,20,4,3
04/24/2014 04:00:00 PM,44,17,6,11,10
04/24/2014 05:00:00 PM,55,5,3,27,20
04/24/2014 06:00:00 PM,79,9,17,32,21
04/24/2014 07:00:00 PM,39,7,4,16,12
04/24/2014 08:00:00 PM,20,4,2,11,3
04/24/2014 09:00:00 PM,4,0,0,3,1
04/24/2014 10:00:00 PM,0,0,0,0,0
04/24/2014 11:00:00 PM,1,0,0,1,0
04/25/2014 12:00:00 AM,0,0,0,0,0
04/25/2014 01:00:00 AM,0,0,0,0,0
04/25/2014 02:00:00 AM,0,0,0,0,0
04/25/2014 03:00:00 AM,0,0,0,0,0
04/25/2014 04:00:00 AM,3,0,0,3,0
04/25/2014 05:00:00 AM,17,0,4,5,8
04/25/2014 06:00:00 AM,31,3,1,12,15
04/25/2014 07:00:00 AM,84,13,6,37,28
04/25/2014 08:00:00 AM,65,6,4,29,26
04/25/2014 09:00:00 AM,38,3,6,17,12
04/25/2014 10:00:00 AM,32,1,5,14,12
04/25/2014 11:00:00 AM,38,4,5,9,20
04/25/2014 12:00:00 PM,47,6,8,15,18
04/25/2014 01:00:00 PM,47,5,5,21,16
04/25/2014 02:00:00 PM,50,9,3,22,16
04/25/2014 03:00:00 PM,73,21,13,23,16
04/25/2014 04:00:00 PM,151,52,27,36,36
04/25/2014 05:00:00 PM,172,44,40,47,41
04/25/2014 06:00:00 PM,118,14,18,59,27
04/25/2014 07:00:00 PM,59,11,2,33,13
04/25/2014 08:00:00 PM,14,0,1,8,5
04/25/2014 09:00:00 PM,6,1,0,4,1
04/25/2014 10:00:00 PM,3,0,1,1,1
04/25/2014 11:00:00 PM,0,0,0,0,0
04/26/2014 12:00:00 AM,1,0,1,0,0
04/26/2014 01:00:00 AM,1,0,0,1,0
04/26/2014 02:00:00 AM,18,7,9,2,0
04/26/2014 03:00:00 AM,0,0,0,0,0
04/26/2014 04:00:00 AM,0,0,0,0,0
04/26/2014 05:00:00 AM,0,0,0,0,0
04/26/2014 06:00:00 AM,6,2,1,0,3
04/26/2014 07:00:00 AM,51,4,10,14,23
04/26/2014 08:00:00 AM,142,10,14,43,75
04/26/2014 09:00:00 AM,174,17,14,60,83
04/26/2014 10:00:00 AM,240,25,26,86,103
04/26/2014 11:00:00 AM,320,30,44,137,109
04/26/2014 12:00:00 PM,181,16,13,99,53
04/26/2014 01:00:00 PM,142,14,3,86,39
04/26/2014 02:00:00 PM,138,18,12,67,41
04/26/2014 03:00:00 PM,110,14,8,47,41
04/26/2014 04:00:00 PM,89,15,6,41,27
04/26/2014 05:00:00 PM,66,8,4,36,18
04/26/2014 06:00:00 PM,178,82,76,12,8
04/26/2014 07:00:00 PM,15,3,2,9,1
04/26/2014 08:00:00 PM,0,0,0,0,0
04/26/2014 09:00:00 PM,2,0,0,0,2
04/26/2014 10:00:00 PM,1,0,0,1,0
04/26/2014 11:00:00 PM,0,0,0,0,0
04/27/2014 12:00:00 AM,0,0,0,0,0
04/27/2014 01:00:00 AM,0,0,0,0,0
04/27/2014 02:00:00 AM,0,0,0,0,0
04/27/2014 03:00:00 AM,0,0,0,0,0
04/27/2014 04:00:00 AM,1,0,0,0,1
04/27/2014 05:00:00 AM,2,0,0,0,2
04/27/2014 06:00:00 AM,4,1,0,0,3
04/27/2014 07:00:00 AM,19,3,4,7,5
04/27/2014 08:00:00 AM,35,4,5,10,16
04/27/2014 09:00:00 AM,87,10,20,31,26
04/27/2014 10:00:00 AM,77,9,9,26,33
04/27/2014 11:00:00 AM,76,5,7,39,25
04/27/2014 12:00:00 PM,71,4,5,42,20
04/27/2014 01:00:00 PM,51,0,6,25,20
04/27/2014 02:00:00 PM,45,8,5,19,13
04/27/2014 03:00:00 PM,44,7,3,27,7
04/27/2014 04:00:00 PM,49,2,7,19,21
04/27/2014 05:00:00 PM,37,5,4,20,8
04/27/2014 06:00:00 PM,22,4,4,10,4
04/27/2014 07:00:00 PM,9,3,3,2,1
04/27/2014 08:00:00 PM,3,0,0,3,0
04/27/2014 09:00:00 PM,1,1,0,0,0
04/27/2014 10:00:00 PM,1,0,0,1,0
04/27/2014 11:00:00 PM,0,0,0,0,0
04/28/2014 12:00:00 AM,0,0,0,0,0
04/28/2014 01:00:00 AM,0,0,0,0,0
04/28/2014 02:00:00 AM,0,0,0,0,0
04/28/2014 03:00:00 AM,0,0,0,0,0
04/28/2014 04:00:00 AM,3,0,0,2,1
04/28/2014 05:00:00 AM,13,1,1,2,9
04/28/2014 06:00:00 AM,39,0,2,26,11
04/28/2014 07:00:00 AM,63,0,5,37,21
04/28/2014 08:00:00 AM,71,0,2,42,27
04/28/2014 09:00:00 AM,34,0,2,17,15
04/28/2014 10:00:00 AM,32,1,1,20,10
04/28/2014 11:00:00 AM,34,5,5,16,8
04/28/2014 12:00:00 PM,25,4,6,7,8
04/28/2014 01:00:00 PM,45,6,4,22,13
04/28/2014 02:00:00 PM,39,2,8,17,12
04/28/2014 03:00:00 PM,50,11,6,21,12
04/28/2014 04:00:00 PM,87,12,13,29,33
04/28/2014 05:00:00 PM,143,15,18,63,47
04/28/2014 06:00:00 PM,173,12,30,69,62
04/28/2014 07:00:00 PM,100,12,16,46,26
04/28/2014 08:00:00 PM,24,7,3,11,3
04/28/2014 09:00:00 PM,8,2,1,4,1
04/28/2014 10:00:00 PM,2,0,0,2,0
04/28/2014 11:00:00 PM,0,0,0,0,0
04/29/2014 12:00:00 AM,0,0,0,0,0
04/29/2014 01:00:00 AM,0,0,0,0,0
04/29/2014 02:00:00 AM,0,0,0,0,0
04/29/2014 03:00:00 AM,0,0,0,0,0
04/29/2014 04:00:00 AM,4,0,0,3,1
04/29/2014 05:00:00 AM,15,1,2,9,3
04/29/2014 06:00:00 AM,68,4,4,36,24
04/29/2014 07:00:00 AM,118,9,8,62,39
04/29/2014 08:00:00 AM,100,5,6,54,35
04/29/2014 09:00:00 AM,50,4,5,23,18
04/29/2014 10:00:00 AM,35,6,4,18,7
04/29/2014 11:00:00 AM,54,8,6,24,16
04/29/2014 12:00:00 PM,44,5,5,22,12
04/29/2014 01:00:00 PM,58,8,6,24,20
04/29/2014 02:00:00 PM,57,11,10,19,17
04/29/2014 03:00:00 PM,73,12,4,40,17
04/29/2014 04:00:00 PM,154,30,13,68,43
04/29/2014 05:00:00 PM,245,21,32,110,82
04/29/2014 06:00:00 PM,214,19,27,101,67
04/29/2014 07:00:00 PM,189,29,18,85,57
04/29/2014 08:00:00 PM,51,7,9,25,10
04/29/2014 09:00:00 PM,5,0,0,3,2
04/29/2014 10:00:00 PM,6,2,0,4,0
04/29/2014 11:00:00 PM,1,0,0,1,0
04/30/2014 12:00:00 AM,3,0,0,2,1
04/30/2014 01:00:00 AM,2,1,1,0,0
04/30/2014 02:00:00 AM,0,0,0,0,0
04/30/2014 03:00:00 AM,0,0,0,0,0
04/30/2014 04:00:00 AM,3,0,0,2,1
04/30/2014 05:00:00 AM,25,0,2,11,12
04/30/2014 06:00:00 AM,61,1,4,41,15
04/30/2014 07:00:00 AM,121,12,8,69,32
04/30/2014 08:00:00 AM,115,18,8,58,31
04/30/2014 09:00:00 AM,68,7,6,37,18
04/30/2014 10:00:00 AM,66,12,5,24,25
04/30/2014 11:00:00 AM,63,6,5,33,19
04/30/2014 12:00:00 PM,52,4,2,26,20
04/30/2014 01:00:00 PM,55,6,7,28,14
04/30/2014 02:00:00 PM,82,13,7,32,30
04/30/2014 03:00:00 PM,145,55,11,52,27
04/30/2014 04:00:00 PM,210,63,13,87,47
04/30/2014 05:00:00 PM,259,66,14,121,58
04/30/2014 06:00:00 PM,228,28,23,101,76
04/30/2014 07:00:00 PM,127,12,14,72,29
04/30/2014 08:00:00 PM,60,6,5,43,6
04/30/2014 09:00:00 PM,3,0,0,3,0
04/30/2014 10:00:00 PM,8,0,0,4,4
04/30/2014 11:00:00 PM,3,0,0,3,0
04/01/2015 12:00:00 AM,0,0,0,0,0
04/01/2015 01:00:00 AM,0,0,0,0,0
04/01/2015 02:00:00 AM,0,0,0,0,0
04/01/2015 03:00:00 AM,0,0,0,0,0
04/01/2015 04:00:00 AM,1,0,0,1,0
04/01/2015 05:00:00 AM,11,1,1,4,5
04/01/2015 06:00:00 AM,26,2,2,12,10
04/01/2015 07:00:00 AM,47,1,7,21,18
04/01/2015 08:00:00 AM,48,2,5,24,17
04/01/2015 09:00:00 AM,35,1,3,20,11
04/01/2015 10:00:00 AM,17,0,5,4,8
04/01/2015 11:00:00 AM,29,6,5,11,7
04/01/2015 12:00:00 PM,20,1,4,7,8
04/01/2015 01:00:00 PM,21,1,3,11,6
04/01/2015 02:00:00 PM,26,5,6,8,7
04/01/2015 03:00:00 PM,23,3,3,5,12
04/01/2015 04:00:00 PM,33,3,5,11,14
04/01/2015 05:00:00 PM,52,4,5,18,25
04/01/2015 06:00:00 PM,60,4,3,31,22
04/01/2015 07:00:00 PM,42,6,7,21,8
04/01/2015 08:00:00 PM,24,8,5,7,4
04/01/2015 09:00:00 PM,7,1,2,4,0
04/01/2015 10:00:00 PM,0,0,0,0,0
04/01/2015 11:00:00 PM,0,0,0,0,0
04/02/2015 12:00:00 AM,3,1,2,0,0
04/02/2015 01:00:00 AM,0,0,0,0,0
04/02/2015 02:00:00 AM,0,0,0,0,0
04/02/2015 03:00:00 AM,0,0,0,0,0
04/02/2015 04:00:00 AM,0,0,0,0,0
04/02/2015 05:00:00 AM,4,1,0,2,1
04/02/2015 06:00:00 AM,43,2,5,15,21
04/02/2015 07:00:00 AM,59,2,5,30,22
04/02/2015 08:00:00 AM,42,1,1,26,14
04/02/2015 09:00:00 AM,40,1,2,22,15
04/02/2015 10:00:00 AM,27,3,3,10,11
04/02/2015 11:00:00 AM,19,1,3,7,8
04/02/2015 12:00:00 PM,33,5,4,11,13
04/02/2015 01:00:00 PM,23,1,5,5,12
04/02/2015 02:00:00 PM,44,12,6,18,8
04/02/2015 03:00:00 PM,40,2,8,18,12
04/02/2015 04:00:00 PM,79,8,5,28,38
04/02/2015 05:00:00 PM,140,9,20,59,52
04/02/2015 06:00:00 PM,141,21,18,62,40
04/02/2015 07:00:00 PM,75,7,7,38,23
04/02/2015 08:00:00 PM,25,4,3,11,7
04/02/2015 09:00:00 PM,4,1,2,1,0
04/02/2015 10:00:00 PM,1,0,1,0,0
04/02/2015 11:00:00 PM,1,1,0,0,0
04/03/2015 12:00:00 AM,3,1,0,1,1
04/03/2015 01:00:00 AM,0,0,0,0,0
04/03/2015 02:00:00 AM,0,0,0,0,0
04/03/2015 03:00:00 AM,0,0,0,0,0
04/03/2015 04:00:00 AM,2,1,0,1,0
04/03/2015 05:00:00 AM,6,0,1,0,5
04/03/2015 06:00:00 AM,18,0,0,9,9
04/03/2015 07:00:00 AM,43,3,4,19,17
04/03/2015 08:00:00 AM,52,8,2,23,19
04/03/2015 09:00:00 AM,39,2,4,17,16
04/03/2015 10:00:00 AM,30,1,5,7,17
04/03/2015 11:00:00 AM,37,2,2,21,12
04/03/2015 12:00:00 PM,32,2,3,19,8
04/03/2015 01:00:00 PM,21,4,4,7,6
04/03/2015 02:00:00 PM,11,3,2,4,2
04/03/2015 03:00:00 PM,17,2,5,5,5
04/03/2015 04:00:00 PM,185,80,71,20,14
04/03/2015 05:00:00 PM,62,6,11,25,20
04/03/2015 06:00:00 PM,67,2,9,38,18
04/03/2015 07:00:00 PM,37,1,5,20,11
04/03/2015 08:00:00 PM,89,36,39,8,6
04/03/2015 09:00:00 PM,6,1,2,3,0
04/03/2015 10:00:00 PM,2,1,0,1,0
04/03/2015 11:00:00 PM,0,0,0,0,0
04/04/2015 12:00:00 AM,0,0,0,0,0
04/04/2015 01:00:00 AM,2,0,0,1,1
04/04/2015 02:00:00 AM,0,0,0,0,0
04/04/2015 03:00:00 AM,0,0,0,0,0
04/04/2015 04:00:00 AM,0,0,0,0,0
04/04/2015 05:00:00 AM,2,0,1,1,0
04/04/2015 06:00:00 AM,5,1,0,0,4
04/04/2015 07:00:00 AM,17,0,1,3,13
04/04/2015 08:00:00 AM,65,4,6,23,32
04/04/2015 09:00:00 AM,84,8,8,32,36
04/04/2015 10:00:00 AM,148,15,25,45,63
04/04/2015 11:00:00 AM,321,27,23,195,76
04/04/2015 12:00:00 PM,202,24,27,98,53
04/04/2015 01:00:00 PM,194,9,18,110,57
04/04/2015 02:00:00 PM,142,10,11,69,52
04/04/2015 03:00:00 PM,149,14,17,73,45
04/04/2015 04:00:00 PM,134,18,15,64,37
04/04/2015 05:00:00 PM,98,21,16,39,22
04/04/2015 06:00:00 PM,54,7,7,25,15
04/04/2015 07:00:00 PM,19,3,2,9,5
04/04/2015 08:00:00 PM,14,2,2,7,3
04/04/2015 09:00:00 PM,3,2,1,0,0
04/04/2015 10:00:00 PM,3,0,0,2,1
04/04/2015 11:00:00 PM,3,0,2,0,1
04/05/2015 12:00:00 AM,4,3,1,0,0
04/05/2015 01:00:00 AM,0,0,0,0,0
04/05/2015 02:00:00 AM,1,0,0,0,1
04/05/2015 03:00:00 AM,0,0,0,0,0
04/05/2015 04:00:00 AM,1,0,0,1,0
04/05/2015 05:00:00 AM,1,0,1,0,0
04/05/2015 06:00:00 AM,1,0,0,0,1
04/05/2015 07:00:00 AM,10,1,1,1,7
04/05/2015 08:00:00 AM,30,3,5,10,12
04/05/2015 09:00:00 AM,76,4,7,33,32
04/05/2015 10:00:00 AM,78,9,14,22,33
04/05/2015 11:00:00 AM,129,12,8,58,51
04/05/2015 12:00:00 PM,156,14,19,76,47
04/05/2015 01:00:00 PM,135,14,4,60,57
04/05/2015 02:00:00 PM,142,14,25,55,48
04/05/2015 03:00:00 PM,146,27,14,54,51
04/05/2015 04:00:00 PM,155,24,22,70,39
04/05/2015 05:00:00 PM,67,10,8,41,8
04/05/2015 06:00:00 PM,64,13,15,24,12
04/05/2015 07:00:00 PM,24,0,2,18,4
04/05/2015 08:00:00 PM,11,4,1,5,1
04/05/2015 09:00:00 PM,3,0,0,1,2
04/05/2015 10:00:00 PM,0,0,0,0,0
04/05/2015 11:00:00 PM,4,2,2,0,0
04/06/2015 12:00:00 AM,7,3,4,0,0
04/06/2015 01:00:00 AM,0,0,0,0,0
04/06/2015 02:00:00 AM,0,0,0,0,0
04/06/2015 03:00:00 AM,1,1,0,0,0
04/06/2015 04:00:00 AM,2,0,0,2,0
04/06/2015 05:00:00 AM,15,0,4,4,7
04/06/2015 06:00:00 AM,22,4,3,8,7
04/06/2015 07:00:00 AM,59,3,10,30,16
04/06/2015 08:00:00 AM,74,5,3,35,31
04/06/2015 09:00:00 AM,37,2,1,18,16
04/06/2015 10:00:00 AM,15,3,2,4,6
04/06/2015 11:00:00 AM,17,2,1,8,6
04/06/2015 12:00:00 PM,18,2,3,5,8
04/06/2015 01:00:00 PM,18,0,3,7,8
04/06/2015 02:00:00 PM,29,10,4,7,8
04/06/2015 03:00:00 PM,33,3,4,18,8
04/06/2015 04:00:00 PM,53,2,6,16,29
04/06/2015 05:00:00 PM,90,3,7,37,43
04/06/2015 06:00:00 PM,109,7,18,50,34
04/06/2015 07:00:00 PM,69,9,8,36,16
04/06/2015 08:00:00 PM,13,2,3,6,2
04/06/2015 09:00:00 PM,4,0,0,3,1
04/06/2015 10:00:00 PM,1,0,1,0,0
04/06/2015 11:00:00 PM,2,0,0,1,1
04/07/2015 12:00:00 AM,2,0,0,1,1
04/07/2015 01:00:00 AM,0,0,0,0,0
04/07/2015 02:00:00 AM,3,1,2,0,0
04/07/2015 03:00:00 AM,0,0,0,0,0
04/07/2015 04:00:00 AM,2,0,0,2,0
04/07/2015 05:00:00 AM,7,0,0,4,3
04/07/2015 06:00:00 AM,31,2,3,17,9
04/07/2015 07:00:00 AM,61,5,11,18,27
04/07/2015 08:00:00 AM,74,4,9,30,31
04/07/2015 09:00:00 AM,47,2,2,23,20
04/07/2015 10:00:00 AM,15,0,1,6,8
04/07/2015 11:00:00 AM,20,0,0,8,12
04/07/2015 12:00:00 PM,12,0,0,8,4
04/07/2015 01:00:00 PM,10,1,0,7,2
04/07/2015 02:00:00 PM,18,4,3,3,8
04/07/2015 03:00:00 PM,27,7,3,9,8
04/07/2015 04:00:00 PM,47,5,9,12,21
04/07/2015 05:00:00 PM,105,5,17,46,37
04/07/2015 06:00:00 PM,137,12,17,63,45
04/07/2015 07:00:00 PM,82,3,5,61,13
04/07/2015 08:00:00 PM,24,1,4,11,8
04/07/2015 09:00:00 PM,7,2,3,2,0
04/07/2015 10:00:00 PM,16,8,7,1,0
04/07/2015 11:00:00 PM,4,1,2,1,0
04/08/2015 12:00:00 AM,5,1,1,1,2
04/08/2015 01:00:00 AM,1,1,0,0,0
04/08/2015 02:00:00 AM,0,0,0,0,0
04/08/2015 03:00:00 AM,1,0,0,1,0
04/08/2015 04:00:00 AM,2,0,0,2,0
04/08/2015 05:00:00 AM,11,0,3,4,4
04/08/2015 06:00:00 AM,27,3,1,12,11
04/08/2015 07:00:00 AM,66,5,6,33,22
04/08/2015 08:00:00 AM,65,3,6,31,25
04/08/2015 09:00:00 AM,43,1,0,16,26
04/08/2015 10:00:00 AM,21,5,5,4,7
04/08/2015 11:00:00 AM,24,3,4,10,7
04/08/2015 12:00:00 PM,51,2,5,27,17
04/08/2015 01:00:00 PM,28,2,2,11,13
04/08/2015 02:00:00 PM,48,6,2,25,15
04/08/2015 03:00:00 PM,100,10,2,50,38
04/08/2015 04:00:00 PM,87,9,10,27,41
04/08/2015 05:00:00 PM,139,24,16,43,56
04/08/2015 06:00:00 PM,151,9,12,86,44
04/08/2015 07:00:00 PM,90,12,12,49,17
04/08/2015 08:00:00 PM,24,5,1,15,3
04/08/2015 09:00:00 PM,5,1,0,4,0
04/08/2015 10:00:00 PM,6,1,0,2,3
04/08/2015 11:00:00 PM,3,1,1,0,1
04/09/2015 12:00:00 AM,0,0,0,0,0
04/09/2015 01:00:00 AM,0,0,0,0,0
04/09/2015 02:00:00 AM,0,0,0,0,0
04/09/2015 03:00:00 AM,0,0,0,0,0
04/09/2015 04:00:00 AM,2,0,0,2,0
04/09/2015 05:00:00 AM,6,0,1,4,1
04/09/2015 06:00:00 AM,28,2,4,10,12
04/09/2015 07:00:00 AM,78,7,8,27,36
04/09/2015 08:00:00 AM,85,4,6,46,29
04/09/2015 09:00:00 AM,56,4,5,25,22
04/09/2015 10:00:00 AM,40,6,8,14,12
04/09/2015 11:00:00 AM,44,5,11,11,17
04/09/2015 12:00:00 PM,68,19,16,13,20
04/09/2015 01:00:00 PM,57,7,4,21,25
04/09/2015 02:00:00 PM,50,6,4,23,17
04/09/2015 03:00:00 PM,74,12,10,29,23
04/09/2015 04:00:00 PM,82,16,4,27,35
04/09/2015 05:00:00 PM,210,39,24,88,59
04/09/2015 06:00:00 PM,193,15,20,96,62
04/09/2015 07:00:00 PM,134,16,13,57,48
04/09/2015 08:00:00 PM,27,4,4,13,6
04/09/2015 09:00:00 PM,9,0,0,9,0
04/09/2015 10:00:00 PM,2,0,0,2,0
04/09/2015 11:00:00 PM,1,0,1,0,0
04/10/2015 12:00:00 AM,3,2,1,0,0
04/10/2015 01:00:00 AM,0,0,0,0,0
04/10/2015 02:00:00 AM,0,0,0,0,0
04/10/2015 03:00:00 AM,2,1,1,0,0
04/10/2015 04:00:00 AM,3,1,0,2,0
04/10/2015 05:00:00 AM,10,0,1,3,6
04/10/2015 06:00:00 AM,16,3,2,7,4
04/10/2015 07:00:00 AM,51,5,6,22,18
04/10/2015 08:00:00 AM,60,6,6,32,16
04/10/2015 09:00:00 AM,42,3,6,19,14
04/10/2015 10:00:00 AM,26,0,1,8,17
04/10/2015 11:00:00 AM,49,6,15,14,14
04/10/2015 12:00:00 PM,40,7,3,12,18
04/10/2015 01:00:00 PM,41,3,4,20,14
04/10/2015 02:00:00 PM,36,5,4,13,14
04/10/2015 03:00:00 PM,26,0,2,16,8
04/10/2015 04:00:00 PM,39,3,2,17,17
04/10/2015 05:00:00 PM,52,4,6,21,21
04/10/2015 06:00:00 PM,45,4,2,21,18
04/10/2015 07:00:00 PM,17,4,0,10,3
04/10/2015 08:00:00 PM,4,0,0,3,1
04/10/2015 09:00:00 PM,0,0,0,0,0
04/10/2015 10:00:00 PM,0,0,0,0,0
04/10/2015 11:00:00 PM,0,0,0,0,0
04/11/2015 12:00:00 AM,0,0,0,0,0
04/11/2015 01:00:00 AM,0,0,0,0,0
04/11/2015 02:00:00 AM,0,0,0,0,0
04/11/2015 03:00:00 AM,1,0,1,0,0
04/11/2015 04:00:00 AM,0,0,0,0,0
04/11/2015 05:00:00 AM,1,0,0,0,1
04/11/2015 06:00:00 AM,1,0,0,0,1
04/11/2015 07:00:00 AM,13,2,4,0,7
04/11/2015 08:00:00 AM,34,4,7,4,19
04/11/2015 09:00:00 AM,89,9,15,23,42
04/11/2015 10:00:00 AM,98,7,17,29,45
04/11/2015 11:00:00 AM,101,13,10,35,43
04/11/2015 12:00:00 PM,114,15,14,51,34
04/11/2015 01:00:00 PM,118,19,23,47,29
04/11/2015 02:00:00 PM,110,11,14,47,38
04/11/2015 03:00:00 PM,73,13,17,18,25
04/11/2015 04:00:00 PM,43,4,8,24,7
04/11/2015 05:00:00 PM,19,3,1,12,3
04/11/2015 06:00:00 PM,14,2,3,8,1
04/11/2015 07:00:00 PM,11,4,4,3,0
04/11/2015 08:00:00 PM,6,0,0,3,3
04/11/2015 09:00:00 PM,2,0,0,1,1
04/11/2015 10:00:00 PM,0,0,0,0,0
04/11/2015 11:00:00 PM,1,0,0,1,0
04/12/2015 12:00:00 AM,1,0,0,0,1
04/12/2015 01:00:00 AM,2,0,0,1,1
04/12/2015 02:00:00 AM,0,0,0,0,0
04/12/2015 03:00:00 AM,1,0,0,1,0
04/12/2015 04:00:00 AM,1,0,1,0,0
04/12/2015 05:00:00 AM,0,0,0,0,0
04/12/2015 06:00:00 AM,4,0,0,1,3
04/12/2015 07:00:00 AM,10,0,2,0,8
04/12/2015 08:00:00 AM,46,2,3,16,25
04/12/2015 09:00:00 AM,103,13,19,22,49
04/12/2015 10:00:00 AM,171,11,28,66,66
04/12/2015 11:00:00 AM,298,39,26,158,75
04/12/2015 12:00:00 PM,245,25,20,117,83
04/12/2015 01:00:00 PM,155,16,13,71,55
04/12/2015 02:00:00 PM,177,34,24,68,51
04/12/2015 03:00:00 PM,165,42,34,59,30
04/12/2015 04:00:00 PM,94,11,10,28,45
04/12/2015 05:00:00 PM,57,7,8,31,11
04/12/2015 06:00:00 PM,43,4,2,24,13
04/12/2015 07:00:00 PM,36,8,14,7,7
04/12/2015 08:00:00 PM,9,1,0,7,1
04/12/2015 09:00:00 PM,2,0,1,1,0
04/12/2015 10:00:00 PM,3,2,1,0,0
04/12/2015 11:00:00 PM,2,1,0,1,0
04/13/2015 12:00:00 AM,0,0,0,0,0
04/13/2015 01:00:00 AM,0,0,0,0,0
04/13/2015 02:00:00 AM,1,0,0,1,0
04/13/2015 03:00:00 AM,0,0,0,0,0
04/13/2015 04:00:00 AM,1,0,0,1,0
04/13/2015 05:00:00 AM,11,2,2,4,3
04/13/2015 06:00:00 AM,22,1,5,11,5
04/13/2015 07:00:00 AM,41,2,3,16,20
04/13/2015 08:00:00 AM,44,1,1,26,16
04/13/2015 09:00:00 AM,103,47,26,12,18
04/13/2015 10:00:00 AM,16,2,1,4,9
04/13/2015 11:00:00 AM,27,1,2,12,12
04/13/2015 12:00:00 PM,8,0,1,7,0
04/13/2015 01:00:00 PM,14,6,2,4,2
04/13/2015 02:00:00 PM,10,2,0,2,6
04/13/2015 03:00:00 PM,9,2,2,3,2
04/13/2015 04:00:00 PM,7,0,1,2,4
04/13/2015 05:00:00 PM,45,1,6,21,17
04/13/2015 06:00:00 PM,36,5,5,16,10
04/13/2015 07:00:00 PM,18,2,1,9,6
04/13/2015 08:00:00 PM,8,1,1,4,2
04/13/2015 09:00:00 PM,2,0,0,2,0
04/13/2015 10:00:00 PM,1,0,0,0,1
04/13/2015 11:00:00 PM,1,0,0,1,0
04/14/2015 12:00:00 AM,1,1,0,0,0
04/14/2015 01:00:00 AM,1,0,0,0,1
04/14/2015 02:00:00 AM,0,0,0,0,0
04/14/2015 03:00:00 AM,0,0,0,0,0
04/14/2015 04:00:00 AM,3,0,1,2,0
04/14/2015 05:00:00 AM,6,1,2,2,1
04/14/2015 06:00:00 AM,10,0,0,5,5
04/14/2015 07:00:00 AM,35,5,8,16,6
04/14/2015 08:00:00 AM,47,2,4,18,23
04/14/2015 09:00:00 AM,42,4,11,16,11
04/14/2015 10:00:00 AM,31,7,6,6,12
04/14/2015 11:00:00 AM,16,1,2,6,7
04/14/2015 12:00:00 PM,24,5,7,7,5
04/14/2015 01:00:00 PM,31,13,10,7,1
04/14/2015 02:00:00 PM,16,0,1,7,8
04/14/2015 03:00:00 PM,23,6,6,10,1
04/14/2015 04:00:00 PM,26,2,1,10,13
04/14/2015 05:00:00 PM,45,1,7,21,16
04/14/2015 06:00:00 PM,45,2,6,22,15
04/14/2015 07:00:00 PM,26,3,2,8,13
04/14/2015 08:00:00 PM,20,5,3,10,2
04/14/2015 09:00:00 PM,6,0,0,4,2
04/14/2015 10:00:00 PM,1,0,0,1,0
04/14/2015 11:00:00 PM,1,1,0,0,0
04/15/2015 12:00:00 AM,0,0,0,0,0
04/15/2015 01:00:00 AM,4,1,2,0,1
04/15/2015 02:00:00 AM,1,0,0,1,0
04/15/2015 03:00:00 AM,1,0,0,0,1
04/15/2015 04:00:00 AM,2,0,0,2,0
04/15/2015 05:00:00 AM,7,0,0,3,4
04/15/2015 06:00:00 AM,27,0,2,14,11
04/15/2015 07:00:00 AM,70,2,10,31,27
04/15/2015 08:00:00 AM,81,8,7,37,29
04/15/2015 09:00:00 AM,49,2,9,25,13
04/15/2015 10:00:00 AM,27,2,3,14,8
04/15/2015 11:00:00 AM,53,5,9,13,26
04/15/2015 12:00:00 PM,44,5,7,22,10
04/15/2015 01:00:00 PM,42,5,3,28,6
04/15/2015 02:00:00 PM,29,2,2,10,15
04/15/2015 03:00:00 PM,42,3,2,20,17
04/15/2015 04:00:00 PM,87,9,10,47,21
04/15/2015 05:00:00 PM,154,12,18,43,81
04/15/2015 06:00:00 PM,185,14,21,100,50
04/15/2015 07:00:00 PM,108,12,12,53,31
04/15/2015 08:00:00 PM,46,15,6,19,6
04/15/2015 09:00:00 PM,13,2,1,9,1
04/15/2015 10:00:00 PM,3,0,0,3,0
04/15/2015 11:00:00 PM,3,1,2,0,0
04/16/2015 12:00:00 AM,1,1,0,0,0
04/16/2015 01:00:00 AM,0,0,0,0,0
04/16/2015 02:00:00 AM,0,0,0,0,0
04/16/2015 03:00:00 AM,2,0,0,1,1
04/16/2015 04:00:00 AM,2,0,0,2,0
04/16/2015 05:00:00 AM,0,0,0,0,0
04/16/2015 06:00:00 AM,50,5,6,19,20
04/16/2015 07:00:00 AM,71,3,10,31,27
04/16/2015 08:00:00 AM,86,5,3,41,37
04/16/2015 09:00:00 AM,55,6,4,32,13
04/16/2015 10:00:00 AM,30,1,4,13,12
04/16/2015 11:00:00 AM,52,9,9,16,18
04/16/2015 12:00:00 PM,44,5,3,17,19
04/16/2015 01:00:00 PM,66,5,7,27,27
04/16/2015 02:00:00 PM,51,14,2,19,16
04/16/2015 03:00:00 PM,77,28,7,20,22
04/16/2015 04:00:00 PM,128,42,7,35,44
04/16/2015 05:00:00 PM,200,29,28,70,73
04/16/2015 06:00:00 PM,204,21,21,87,75
04/16/2015 07:00:00 PM,141,16,18,71,36
04/16/2015 08:00:00 PM,72,12,8,29,23
04/16/2015 09:00:00 PM,4,1,0,3,0
04/16/2015 10:00:00 PM,3,0,0,3,0
04/16/2015 11:00:00 PM,1,0,0,1,0
04/17/2015 12:00:00 AM,0,0,0,0,0
04/17/2015 01:00:00 AM,1,0,0,0,1
04/17/2015 02:00:00 AM,0,0,0,0,0
04/17/2015 03:00:00 AM,1,0,0,0,1
04/17/2015 04:00:00 AM,2,0,0,2,0
04/17/2015 05:00:00 AM,6,1,1,1,3
04/17/2015 06:00:00 AM,23,2,0,13,8
04/17/2015 07:00:00 AM,64,4,5,36,19
04/17/2015 08:00:00 AM,74,7,5,45,17
04/17/2015 09:00:00 AM,54,8,6,27,13
04/17/2015 10:00:00 AM,38,4,5,17,12
04/17/2015 11:00:00 AM,28,3,3,12,10
04/17/2015 12:00:00 PM,37,3,3,18,13
04/17/2015 01:00:00 PM,40,5,5,12,18
04/17/2015 02:00:00 PM,54,7,9,23,15
04/17/2015 03:00:00 PM,88,36,9,19,24
04/17/2015 04:00:00 PM,130,41,6,41,42
04/17/2015 05:00:00 PM,180,37,23,64,56
04/17/2015 06:00:00 PM,125,26,11,49,39
04/17/2015 07:00:00 PM,60,6,7,28,19
04/17/2015 08:00:00 PM,24,7,4,11,2
04/17/2015 09:00:00 PM,9,0,0,5,4
04/17/2015 10:00:00 PM,2,1,0,0,1
04/17/2015 11:00:00 PM,1,0,0,1,0
04/18/2015 12:00:00 AM,1,1,0,0,0
04/18/2015 01:00:00 AM,0,0,0,0,0
04/18/2015 02:00:00 AM,0,0,0,0,0
04/18/2015 03:00:00 AM,2,0,0,0,2
04/18/2015 04:00:00 AM,0,0,0,0,0
04/18/2015 05:00:00 AM,1,0,0,0,1
04/18/2015 06:00:00 AM,5,1,0,0,4
04/18/2015 07:00:00 AM,15,1,4,4,6
04/18/2015 08:00:00 AM,82,8,12,30,32
04/18/2015 09:00:00 AM,163,19,18,44,82
04/18/2015 10:00:00 AM,341,22,39,74,206
04/18/2015 11:00:00 AM,265,12,37,120,96
04/18/2015 12:00:00 PM,357,61,19,221,56
04/18/2015 01:00:00 PM,231,16,29,110,76
04/18/2015 02:00:00 PM,181,50,17,68,46
04/18/2015 03:00:00 PM,202,53,18,84,47
04/18/2015 04:00:00 PM,204,57,17,75,55
04/18/2015 05:00:00 PM,147,34,16,62,35
04/18/2015 06:00:00 PM,62,8,6,30,18
04/18/2015 07:00:00 PM,37,6,7,16,8
04/18/2015 08:00:00 PM,21,5,3,11,2
04/18/2015 09:00:00 PM,6,1,3,0,2
04/18/2015 10:00:00 PM,4,0,0,0,4
04/18/2015 11:00:00 PM,5,0,4,0,1
04/19/2015 12:00:00 AM,5,4,0,0,1
04/19/2015 01:00:00 AM,0,0,0,0,0
04/19/2015 02:00:00 AM,0,0,0,0,0
04/19/2015 03:00:00 AM,1,0,0,1,0
04/19/2015 04:00:00 AM,0,0,0,0,0
04/19/2015 05:00:00 AM,3,0,2,0,1
04/19/2015 06:00:00 AM,9,2,1,1,5
04/19/2015 07:00:00 AM,25,1,1,6,17
04/19/2015 08:00:00 AM,77,4,9,25,39
04/19/2015 09:00:00 AM,145,14,22,57,52
04/19/2015 10:00:00 AM,179,11,20,56,92
04/19/2015 11:00:00 AM,272,23,31,104,114
04/19/2015 12:00:00 PM,315,30,36,162,87
04/19/2015 01:00:00 PM,263,29,27,124,83
04/19/2015 02:00:00 PM,240,29,42,86,83
04/19/2015 03:00:00 PM,250,50,24,103,73
04/19/2015 04:00:00 PM,247,64,32,87,64
04/19/2015 05:00:00 PM,176,63,22,50,41
04/19/2015 06:00:00 PM,117,38,12,38,29
04/19/2015 07:00:00 PM,44,3,6,24,11
04/19/2015 08:00:00 PM,22,6,3,11,2
04/19/2015 09:00:00 PM,3,3,0,0,0
04/19/2015 10:00:00 PM,1,1,0,0,0
04/19/2015 11:00:00 PM,0,0,0,0,0
04/20/2015 12:00:00 AM,0,0,0,0,0
04/20/2015 01:00:00 AM,0,0,0,0,0
04/20/2015 02:00:00 AM,0,0,0,0,0
04/20/2015 03:00:00 AM,1,0,0,1,0
04/20/2015 04:00:00 AM,2,0,0,2,0
04/20/2015 05:00:00 AM,16,2,1,4,9
04/20/2015 06:00:00 AM,34,0,2,27,5
04/20/2015 07:00:00 AM,78,10,6,39,23
04/20/2015 08:00:00 AM,94,6,7,49,32
04/20/2015 09:00:00 AM,68,5,4,36,23
04/20/2015 10:00:00 AM,54,3,9,21,21
04/20/2015 11:00:00 AM,56,3,3,33,17
04/20/2015 12:00:00 PM,35,4,2,10,19
04/20/2015 01:00:00 PM,55,6,4,25,20
04/20/2015 02:00:00 PM,58,15,4,25,14
04/20/2015 03:00:00 PM,54,8,5,18,23
04/20/2015 04:00:00 PM,112,32,11,37,32
04/20/2015 05:00:00 PM,176,25,14,71,66
04/20/2015 06:00:00 PM,218,32,20,94,72
04/20/2015 07:00:00 PM,128,20,17,58,33
04/20/2015 08:00:00 PM,50,5,8,26,11
04/20/2015 09:00:00 PM,4,0,1,3,0
04/20/2015 10:00:00 PM,7,0,1,3,3
04/20/2015 11:00:00 PM,3,0,0,3,0
04/21/2015 12:00:00 AM,1,0,1,0,0
04/21/2015 01:00:00 AM,2,1,0,1,0
04/21/2015 02:00:00 AM,0,0,0,0,0
04/21/2015 03:00:00 AM,1,0,1,0,0
04/21/2015 04:00:00 AM,2,0,0,2,0
04/21/2015 05:00:00 AM,7,0,1,4,2
04/21/2015 06:00:00 AM,35,1,5,15,14
04/21/2015 07:00:00 AM,89,6,8,42,33
04/21/2015 08:00:00 AM,70,3,5,35,27
04/21/2015 09:00:00 AM,46,1,2,33,10
04/21/2015 10:00:00 AM,34,4,5,12,13
04/21/2015 11:00:00 AM,37,4,2,15,16
04/21/2015 12:00:00 PM,42,3,4,21,14
04/21/2015 01:00:00 PM,36,2,6,18,10
04/21/2015 02:00:00 PM,32,6,4,12,10
04/21/2015 03:00:00 PM,23,2,1,8,12
04/21/2015 04:00:00 PM,49,5,8,18,18
04/21/2015 05:00:00 PM,89,1,12,39,37
04/21/2015 06:00:00 PM,86,4,6,44,32
04/21/2015 07:00:00 PM,51,4,8,20,19
04/21/2015 08:00:00 PM,15,4,0,9,2
04/21/2015 09:00:00 PM,2,2,0,0,0
04/21/2015 10:00:00 PM,0,0,0,0,0
04/21/2015 11:00:00 PM,2,0,0,1,1
04/22/2015 12:00:00 AM,0,0,0,0,0
04/22/2015 01:00:00 AM,0,0,0,0,0
04/22/2015 02:00:00 AM,0,0,0,0,0
04/22/2015 03:00:00 AM,0,0,0,0,0
04/22/2015 04:00:00 AM,2,0,0,2,0
04/22/2015 05:00:00 AM,9,0,2,4,3
04/22/2015 06:00:00 AM,17,0,1,9,7
04/22/2015 07:00:00 AM,49,1,9,23,16
04/22/2015 08:00:00 AM,60,2,5,30,23
04/22/2015 09:00:00 AM,47,0,5,28,14
04/22/2015 10:00:00 AM,32,5,7,14,6
04/22/2015 11:00:00 AM,26,2,3,11,10
04/22/2015 12:00:00 PM,52,1,7,19,25
04/22/2015 01:00:00 PM,23,3,2,10,8
04/22/2015 02:00:00 PM,55,21,17,8,9
04/22/2015 03:00:00 PM,37,1,2,24,10
04/22/2015 04:00:00 PM,57,5,7,18,27
04/22/2015 05:00:00 PM,117,7,9,49,52
04/22/2015 06:00:00 PM,156,13,15,70,58
04/22/2015 07:00:00 PM,91,11,6,58,16
04/22/2015 08:00:00 PM,52,9,6,30,7
04/22/2015 09:00:00 PM,7,3,0,4,0
04/22/2015 10:00:00 PM,4,1,0,3,0
04/22/2015 11:00:00 PM,0,0,0,0,0
04/23/2015 12:00:00 AM,0,0,0,0,0
04/23/2015 01:00:00 AM,0,0,0,0,0
04/23/2015 02:00:00 AM,2,0,0,2,0
04/23/2015 03:00:00 AM,0,0,0,0,0
04/23/2015 04:00:00 AM,1,1,0,0,0
04/23/2015 05:00:00 AM,1,0,0,1,0
04/23/2015 06:00:00 AM,27,3,3,12,9
04/23/2015 07:00:00 AM,39,1,4,15,19
04/23/2015 08:00:00 AM,48,3,2,21,22
04/23/2015 09:00:00 AM,40,2,3,17,18
04/23/2015 10:00:00 AM,22,2,3,8,9
04/23/2015 11:00:00 AM,25,1,1,12,11
04/23/2015 12:00:00 PM,17,3,1,7,6
04/23/2015 01:00:00 PM,24,8,2,5,9
04/23/2015 02:00:00 PM,11,3,1,7,0
04/23/2015 03:00:00 PM,4,0,0,3,1
04/23/2015 04:00:00 PM,21,4,0,16,1
04/23/2015 05:00:00 PM,51,6,2,38,5
04/23/2015 06:00:00 PM,63,5,6,28,24
04/23/2015 07:00:00 PM,42,9,6,16,11
04/23/2015 08:00:00 PM,28,2,0,19,7
04/23/2015 09:00:00 PM,1,0,0,1,0
04/23/2015 10:00:00 PM,4,0,0,4,0
04/23/2015 11:00:00 PM,3,1,1,0,1
04/24/2015 12:00:00 AM,1,0,0,1,0
04/24/2015 01:00:00 AM,0,0,0,0,0
04/24/2015 02:00:00 AM,1,0,0,1,0
04/24/2015 03:00:00 AM,0,0,0,0,0
04/24/2015 04:00:00 AM,0,0,0,0,0
04/24/2015 05:00:00 AM,6,0,1,0,5
04/24/2015 06:00:00 AM,10,1,1,3,5
04/24/2015 07:00:00 AM,42,3,7,20,12
04/24/2015 08:00:00 AM,40,4,0,23,13
04/24/2015 09:00:00 AM,34,1,4,16,13
04/24/2015 10:00:00 AM,15,1,2,10,2
04/24/2015 11:00:00 AM,8,0,2,2,4
04/24/2015 12:00:00 PM,21,7,5,4,5
04/24/2015 01:00:00 PM,10,0,2,6,2
04/24/2015 02:00:00 PM,12,1,2,4,5
04/24/2015 03:00:00 PM,20,5,1,7,7
04/24/2015 04:00:00 PM,36,1,0,17,18
04/24/2015 05:00:00 PM,52,2,3,30,17
04/24/2015 06:00:00 PM,53,3,4,33,13
04/24/2015 07:00:00 PM,40,5,7,13,15
04/24/2015 08:00:00 PM,19,6,4,6,3
04/24/2015 09:00:00 PM,1,0,0,1,0
04/24/2015 10:00:00 PM,3,1,1,1,0
04/24/2015 11:00:00 PM,5,0,0,4,1
04/25/2015 12:00:00 AM,1,0,0,1,0
04/25/2015 01:00:00 AM,3,1,2,0,0
04/25/2015 02:00:00 AM,0,0,0,0,0
04/25/2015 03:00:00 AM,0,0,0,0,0
04/25/2015 04:00:00 AM,0,0,0,0,0
04/25/2015 05:00:00 AM,0,0,0,0,0
04/25/2015 06:00:00 AM,10,1,2,2,5
04/25/2015 07:00:00 AM,22,4,8,2,8
04/25/2015 08:00:00 AM,44,3,4,12,25
04/25/2015 09:00:00 AM,98,8,13,33,44
04/25/2015 10:00:00 AM,131,8,17,47,59
04/25/2015 11:00:00 AM,194,11,32,69,82
04/25/2015 12:00:00 PM,155,15,14,64,62
04/25/2015 01:00:00 PM,139,11,16,67,45
04/25/2015 02:00:00 PM,147,14,6,75,52
04/25/2015 03:00:00 PM,110,12,6,58,34
04/25/2015 04:00:00 PM,80,12,8,33,27
04/25/2015 05:00:00 PM,90,23,11,41,15
04/25/2015 06:00:00 PM,40,13,3,16,8
04/25/2015 07:00:00 PM,22,4,2,13,3
04/25/2015 08:00:00 PM,13,1,2,5,5
04/25/2015 09:00:00 PM,1,0,0,0,1
04/25/2015 10:00:00 PM,0,0,0,0,0
04/25/2015 11:00:00 PM,1,0,0,1,0
04/26/2015 12:00:00 AM,4,2,2,0,0
04/26/2015 01:00:00 AM,3,0,0,1,2
04/26/2015 02:00:00 AM,1,0,0,0,1
04/26/2015 03:00:00 AM,3,0,0,2,1
04/26/2015 04:00:00 AM,0,0,0,0,0
04/26/2015 05:00:00 AM,1,0,0,0,1
04/26/2015 06:00:00 AM,3,0,1,1,1
04/26/2015 07:00:00 AM,18,2,3,3,10
04/26/2015 08:00:00 AM,49,1,2,12,34
04/26/2015 09:00:00 AM,159,20,18,59,62
04/26/2015 10:00:00 AM,175,10,24,64,77
04/26/2015 11:00:00 AM,208,26,15,86,81
04/26/2015 12:00:00 PM,171,13,9,91,58
04/26/2015 01:00:00 PM,142,16,11,62,53
04/26/2015 02:00:00 PM,134,15,16,63,40
04/26/2015 03:00:00 PM,134,25,13,55,41
04/26/2015 04:00:00 PM,114,22,14,49,29
04/26/2015 05:00:00 PM,92,7,8,50,27
04/26/2015 06:00:00 PM,41,3,4,27,7
04/26/2015 07:00:00 PM,23,5,2,7,9
04/26/2015 08:00:00 PM,7,0,1,3,3
04/26/2015 09:00:00 PM,5,1,1,1,2
04/26/2015 10:00:00 PM,0,0,0,0,0
04/26/2015 11:00:00 PM,0,0,0,0,0
04/27/2015 12:00:00 AM,1,0,0,1,0
04/27/2015 01:00:00 AM,1,0,0,0,1
04/27/2015 02:00:00 AM,0,0,0,0,0
04/27/2015 03:00:00 AM,2,0,0,1,1
04/27/2015 04:00:00 AM,2,0,0,2,0
04/27/2015 05:00:00 AM,9,0,0,3,6
04/27/2015 06:00:00 AM,33,1,2,24,6
04/27/2015 07:00:00 AM,64,2,8,25,29
04/27/2015 08:00:00 AM,80,3,2,45,30
04/27/2015 09:00:00 AM,52,1,8,22,21
04/27/2015 10:00:00 AM,28,1,2,16,9
04/27/2015 11:00:00 AM,33,0,2,17,14
04/27/2015 12:00:00 PM,59,10,7,19,23
04/27/2015 01:00:00 PM,46,10,6,16,14
04/27/2015 02:00:00 PM,62,13,2,26,21
04/27/2015 03:00:00 PM,89,22,16,31,20
04/27/2015 04:00:00 PM,139,42,7,61,29
04/27/2015 05:00:00 PM,185,19,12,103,51
04/27/2015 06:00:00 PM,224,24,22,111,67
04/27/2015 07:00:00 PM,143,17,17,68,41
04/27/2015 08:00:00 PM,81,10,11,40,20
04/27/2015 09:00:00 PM,13,4,2,4,3
04/27/2015 10:00:00 PM,3,1,0,1,1
04/27/2015 11:00:00 PM,6,1,1,3,1
04/28/2015 12:00:00 AM,5,1,1,2,1
04/28/2015 01:00:00 AM,1,0,0,1,0
04/28/2015 02:00:00 AM,0,0,0,0,0
04/28/2015 03:00:00 AM,0,0,0,0,0
04/28/2015 04:00:00 AM,4,1,1,2,0
04/28/2015 05:00:00 AM,12,6,0,4,2
04/28/2015 06:00:00 AM,33,5,4,12,12
04/28/2015 07:00:00 AM,75,10,13,31,21
04/28/2015 08:00:00 AM,63,4,4,26,29
04/28/2015 09:00:00 AM,54,3,8,16,27
04/28/2015 10:00:00 AM,22,2,4,8,8
04/28/2015 11:00:00 AM,26,5,0,11,10
04/28/2015 12:00:00 PM,13,1,1,8,3
04/28/2015 01:00:00 PM,6,1,0,5,0
04/28/2015 02:00:00 PM,10,2,1,3,4
04/28/2015 03:00:00 PM,10,0,2,2,6
04/28/2015 04:00:00 PM,28,2,3,16,7
04/28/2015 05:00:00 PM,64,3,3,28,30
04/28/2015 06:00:00 PM,66,4,4,33,25
04/28/2015 07:00:00 PM,36,1,2,20,13
04/28/2015 08:00:00 PM,13,2,2,4,5
04/28/2015 09:00:00 PM,2,0,1,1,0
04/28/2015 10:00:00 PM,4,1,0,2,1
04/28/2015 11:00:00 PM,2,0,0,2,0
04/29/2015 12:00:00 AM,3,0,0,2,1
04/29/2015 01:00:00 AM,0,0,0,0,0
04/29/2015 02:00:00 AM,0,0,0,0,0
04/29/2015 03:00:00 AM,1,0,0,0,1
04/29/2015 04:00:00 AM,4,1,1,2,0
04/29/2015 05:00:00 AM,14,0,2,4,8
04/29/2015 06:00:00 AM,25,4,2,12,7
04/29/2015 07:00:00 AM,58,5,7,24,22
04/29/2015 08:00:00 AM,64,3,5,26,30
04/29/2015 09:00:00 AM,47,2,6,20,19
04/29/2015 10:00:00 AM,45,15,4,16,10
04/29/2015 11:00:00 AM,35,5,9,4,17
04/29/2015 12:00:00 PM,24,3,3,10,8
04/29/2015 01:00:00 PM,45,5,9,9,22
04/29/2015 02:00:00 PM,37,11,5,13,8
04/29/2015 03:00:00 PM,41,4,4,21,12
04/29/2015 04:00:00 PM,56,6,7,16,27
04/29/2015 05:00:00 PM,141,25,32,46,38
04/29/2015 06:00:00 PM,152,11,9,77,55
04/29/2015 07:00:00 PM,95,10,10,48,27
04/29/2015 08:00:00 PM,57,8,16,22,11
04/29/2015 09:00:00 PM,36,23,7,6,0
04/29/2015 10:00:00 PM,27,20,5,2,0
04/29/2015 11:00:00 PM,0,0,0,0,0
04/30/2015 12:00:00 AM,2,0,0,2,0
04/30/2015 01:00:00 AM,0,0,0,0,0
04/30/2015 02:00:00 AM,0,0,0,0,0
04/30/2015 03:00:00 AM,0,0,0,0,0
04/30/2015 04:00:00 AM,2,1,0,1,0
04/30/2015 05:00:00 AM,6,1,2,3,0
04/30/2015 06:00:00 AM,33,1,4,18,10
04/30/2015 07:00:00 AM,80,4,7,41,28
04/30/2015 08:00:00 AM,84,8,8,33,35
04/30/2015 09:00:00 AM,71,12,4,38,17
04/30/2015 10:00:00 AM,104,53,23,14,14
04/30/2015 11:00:00 AM,64,20,20,13,11
04/30/2015 12:00:00 PM,129,66,41,9,13
04/30/2015 01:00:00 PM,166,88,60,12,6
04/30/2015 02:00:00 PM,37,11,3,11,12
04/30/2015 03:00:00 PM,120,36,39,23,22
04/30/2015 04:00:00 PM,102,23,12,30,37
04/30/2015 05:00:00 PM,155,10,12,66,67
04/30/2015 06:00:00 PM,181,15,13,83,70
04/30/2015 07:00:00 PM,163,16,18,90,39
04/30/2015 08:00:00 PM,45,5,7,21,12
04/30/2015 09:00:00 PM,5,0,1,2,2
04/30/2015 10:00:00 PM,2,0,0,1,1
04/30/2015 11:00:00 PM,3,0,1,2,0
04/01/2016 12:00:00 AM,0,0,0,0,0
04/01/2016 01:00:00 AM,0,0,0,0,0
04/01/2016 02:00:00 AM,0,0,0,0,0
04/01/2016 03:00:00 AM,0,0,0,0,0
04/01/2016 04:00:00 AM,3,0,0,2,1
04/01/2016 05:00:00 AM,16,0,2,5,9
04/01/2016 06:00:00 AM,44,4,5,20,15
04/01/2016 07:00:00 AM,91,7,13,35,36
04/01/2016 08:00:00 AM,79,11,5,43,20
04/01/2016 09:00:00 AM,39,9,3,14,13
04/01/2016 10:00:00 AM,49,7,4,15,23
04/01/2016 11:00:00 AM,48,9,9,23,7
04/01/2016 12:00:00 PM,43,4,8,13,18
04/01/2016 01:00:00 PM,73,21,7,20,25
04/01/2016 02:00:00 PM,97,18,9,32,38
04/01/2016 03:00:00 PM,139,41,9,42,47
04/01/2016 04:00:00 PM,186,58,13,64,51
04/01/2016 05:00:00 PM,179,33,17,66,63
04/01/2016 06:00:00 PM,127,11,11,58,47
04/01/2016 07:00:00 PM,55,9,4,34,8
04/01/2016 08:00:00 PM,5,1,2,1,1
04/01/2016 09:00:00 PM,3,1,1,1,0
04/01/2016 10:00:00 PM,4,2,1,0,1
04/01/2016 11:00:00 PM,3,0,0,2,1
04/02/2016 12:00:00 AM,0,0,0,0,0
04/02/2016 01:00:00 AM,0,0,0,0,0
04/02/2016 02:00:00 AM,0,0,0,0,0
04/02/2016 03:00:00 AM,0,0,0,0,0
04/02/2016 04:00:00 AM,1,0,0,0,1
04/02/2016 05:00:00 AM,1,0,0,0,1
04/02/2016 06:00:00 AM,6,1,2,1,2
04/02/2016 07:00:00 AM,23,4,4,2,13
04/02/2016 08:00:00 AM,88,9,19,17,43
04/02/2016 09:00:00 AM,124,12,17,37,58
04/02/2016 10:00:00 AM,161,17,26,52,66
04/02/2016 11:00:00 AM,177,26,19,93,39
04/02/2016 12:00:00 PM,168,14,31,68,55
04/02/2016 01:00:00 PM,127,14,17,59,37
04/02/2016 02:00:00 PM,142,15,11,62,54
04/02/2016 03:00:00 PM,158,33,18,53,54
04/02/2016 04:00:00 PM,119,33,13,48,25
04/02/2016 05:00:00 PM,128,37,20,40,31
04/02/2016 06:00:00 PM,68,18,4,26,20
04/02/2016 07:00:00 PM,29,7,8,12,2
04/02/2016 08:00:00 PM,7,1,1,2,3
04/02/2016 09:00:00 PM,5,0,0,1,4
04/02/2016 10:00:00 PM,1,0,0,0,1
04/02/2016 11:00:00 PM,4,1,2,0,1
04/03/2016 12:00:00 AM,0,0,0,0,0
04/03/2016 01:00:00 AM,1,0,0,1,0
04/03/2016 02:00:00 AM,14,4,7,2,1
04/03/2016 03:00:00 AM,2,2,0,0,0
04/03/2016 04:00:00 AM,1,0,0,0,1
04/03/2016 05:00:00 AM,4,0,0,3,1
04/03/2016 06:00:00 AM,18,1,1,15,1
04/03/2016 07:00:00 AM,18,1,1,3,13
04/03/2016 08:00:00 AM,131,3,2,26,100
04/03/2016 09:00:00 AM,214,14,30,49,121
04/03/2016 10:00:00 AM,195,13,37,63,82
04/03/2016 11:00:00 AM,186,24,27,67,68
04/03/2016 12:00:00 PM,199,25,27,87,60
04/03/2016 01:00:00 PM,152,19,16,52,65
04/03/2016 02:00:00 PM,190,49,21,64,56
04/03/2016 03:00:00 PM,182,38,13,74,57
04/03/2016 04:00:00 PM,119,24,16,57,22
04/03/2016 05:00:00 PM,80,14,9,35,22
04/03/2016 06:00:00 PM,49,12,16,13,8
04/03/2016 07:00:00 PM,28,7,5,10,6
04/03/2016 08:00:00 PM,7,2,1,4,0
04/03/2016 09:00:00 PM,4,0,0,3,1
04/03/2016 10:00:00 PM,1,0,0,1,0
04/03/2016 11:00:00 PM,0,0,0,0,0
04/04/2016 12:00:00 AM,0,0,0,0,0
04/04/2016 01:00:00 AM,0,0,0,0,0
04/04/2016 02:00:00 AM,0,0,0,0,0
04/04/2016 03:00:00 AM,0,0,0,0,0
04/04/2016 04:00:00 AM,3,0,0,2,1
04/04/2016 05:00:00 AM,12,5,3,2,2
04/04/2016 06:00:00 AM,12,0,0,8,4
04/04/2016 07:00:00 AM,62,4,6,37,15
04/04/2016 08:00:00 AM,43,3,3,21,16
04/04/2016 09:00:00 AM,33,7,6,12,8
04/04/2016 10:00:00 AM,20,6,3,3,8
04/04/2016 11:00:00 AM,24,3,6,9,6
04/04/2016 12:00:00 PM,20,3,2,8,7
04/04/2016 01:00:00 PM,25,7,9,4,5
04/04/2016 02:00:00 PM,24,6,0,12,6
04/04/2016 03:00:00 PM,24,2,2,6,14
04/04/2016 04:00:00 PM,45,13,4,9,19
04/04/2016 05:00:00 PM,83,11,11,34,27
04/04/2016 06:00:00 PM,59,8,8,20,23
04/04/2016 07:00:00 PM,27,5,3,12,7
04/04/2016 08:00:00 PM,12,1,1,7,3
04/04/2016 09:00:00 PM,4,1,1,1,1
04/04/2016 10:00:00 PM,1,1,0,0,0
04/04/2016 11:00:00 PM,1,0,0,0,1
04/05/2016 12:00:00 AM,1,0,0,0,1
04/05/2016 01:00:00 AM,0,0,0,0,0
04/05/2016 02:00:00 AM,1,0,1,0,0
04/05/2016 03:00:00 AM,3,0,1,0,2
04/05/2016 04:00:00 AM,3,0,0,2,1
04/05/2016 05:00:00 AM,17,2,2,6,7
04/05/2016 06:00:00 AM,33,2,1,18,12
04/05/2016 07:00:00 AM,88,8,10,41,29
04/05/2016 08:00:00 AM,58,8,4,20,26
04/05/2016 09:00:00 AM,33,2,1,18,12
04/05/2016 10:00:00 AM,24,2,3,11,8
04/05/2016 11:00:00 AM,11,0,1,6,4
04/05/2016 12:00:00 PM,15,2,3,2,8
04/05/2016 01:00:00 PM,18,1,2,5,10
04/05/2016 02:00:00 PM,20,2,2,7,9
04/05/2016 03:00:00 PM,33,1,3,14,15
04/05/2016 04:00:00 PM,61,2,7,19,33
04/05/2016 05:00:00 PM,122,7,13,51,51
04/05/2016 06:00:00 PM,98,7,12,50,29
04/05/2016 07:00:00 PM,58,4,2,38,14
04/05/2016 08:00:00 PM,8,3,0,4,1
04/05/2016 09:00:00 PM,5,0,0,1,4
04/05/2016 10:00:00 PM,3,0,0,1,2
04/05/2016 11:00:00 PM,0,0,0,0,0
04/06/2016 12:00:00 AM,0,0,0,0,0
04/06/2016 01:00:00 AM,0,0,0,0,0
04/06/2016 02:00:00 AM,0,0,0,0,0
04/06/2016 03:00:00 AM,0,0,0,0,0
04/06/2016 04:00:00 AM,4,0,0,2,2
04/06/2016 05:00:00 AM,9,0,0,5,4
04/06/2016 06:00:00 AM,39,1,3,21,14
04/06/2016 07:00:00 AM,90,7,8,43,32
04/06/2016 08:00:00 AM,86,10,14,31,31
04/06/2016 09:00:00 AM,45,6,1,22,16
04/06/2016 10:00:00 AM,27,2,7,9,9
04/06/2016 11:00:00 AM,51,5,10,13,23
04/06/2016 12:00:00 PM,59,8,4,31,16
04/06/2016 01:00:00 PM,44,2,2,23,17
04/06/2016 02:00:00 PM,52,3,4,18,27
04/06/2016 03:00:00 PM,74,12,5,27,30
04/06/2016 04:00:00 PM,138,28,18,36,56
04/06/2016 05:00:00 PM,236,58,20,79,79
04/06/2016 06:00:00 PM,184,24,28,70,62
04/06/2016 07:00:00 PM,78,9,3,54,12
04/06/2016 08:00:00 PM,12,2,1,5,4
04/06/2016 09:00:00 PM,10,2,0,5,3
04/06/2016 10:00:00 PM,5,1,3,1,0
04/06/2016 11:00:00 PM,2,1,0,1,0
04/07/2016 12:00:00 AM,0,0,0,0,0
04/07/2016 01:00:00 AM,4,2,2,0,0
04/07/2016 02:00:00 AM,0,0,0,0,0
04/07/2016 03:00:00 AM,0,0,0,0,0
04/07/2016 04:00:00 AM,2,0,0,2,0
04/07/2016 05:00:00 AM,17,4,2,9,2
04/07/2016 06:00:00 AM,49,9,4,20,16
04/07/2016 07:00:00 AM,99,8,10,46,35
04/07/2016 08:00:00 AM,102,12,9,44,37
04/07/2016 09:00:00 AM,38,4,4,18,12
04/07/2016 10:00:00 AM,65,5,7,25,28
04/07/2016 11:00:00 AM,72,9,7,42,14
04/07/2016 12:00:00 PM,58,2,3,28,25
04/07/2016 01:00:00 PM,56,4,6,31,15
04/07/2016 02:00:00 PM,69,8,5,26,30
04/07/2016 03:00:00 PM,103,11,11,32,49
04/07/2016 04:00:00 PM,132,15,10,56,51
04/07/2016 05:00:00 PM,252,19,13,135,85
04/07/2016 06:00:00 PM,238,18,31,97,92
04/07/2016 07:00:00 PM,123,23,18,56,26
04/07/2016 08:00:00 PM,29,4,8,7,10
04/07/2016 09:00:00 PM,6,0,0,3,3
04/07/2016 10:00:00 PM,0,0,0,0,0
04/07/2016 11:00:00 PM,1,0,0,0,1
04/08/2016 12:00:00 AM,0,0,0,0,0
04/08/2016 01:00:00 AM,0,0,0,0,0
04/08/2016 02:00:00 AM,3,0,2,0,1
04/08/2016 03:00:00 AM,0,0,0,0,0
04/08/2016 04:00:00 AM,3,1,0,1,1
04/08/2016 05:00:00 AM,16,0,3,6,7
04/08/2016 06:00:00 AM,42,2,5,21,14
04/08/2016 07:00:00 AM,104,8,15,49,32
04/08/2016 08:00:00 AM,92,7,10,44,31
04/08/2016 09:00:00 AM,55,5,9,25,16
04/08/2016 10:00:00 AM,61,14,8,17,22
04/08/2016 11:00:00 AM,57,2,3,22,30
04/08/2016 12:00:00 PM,59,8,6,24,21
04/08/2016 01:00:00 PM,67,12,6,31,18
04/08/2016 02:00:00 PM,97,38,3,26,30
04/08/2016 03:00:00 PM,114,43,8,34,29
04/08/2016 04:00:00 PM,152,32,12,59,49
04/08/2016 05:00:00 PM,168,20,18,71,59
04/08/2016 06:00:00 PM,91,8,12,40,31
04/08/2016 07:00:00 PM,41,4,1,23,13
04/08/2016 08:00:00 PM,6,0,0,4,2
04/08/2016 09:00:00 PM,4,0,0,3,1
04/08/2016 10:00:00 PM,4,1,0,3,0
04/08/2016 11:00:00 PM,2,0,2,0,0
04/09/2016 12:00:00 AM,1,0,1,0,0
04/09/2016 01:00:00 AM,0,0,0,0,0
04/09/2016 02:00:00 AM,0,0,0,0,0
04/09/2016 03:00:00 AM,1,0,0,0,1
04/09/2016 04:00:00 AM,2,0,0,1,1
04/09/2016 05:00:00 AM,2,0,1,0,1
04/09/2016 06:00:00 AM,8,0,1,2,5
04/09/2016 07:00:00 AM,23,5,6,4,8
04/09/2016 08:00:00 AM,99,9,15,28,47
04/09/2016 09:00:00 AM,124,17,19,35,53
04/09/2016 10:00:00 AM,200,33,30,71,66
04/09/2016 11:00:00 AM,223,23,25,91,84
04/09/2016 12:00:00 PM,186,16,21,96,53
04/09/2016 01:00:00 PM,175,22,15,93,45
04/09/2016 02:00:00 PM,181,23,16,79,63
04/09/2016 03:00:00 PM,150,26,12,65,47
04/09/2016 04:00:00 PM,151,27,16,68,40
04/09/2016 05:00:00 PM,84,15,6,43,20
04/09/2016 06:00:00 PM,53,9,6,22,16
04/09/2016 07:00:00 PM,37,12,5,11,9
04/09/2016 08:00:00 PM,18,7,4,6,1
04/09/2016 09:00:00 PM,3,1,1,1,0
04/09/2016 10:00:00 PM,0,0,0,0,0
04/09/2016 11:00:00 PM,1,0,0,1,0
04/10/2016 12:00:00 AM,0,0,0,0,0
04/10/2016 01:00:00 AM,0,0,0,0,0
04/10/2016 02:00:00 AM,0,0,0,0,0
04/10/2016 03:00:00 AM,0,0,0,0,0
04/10/2016 04:00:00 AM,0,0,0,0,0
04/10/2016 05:00:00 AM,0,0,0,0,0
04/10/2016 06:00:00 AM,8,2,3,2,1
04/10/2016 07:00:00 AM,25,4,2,5,14
04/10/2016 08:00:00 AM,75,5,9,15,46
04/10/2016 09:00:00 AM,109,7,14,35,53
04/10/2016 10:00:00 AM,134,16,13,53,52
04/10/2016 11:00:00 AM,153,12,22,72,47
04/10/2016 12:00:00 PM,156,16,20,70,50
04/10/2016 01:00:00 PM,125,19,8,54,44
04/10/2016 02:00:00 PM,122,12,13,60,37
04/10/2016 03:00:00 PM,112,8,14,56,34
04/10/2016 04:00:00 PM,88,11,9,45,23
04/10/2016 05:00:00 PM,73,7,14,36,16
04/10/2016 06:00:00 PM,41,11,10,17,3
04/10/2016 07:00:00 PM,25,6,2,11,6
04/10/2016 08:00:00 PM,9,1,1,4,3
04/10/2016 09:00:00 PM,2,1,1,0,0
04/10/2016 10:00:00 PM,2,1,0,1,0
04/10/2016 11:00:00 PM,9,5,4,0,0
04/11/2016 12:00:00 AM,2,1,1,0,0
04/11/2016 01:00:00 AM,1,0,0,0,1
04/11/2016 02:00:00 AM,0,0,0,0,0
04/11/2016 03:00:00 AM,0,0,0,0,0
04/11/2016 04:00:00 AM,5,1,0,2,2
04/11/2016 05:00:00 AM,17,2,2,8,5
04/11/2016 06:00:00 AM,24,2,0,10,12
04/11/2016 07:00:00 AM,77,3,3,42,29
04/11/2016 08:00:00 AM,68,7,7,30,24
04/11/2016 09:00:00 AM,34,4,5,15,10
04/11/2016 10:00:00 AM,25,1,4,13,7
04/11/2016 11:00:00 AM,20,4,4,4,8
04/11/2016 12:00:00 PM,32,8,6,7,11
04/11/2016 01:00:00 PM,17,1,2,4,10
04/11/2016 02:00:00 PM,25,2,1,15,7
04/11/2016 03:00:00 PM,39,4,3,16,16
04/11/2016 04:00:00 PM,62,0,10,14,38
04/11/2016 05:00:00 PM,102,6,13,52,31
04/11/2016 06:00:00 PM,82,12,12,32,26
04/11/2016 07:00:00 PM,46,10,5,20,11
04/11/2016 08:00:00 PM,9,2,0,3,4
04/11/2016 09:00:00 PM,7,1,3,2,1
04/11/2016 10:00:00 PM,4,1,1,0,2
04/11/2016 11:00:00 PM,1,0,0,0,1
04/12/2016 12:00:00 AM,0,0,0,0,0
04/12/2016 01:00:00 AM,0,0,0,0,0
04/12/2016 02:00:00 AM,0,0,0,0,0
04/12/2016 03:00:00 AM,2,0,0,2,0
04/12/2016 04:00:00 AM,1,0,0,1,0
04/12/2016 05:00:00 AM,13,4,5,1,3
04/12/2016 06:00:00 AM,23,3,3,9,8
04/12/2016 07:00:00 AM,61,6,8,22,25
04/12/2016 08:00:00 AM,46,0,3,20,23
04/12/2016 09:00:00 AM,24,4,2,10,8
04/12/2016 10:00:00 AM,24,2,4,10,8
04/12/2016 11:00:00 AM,19,2,1,8,8
04/12/2016 12:00:00 PM,15,0,3,8,4
04/12/2016 01:00:00 PM,14,3,2,7,2
04/12/2016 02:00:00 PM,8,0,1,7,0
04/12/2016 03:00:00 PM,9,3,1,3,2
04/12/2016 04:00:00 PM,28,2,2,10,14
04/12/2016 05:00:00 PM,39,2,2,15,20
04/12/2016 06:00:00 PM,42,1,2,23,16
04/12/2016 07:00:00 PM,14,2,1,8,3
04/12/2016 08:00:00 PM,6,2,2,1,1
04/12/2016 09:00:00 PM,5,0,0,4,1
04/12/2016 10:00:00 PM,1,0,0,0,1
04/12/2016 11:00:00 PM,0,0,0,0,0
04/13/2016 12:00:00 AM,1,0,0,1,0
04/13/2016 01:00:00 AM,0,0,0,0,0
04/13/2016 02:00:00 AM,0,0,0,0,0
04/13/2016 03:00:00 AM,0,0,0,0,0
04/13/2016 04:00:00 AM,1,0,0,1,0
04/13/2016 05:00:00 AM,5,1,1,3,0
04/13/2016 06:00:00 AM,15,1,2,6,6
04/13/2016 07:00:00 AM,55,5,3,27,20
04/13/2016 08:00:00 AM,61,4,5,27,25
04/13/2016 09:00:00 AM,32,4,3,16,9
04/13/2016 10:00:00 AM,25,2,7,6,10
04/13/2016 11:00:00 AM,23,1,5,6,11
04/13/2016 12:00:00 PM,38,6,2,20,10
04/13/2016 01:00:00 PM,13,1,0,6,6
04/13/2016 02:00:00 PM,27,3,2,14,8
04/13/2016 03:00:00 PM,25,1,2,9,13
04/13/2016 04:00:00 PM,45,2,6,11,26
04/13/2016 05:00:00 PM,113,7,14,34,58
04/13/2016 06:00:00 PM,109,13,11,44,41
04/13/2016 07:00:00 PM,43,3,6,24,10
04/13/2016 08:00:00 PM,23,2,1,11,9
04/13/2016 09:00:00 PM,6,1,0,4,1
04/13/2016 10:00:00 PM,2,0,0,1,1
04/13/2016 11:00:00 PM,0,0,0,0,0
04/14/2016 12:00:00 AM,0,0,0,0,0
04/14/2016 01:00:00 AM,0,0,0,0,0
04/14/2016 02:00:00 AM,0,0,0,0,0
04/14/2016 03:00:00 AM,1,0,1,0,0
04/14/2016 04:00:00 AM,2,0,1,1,0
04/14/2016 05:00:00 AM,10,3,2,4,1
04/14/2016 06:00:00 AM,16,2,3,9,2
04/14/2016 07:00:00 AM,51,3,2,22,24
04/14/2016 08:00:00 AM,56,2,3,27,24
04/14/2016 09:00:00 AM,45,5,6,28,6
04/14/2016 10:00:00 AM,35,8,7,9,11
04/14/2016 11:00:00 AM,20,1,3,5,11
04/14/2016 12:00:00 PM,21,1,2,12,6
04/14/2016 01:00:00 PM,28,3,5,13,7
04/14/2016 02:00:00 PM,30,3,2,15,10
04/14/2016 03:00:00 PM,29,1,5,7,16
04/14/2016 04:00:00 PM,94,27,14,30,23
04/14/2016 05:00:00 PM,139,26,16,57,40
04/14/2016 06:00:00 PM,108,10,14,49,35
04/14/2016 07:00:00 PM,62,6,8,25,23
04/14/2016 08:00:00 PM,17,4,3,6,4
04/14/2016 09:00:00 PM,2,0,0,2,0
04/14/2016 10:00:00 PM,6,0,0,3,3
04/14/2016 11:00:00 PM,0,0,0,0,0
04/15/2016 12:00:00 AM,0,0,0,0,0
04/15/2016 01:00:00 AM,0,0,0,0,0
04/15/2016 02:00:00 AM,2,0,0,2,0
04/15/2016 03:00:00 AM,1,0,0,0,1
04/15/2016 04:00:00 AM,1,0,0,1,0
04/15/2016 05:00:00 AM,12,3,2,5,2
04/15/2016 06:00:00 AM,29,2,1,13,13
04/15/2016 07:00:00 AM,69,6,4,34,25
04/15/2016 08:00:00 AM,45,4,2,17,22
04/15/2016 09:00:00 AM,60,7,7,23,23
04/15/2016 10:00:00 AM,31,1,6,7,17
04/15/2016 11:00:00 AM,33,6,3,18,6
04/15/2016 12:00:00 PM,35,1,1,18,15
04/15/2016 01:00:00 PM,46,6,8,16,16
04/15/2016 02:00:00 PM,29,6,2,12,9
04/15/2016 03:00:00 PM,41,0,6,14,21
04/15/2016 04:00:00 PM,73,6,12,30,25
04/15/2016 05:00:00 PM,99,9,19,44,27
04/15/2016 06:00:00 PM,59,6,9,26,18
04/15/2016 07:00:00 PM,20,4,3,8,5
04/15/2016 08:00:00 PM,17,1,0,10,6
04/15/2016 09:00:00 PM,5,1,1,1,2
04/15/2016 10:00:00 PM,4,2,1,1,0
04/15/2016 11:00:00 PM,3,0,0,3,0
04/16/2016 12:00:00 AM,0,0,0,0,0
04/16/2016 01:00:00 AM,0,0,0,0,0
04/16/2016 02:00:00 AM,0,0,0,0,0
04/16/2016 03:00:00 AM,0,0,0,0,0
04/16/2016 04:00:00 AM,0,0,0,0,0
04/16/2016 05:00:00 AM,1,0,0,0,1
04/16/2016 06:00:00 AM,1,0,0,1,0
04/16/2016 07:00:00 AM,42,5,11,12,14
04/16/2016 08:00:00 AM,107,9,9,38,51
04/16/2016 09:00:00 AM,151,11,23,41,76
04/16/2016 10:00:00 AM,306,43,33,167,63
04/16/2016 11:00:00 AM,338,47,24,198,69
04/16/2016 12:00:00 PM,260,23,21,160,56
04/16/2016 01:00:00 PM,174,22,17,59,76
04/16/2016 02:00:00 PM,158,22,9,69,58
04/16/2016 03:00:00 PM,125,12,9,69,35
04/16/2016 04:00:00 PM,134,21,14,63,36
04/16/2016 05:00:00 PM,76,9,9,37,21
04/16/2016 06:00:00 PM,35,7,4,12,12
04/16/2016 07:00:00 PM,23,5,5,10,3
04/16/2016 08:00:00 PM,14,8,3,2,1
04/16/2016 09:00:00 PM,1,0,1,0,0
04/16/2016 10:00:00 PM,0,0,0,0,0
04/16/2016 11:00:00 PM,4,1,2,1,0
04/17/2016 12:00:00 AM,0,0,0,0,0
04/17/2016 01:00:00 AM,0,0,0,0,0
04/17/2016 02:00:00 AM,0,0,0,0,0
04/17/2016 03:00:00 AM,0,0,0,0,0
04/17/2016 04:00:00 AM,3,1,2,0,0
04/17/2016 05:00:00 AM,0,0,0,0,0
04/17/2016 06:00:00 AM,10,0,1,1,8
04/17/2016 07:00:00 AM,37,2,4,5,26
04/17/2016 08:00:00 AM,75,4,7,35,29
04/17/2016 09:00:00 AM,142,18,20,50,54
04/17/2016 10:00:00 AM,249,25,33,96,95
04/17/2016 11:00:00 AM,254,27,35,119,73
04/17/2016 12:00:00 PM,282,42,23,148,69
04/17/2016 01:00:00 PM,320,101,18,110,91
04/17/2016 02:00:00 PM,195,31,16,80,68
04/17/2016 03:00:00 PM,200,40,12,90,58
04/17/2016 04:00:00 PM,140,36,8,64,32
04/17/2016 05:00:00 PM,102,23,11,38,30
04/17/2016 06:00:00 PM,56,9,5,33,9
04/17/2016 07:00:00 PM,21,3,1,9,8
04/17/2016 08:00:00 PM,9,0,0,3,6
04/17/2016 09:00:00 PM,0,0,0,0,0
04/17/2016 10:00:00 PM,3,1,1,1,0
04/17/2016 11:00:00 PM,1,0,0,1,0
04/18/2016 12:00:00 AM,0,0,0,0,0
04/18/2016 01:00:00 AM,0,0,0,0,0
04/18/2016 02:00:00 AM,0,0,0,0,0
04/18/2016 03:00:00 AM,0,0,0,0,0
04/18/2016 04:00:00 AM,3,0,1,1,1
04/18/2016 05:00:00 AM,16,3,3,8,2
04/18/2016 06:00:00 AM,51,3,4,23,21
04/18/2016 07:00:00 AM,101,11,20,45,25
04/18/2016 08:00:00 AM,89,7,7,42,33
04/18/2016 09:00:00 AM,54,7,5,28,14
04/18/2016 10:00:00 AM,47,6,7,19,15
04/18/2016 11:00:00 AM,53,4,7,21,21
04/18/2016 12:00:00 PM,36,5,0,18,13
04/18/2016 01:00:00 PM,39,4,6,19,10
04/18/2016 02:00:00 PM,54,7,1,27,19
04/18/2016 03:00:00 PM,74,8,6,39,21
04/18/2016 04:00:00 PM,108,24,8,46,30
04/18/2016 05:00:00 PM,203,27,7,106,63
04/18/2016 06:00:00 PM,160,28,23,60,49
04/18/2016 07:00:00 PM,77,7,7,38,25
04/18/2016 08:00:00 PM,30,4,2,15,9
04/18/2016 09:00:00 PM,9,1,1,5,2
04/18/2016 10:00:00 PM,3,0,0,2,1
04/18/2016 11:00:00 PM,1,0,0,1,0
04/19/2016 12:00:00 AM,1,0,0,1,0
04/19/2016 01:00:00 AM,0,0,0,0,0
04/19/2016 02:00:00 AM,0,0,0,0,0
04/19/2016 03:00:00 AM,0,0,0,0,0
04/19/2016 04:00:00 AM,1,0,0,1,0
04/19/2016 05:00:00 AM,21,5,3,10,3
04/19/2016 06:00:00 AM,56,6,5,26,19
04/19/2016 07:00:00 AM,117,4,8,51,54
04/19/2016 08:00:00 AM,89,7,3,44,35
04/19/2016 09:00:00 AM,67,4,9,34,20
04/19/2016 10:00:00 AM,59,6,5,25,23
04/19/2016 11:00:00 AM,58,1,3,35,19
04/19/2016 12:00:00 PM,45,7,7,15,16
04/19/2016 01:00:00 PM,44,6,2,23,13
04/19/2016 02:00:00 PM,84,18,19,30,17
04/19/2016 03:00:00 PM,81,14,7,32,28
04/19/2016 04:00:00 PM,143,30,6,54,53
04/19/2016 05:00:00 PM,200,22,25,75,78
04/19/2016 06:00:00 PM,246,42,30,81,93
04/19/2016 07:00:00 PM,136,22,19,62,33
04/19/2016 08:00:00 PM,34,5,5,11,13
04/19/2016 09:00:00 PM,17,5,2,7,3
04/19/2016 10:00:00 PM,9,4,4,1,0
04/19/2016 11:00:00 PM,6,0,1,5,0
04/20/2016 12:00:00 AM,0,0,0,0,0
04/20/2016 01:00:00 AM,0,0,0,0,0
04/20/2016 02:00:00 AM,0,0,0,0,0
04/20/2016 03:00:00 AM,0,0,0,0,0
04/20/2016 04:00:00 AM,2,0,0,1,1
04/20/2016 05:00:00 AM,21,3,3,10,5
04/20/2016 06:00:00 AM,55,3,4,32,16
04/20/2016 07:00:00 AM,102,9,14,51,28
04/20/2016 08:00:00 AM,101,9,11,43,38
04/20/2016 09:00:00 AM,68,6,3,38,21
04/20/2016 10:00:00 AM,34,1,2,16,15
04/20/2016 11:00:00 AM,37,4,5,11,17
04/20/2016 12:00:00 PM,44,3,7,19,15
04/20/2016 01:00:00 PM,48,6,3,24,15
04/20/2016 02:00:00 PM,77,40,5,17,15
04/20/2016 03:00:00 PM,66,12,8,23,23
04/20/2016 04:00:00 PM,112,10,12,37,53
04/20/2016 05:00:00 PM,183,16,20,73,74
04/20/2016 06:00:00 PM,172,18,11,87,56
04/20/2016 07:00:00 PM,106,9,10,50,37
04/20/2016 08:00:00 PM,51,7,0,31,13
04/20/2016 09:00:00 PM,6,0,0,4,2
04/20/2016 10:00:00 PM,2,0,1,0,1
04/20/2016 11:00:00 PM,2,1,0,1,0
04/21/2016 12:00:00 AM,1,0,0,1,0
04/21/2016 01:00:00 AM,0,0,0,0,0
04/21/2016 02:00:00 AM,1,0,0,1,0
04/21/2016 03:00:00 AM,0,0,0,0,0
04/21/2016 04:00:00 AM,2,0,0,2,0
04/21/2016 05:00:00 AM,12,2,1,6,3
04/21/2016 06:00:00 AM,41,7,4,17,13
04/21/2016 07:00:00 AM,92,7,11,44,30
04/21/2016 08:00:00 AM,71,6,6,36,23
04/21/2016 09:00:00 AM,41,1,1,22,17
04/21/2016 10:00:00 AM,40,5,6,14,15
04/21/2016 11:00:00 AM,20,1,2,12,5
04/21/2016 12:00:00 PM,40,5,7,12,16
04/21/2016 01:00:00 PM,45,5,5,19,16
04/21/2016 02:00:00 PM,46,3,1,27,15
04/21/2016 03:00:00 PM,70,11,7,24,28
04/21/2016 04:00:00 PM,121,7,19,40,55
04/21/2016 05:00:00 PM,177,13,10,69,85
04/21/2016 06:00:00 PM,180,24,12,86,58
04/21/2016 07:00:00 PM,103,11,10,45,37
04/21/2016 08:00:00 PM,27,3,2,8,14
04/21/2016 09:00:00 PM,3,0,1,1,1
04/21/2016 10:00:00 PM,3,1,1,0,1
04/21/2016 11:00:00 PM,1,0,1,0,0
04/22/2016 12:00:00 AM,1,1,0,0,0
04/22/2016 01:00:00 AM,1,1,0,0,0
04/22/2016 02:00:00 AM,2,1,0,1,0
04/22/2016 03:00:00 AM,0,0,0,0,0
04/22/2016 04:00:00 AM,3,0,0,2,1
04/22/2016 05:00:00 AM,17,3,4,5,5
04/22/2016 06:00:00 AM,28,2,3,13,10
04/22/2016 07:00:00 AM,65,3,5,33,24
04/22/2016 08:00:00 AM,54,7,4,21,22
04/22/2016 09:00:00 AM,31,1,1,15,14
04/22/2016 10:00:00 AM,27,1,8,7,11
04/22/2016 11:00:00 AM,25,1,1,11,12
04/22/2016 12:00:00 PM,29,4,1,16,8
04/22/2016 01:00:00 PM,19,3,3,8,5
04/22/2016 02:00:00 PM,8,0,0,5,3
04/22/2016 03:00:00 PM,23,1,1,9,12
04/22/2016 04:00:00 PM,39,0,3,14,22
04/22/2016 05:00:00 PM,69,6,5,36,22
04/22/2016 06:00:00 PM,48,5,3,19,21
04/22/2016 07:00:00 PM,26,4,5,8,9
04/22/2016 08:00:00 PM,6,3,0,2,1
04/22/2016 09:00:00 PM,1,0,0,1,0
04/22/2016 10:00:00 PM,0,0,0,0,0
04/22/2016 11:00:00 PM,1,0,0,1,0
04/23/2016 12:00:00 AM,0,0,0,0,0
04/23/2016 01:00:00 AM,0,0,0,0,0
04/23/2016 02:00:00 AM,1,0,0,0,1
04/23/2016 03:00:00 AM,0,0,0,0,0
04/23/2016 04:00:00 AM,1,0,0,0,1
04/23/2016 05:00:00 AM,2,0,0,1,1
04/23/2016 06:00:00 AM,5,0,1,0,4
04/23/2016 07:00:00 AM,29,2,4,5,18
04/23/2016 08:00:00 AM,101,4,7,31,59
04/23/2016 09:00:00 AM,122,6,14,34,68
04/23/2016 10:00:00 AM,173,19,14,57,83
04/23/2016 11:00:00 AM,210,18,24,76,92
04/23/2016 12:00:00 PM,174,26,27,66,55
04/23/2016 01:00:00 PM,141,19,10,72,40
04/23/2016 02:00:00 PM,153,22,15,69,47
04/23/2016 03:00:00 PM,98,8,13,45,32
04/23/2016 04:00:00 PM,75,10,9,36,20
04/23/2016 05:00:00 PM,63,5,5,35,18
04/23/2016 06:00:00 PM,30,14,4,10,2
04/23/2016 07:00:00 PM,14,2,3,4,5
04/23/2016 08:00:00 PM,10,6,2,2,0
04/23/2016 09:00:00 PM,3,0,0,2,1
04/23/2016 10:00:00 PM,1,0,0,0,1
04/23/2016 11:00:00 PM,1,0,1,0,0
04/24/2016 12:00:00 AM,0,0,0,0,0
04/24/2016 01:00:00 AM,2,1,1,0,0
04/24/2016 02:00:00 AM,0,0,0,0,0
04/24/2016 03:00:00 AM,0,0,0,0,0
04/24/2016 04:00:00 AM,1,0,1,0,0
04/24/2016 05:00:00 AM,0,0,0,0,0
04/24/2016 06:00:00 AM,2,0,0,0,2
04/24/2016 07:00:00 AM,41,5,7,8,21
04/24/2016 08:00:00 AM,56,3,2,28,23
04/24/2016 09:00:00 AM,28,2,1,22,3
04/24/2016 10:00:00 AM,38,7,5,20,6
04/24/2016 11:00:00 AM,18,2,1,12,3
04/24/2016 12:00:00 PM,12,2,1,7,2
04/24/2016 01:00:00 PM,16,0,1,14,1
04/24/2016 02:00:00 PM,13,4,1,2,6
04/24/2016 03:00:00 PM,15,3,4,4,4
04/24/2016 04:00:00 PM,29,5,5,12,7
04/24/2016 05:00:00 PM,19,3,3,7,6
04/24/2016 06:00:00 PM,7,2,1,3,1
04/24/2016 07:00:00 PM,14,1,5,4,4
04/24/2016 08:00:00 PM,8,6,2,0,0
04/24/2016 09:00:00 PM,0,0,0,0,0
04/24/2016 10:00:00 PM,0,0,0,0,0
04/24/2016 11:00:00 PM,0,0,0,0,0
04/25/2016 12:00:00 AM,0,0,0,0,0
04/25/2016 01:00:00 AM,0,0,0,0,0
04/25/2016 02:00:00 AM,0,0,0,0,0
04/25/2016 03:00:00 AM,0,0,0,0,0
04/25/2016 04:00:00 AM,2,0,0,2,0
04/25/2016 05:00:00 AM,21,3,3,11,4
04/25/2016 06:00:00 AM,29,4,3,10,12
04/25/2016 07:00:00 AM,63,2,3,33,25
04/25/2016 08:00:00 AM,33,2,0,14,17
04/25/2016 09:00:00 AM,22,0,0,11,11
04/25/2016 10:00:00 AM,11,0,0,6,5
04/25/2016 11:00:00 AM,16,1,2,3,10
04/25/2016 12:00:00 PM,13,1,1,8,3
04/25/2016 01:00:00 PM,13,0,1,5,7
04/25/2016 02:00:00 PM,35,5,2,18,10
04/25/2016 03:00:00 PM,40,9,9,11,11
04/25/2016 04:00:00 PM,83,7,12,33,31
04/25/2016 05:00:00 PM,111,14,10,50,37
04/25/2016 06:00:00 PM,106,5,13,45,43
04/25/2016 07:00:00 PM,47,7,5,23,12
04/25/2016 08:00:00 PM,14,3,2,7,2
04/25/2016 09:00:00 PM,7,1,0,3,3
04/25/2016 10:00:00 PM,5,1,1,1,2
04/25/2016 11:00:00 PM,0,0,0,0,0
04/26/2016 12:00:00 AM,0,0,0,0,0
04/26/2016 01:00:00 AM,1,0,0,0,1
04/26/2016 02:00:00 AM,1,0,0,1,0
04/26/2016 03:00:00 AM,2,0,0,2,0
04/26/2016 04:00:00 AM,3,0,0,3,0
04/26/2016 05:00:00 AM,24,3,2,14,5
04/26/2016 06:00:00 AM,43,3,3,21,16
04/26/2016 07:00:00 AM,99,5,9,38,47
04/26/2016 08:00:00 AM,74,5,8,34,27
04/26/2016 09:00:00 AM,43,2,1,26,14
04/26/2016 10:00:00 AM,28,2,7,11,8
04/26/2016 11:00:00 AM,65,2,0,34,29
04/26/2016 12:00:00 PM,41,7,6,14,14
04/26/2016 01:00:00 PM,44,11,1,18,14
04/26/2016 02:00:00 PM,43,2,3,21,17
04/26/2016 03:00:00 PM,59,2,8,17,32
04/26/2016 04:00:00 PM,108,13,13,37,45
04/26/2016 05:00:00 PM,175,14,38,58,65
04/26/2016 06:00:00 PM,133,13,14,65,41
04/26/2016 07:00:00 PM,89,10,5,45,29
04/26/2016 08:00:00 PM,21,6,3,4,8
04/26/2016 09:00:00 PM,6,0,0,5,1
04/26/2016 10:00:00 PM,1,0,0,1,0
04/26/2016 11:00:00 PM,1,0,0,0,1
04/27/2016 12:00:00 AM,2,0,0,1,1
04/27/2016 01:00:00 AM,0,0,0,0,0
04/27/2016 02:00:00 AM,0,0,0,0,0
04/27/2016 03:00:00 AM,0,0,0,0,0
04/27/2016 04:00:00 AM,1,0,0,1,0
04/27/2016 05:00:00 AM,14,0,3,8,3
04/27/2016 06:00:00 AM,36,1,3,19,13
04/27/2016 07:00:00 AM,82,5,9,46,22
04/27/2016 08:00:00 AM,76,6,8,28,34
04/27/2016 09:00:00 AM,47,1,5,23,18
04/27/2016 10:00:00 AM,27,0,2,17,8
04/27/2016 11:00:00 AM,36,5,6,10,15
04/27/2016 12:00:00 PM,27,2,0,17,8
04/27/2016 01:00:00 PM,24,0,0,7,17
04/27/2016 02:00:00 PM,34,3,3,11,17
04/27/2016 03:00:00 PM,50,12,2,18,18
04/27/2016 04:00:00 PM,80,7,9,27,37
04/27/2016 05:00:00 PM,137,9,8,49,71
04/27/2016 06:00:00 PM,134,13,13,56,52
04/27/2016 07:00:00 PM,66,7,2,38,19
04/27/2016 08:00:00 PM,29,4,3,17,5
04/27/2016 09:00:00 PM,4,0,0,4,0
04/27/2016 10:00:00 PM,2,1,0,1,0
04/27/2016 11:00:00 PM,1,0,0,0,1
04/28/2016 12:00:00 AM,0,0,0,0,0
04/28/2016 01:00:00 AM,0,0,0,0,0
04/28/2016 02:00:00 AM,6,2,3,1,0
04/28/2016 03:00:00 AM,0,0,0,0,0
04/28/2016 04:00:00 AM,4,0,1,2,1
04/28/2016 05:00:00 AM,19,3,2,9,5
04/28/2016 06:00:00 AM,50,1,8,25,16
04/28/2016 07:00:00 AM,83,7,8,40,28
04/28/2016 08:00:00 AM,87,10,11,36,30
04/28/2016 09:00:00 AM,37,4,3,20,10
04/28/2016 10:00:00 AM,30,3,3,11,13
04/28/2016 11:00:00 AM,42,4,7,17,14
04/28/2016 12:00:00 PM,35,5,5,17,8
04/28/2016 01:00:00 PM,32,8,3,13,8
04/28/2016 02:00:00 PM,53,9,2,18,24
04/28/2016 03:00:00 PM,46,3,7,18,18
04/28/2016 04:00:00 PM,102,6,8,41,47
04/28/2016 05:00:00 PM,146,9,7,73,57
04/28/2016 06:00:00 PM,149,6,11,68,64
04/28/2016 07:00:00 PM,90,6,6,50,28
04/28/2016 08:00:00 PM,22,4,4,10,4
04/28/2016 09:00:00 PM,6,1,0,2,3
04/28/2016 10:00:00 PM,7,1,3,3,0
04/28/2016 11:00:00 PM,0,0,0,0,0
04/29/2016 12:00:00 AM,0,0,0,0,0
04/29/2016 01:00:00 AM,9,4,5,0,0
04/29/2016 02:00:00 AM,1,0,0,1,0
04/29/2016 03:00:00 AM,1,0,0,0,1
04/29/2016 04:00:00 AM,2,1,0,1,0
04/29/2016 05:00:00 AM,10,0,0,5,5
04/29/2016 06:00:00 AM,40,1,2,31,6
04/29/2016 07:00:00 AM,74,6,7,40,21
04/29/2016 08:00:00 AM,42,1,1,18,22
04/29/2016 09:00:00 AM,21,4,1,12,4
04/29/2016 10:00:00 AM,14,1,1,2,10
04/29/2016 11:00:00 AM,13,1,1,8,3
04/29/2016 12:00:00 PM,11,1,1,3,6
04/29/2016 01:00:00 PM,17,2,3,2,10
04/29/2016 02:00:00 PM,28,9,7,3,9
04/29/2016 03:00:00 PM,47,3,4,16,24
04/29/2016 04:00:00 PM,63,9,6,16,32
04/29/2016 05:00:00 PM,94,8,4,41,41
04/29/2016 06:00:00 PM,79,13,11,32,23
04/29/2016 07:00:00 PM,38,3,7,16,12
04/29/2016 08:00:00 PM,12,5,0,5,2
04/29/2016 09:00:00 PM,2,0,0,2,0
04/29/2016 10:00:00 PM,14,7,4,3,0
04/29/2016 11:00:00 PM,1,0,0,1,0
04/30/2016 12:00:00 AM,5,0,1,0,4
04/30/2016 01:00:00 AM,2,0,2,0,0
04/30/2016 02:00:00 AM,0,0,0,0,0
04/30/2016 03:00:00 AM,0,0,0,0,0
04/30/2016 04:00:00 AM,0,0,0,0,0
04/30/2016 05:00:00 AM,5,0,1,1,3
04/30/2016 06:00:00 AM,8,0,2,0,6
04/30/2016 07:00:00 AM,51,5,6,17,23
04/30/2016 08:00:00 AM,132,15,18,43,56
04/30/2016 09:00:00 AM,204,18,22,69,95
04/30/2016 10:00:00 AM,157,14,15,70,58
04/30/2016 11:00:00 AM,256,25,26,116,89
04/30/2016 12:00:00 PM,200,25,15,114,46
04/30/2016 01:00:00 PM,173,17,16,71,69
04/30/2016 02:00:00 PM,183,42,19,72,50
04/30/2016 03:00:00 PM,184,28,22,80,54
04/30/2016 04:00:00 PM,116,22,11,55,28
04/30/2016 05:00:00 PM,125,22,22,49,32
04/30/2016 06:00:00 PM,50,5,3,27,15
04/30/2016 07:00:00 PM,37,3,3,22,9
04/30/2016 08:00:00 PM,19,3,7,7,2
04/30/2016 09:00:00 PM,9,5,2,2,0
04/30/2016 10:00:00 PM,5,2,1,1,1
04/30/2016 11:00:00 PM,2,0,0,0,2
