year,day,hour,summary,temperature,windSpeed,precipIntensity
2014,1,0,Clear,49.81,7.41,0
2014,1,1,Clear,48.77,5.59,0
2014,1,2,Clear,48.8,5.79,0
2014,1,3,Clear,48.67,6.69,0
2014,1,4,Clear,47.65,1.03,0
2014,1,5,Clear,46.68,1.48,0
2014,1,6,Clear,46.77,1.02,0
2014,1,7,Clear,45.8,1.3,0
2014,1,8,Clear,46.74,0.95,0
2014,1,9,Clear,48.83,4.75,0
2014,1,10,Clear,49.07,6.69,0
2014,1,11,Clear,50.12,5.82,0
2014,1,12,Partly Cloudy,51.9,7.6,0
2014,1,13,Clear,51.32,7.99,0
2014,1,14,Clear,52.44,4.86,0
2014,1,15,Clear,54.27,4.72,0
2014,1,16,Clear,53.53,4.64,0
2014,1,17,Clear,54.35,6.53,0
2014,1,18,Clear,54.47,5.21,0
2014,1,19,Clear,53.48,2.6,0
2014,1,20,Clear,53.09,2.07,0
2014,1,21,Clear,51.89,1.15,0
2014,1,22,Clear,50.91,4.38,0
2014,1,23,Clear,50.6,6.27,0
2014,2,0,Clear,48.82,5.48,0
2014,2,1,Clear,47.73,6.4,0
2014,2,2,Clear,46.82,5.65,0
2014,2,3,Clear,46.92,3.93,0
2014,2,4,Clear,46.66,6.13,0
2014,2,5,Clear,46,5.55,0
2014,2,6,Clear,46.07,7.29,0
2014,2,7,Clear,46.07,7.38,0
2014,2,8,Clear,47.01,3.96,0
2014,2,9,Clear,47.01,7.47,0
2014,2,10,Clear,48.08,6.34,0
2014,2,11,Clear,49.18,3.91,0
2014,2,12,Clear,50.99,7.26,0
2014,2,13,Clear,52.13,8.31,0
2014,2,14,Clear,55.04,5.51,0
2014,2,15,Clear,56.1,5.36,0
2014,2,16,Clear,57.98,6.68,0
2014,2,17,Clear,58.78,6.66,0
2014,2,18,Clear,56.15,8.08,0
2014,2,19,Clear,55.27,5.99,0
2014,2,20,Clear,54.05,6.16,0
2014,2,21,Clear,52.11,5.32,0
2014,2,22,Clear,50.82,2.59,0
2014,2,23,Clear,50.74,3.62,0
2014,3,0,Clear,49.72,5.24,0
2014,3,1,Clear,48.76,6.34,0
2014,3,2,Clear,48.73,3.83,0
2014,3,3,Clear,47.78,3.41,0
2014,3,4,Clear,46.91,9,0
2014,3,5,Clear,47.65,3.06,0
2014,3,6,Partly Cloudy,46.68,3.78,0
2014,3,7,Clear,46.68,2.83,0
2014,3,8,Partly Cloudy,46.85,5.29,0
2014,3,9,Clear,47.83,6.39,0
2014,3,10,Partly Cloudy,49.01,7.49,0
2014,3,11,Clear,51.06,8.46,0
2014,3,12,Clear,53.97,6.7,0
2014,3,13,Clear,55.1,7.21,0
2014,3,14,Clear,55.1,10.48,0
2014,3,15,Light Rain,51.17,9.45,0.0191
2014,3,16,Light Rain,51.06,6.38,0.04
2014,3,17,Light Rain,50.15,6.52,0.0127
2014,3,18,Light Rain,50.95,8.36,0.0164
2014,3,19,Clear,51.01,11.17,0.0036
2014,3,20,Light Rain,49.91,8.42,0.0136
2014,3,21,Clear,49.01,8.73,0.0036
2014,3,22,Clear,49.01,8.31,0
2014,3,23,Clear,49.01,6.88,0
2014,4,0,Clear,48.01,8.24,0
2014,4,1,Clear,47.17,6.15,0
2014,4,2,Clear,47.13,4.28,0
2014,4,3,Clear,47.03,7.5,0
2014,4,4,Clear,46.9,8.5,0
2014,4,5,Clear,46,6.77,0
2014,4,6,Clear,45.9,6.83,0
2014,4,7,Clear,45.04,6.3,0
2014,4,8,Clear,46.01,5.87,0
2014,4,9,Clear,47.11,6.65,0
2014,4,10,Clear,49.12,6.15,0
2014,4,11,Clear,49.99,8.41,0
2014,4,12,Clear,51.23,10.71,0
2014,4,13,Clear,52.17,9.17,0
2014,4,14,Clear,52.21,10.02,0
2014,4,15,Clear,54.1,7.56,0
2014,4,16,Clear,55.78,6.05,0
2014,4,17,Clear,53.16,11,0
2014,4,18,Clear,52.89,11.03,0
2014,4,19,Clear,51.06,7.75,0
2014,4,20,Clear,50.89,11.19,0
2014,4,21,Clear,50.79,9.69,0
2014,4,22,Clear,48.95,5.46,0
2014,4,23,Clear,48.05,2.64,0
2014,5,0,Clear,48.08,2.82,0
2014,5,1,Clear,47.91,2.67,0.0036
2014,5,2,Clear,47.91,3.26,0
2014,5,3,Clear,47.01,4.99,0.0036
2014,5,4,Light Rain,47.04,4.69,0.0127
2014,5,5,Drizzle,47.03,3.35,0.0064
2014,5,6,Clear,47.04,5.27,0
2014,5,7,Clear,47.03,5.62,0
2014,5,8,Clear,47.97,6.35,0
2014,5,9,Clear,50.75,6.35,0
2014,5,10,Clear,50.99,5.75,0
2014,5,11,Clear,51.96,6.66,0
2014,5,12,Clear,51.16,7.37,0
2014,5,13,Drizzle,51.06,6.54,0.0073
2014,5,14,Clear,52.96,7.7,0
2014,5,15,Clear,53.9,5.98,0
2014,5,16,Light Rain,52.95,7.73,0.0236
2014,5,17,Light Rain,52.91,7.59,0.0136
2014,5,18,Clear,52.89,8.01,0.0036
2014,5,19,Light Rain,53.02,11.51,0.0145
2014,5,20,Clear,52.95,13.82,0
2014,5,21,Clear,52.01,10.7,0
2014,5,22,Clear,51,5.23,0
2014,5,23,Clear,50.9,3.03,0
2014,6,0,Clear,50.06,4.88,0
2014,6,1,Clear,49.94,5.8,0
2014,6,2,Clear,49.05,3.77,0
2014,6,3,Clear,49.05,6.1,0
2014,6,4,Clear,48.95,5.36,0
2014,6,5,Clear,48.15,7.33,0
2014,6,6,Clear,48.11,2,0
2014,6,7,Clear,48.08,3.02,0
2014,6,8,Clear,48.02,0.83,0
2014,6,9,Clear,49.08,1.07,0
2014,6,10,Clear,51.03,0.52,0
2014,6,11,Clear,52.72,2.68,0
2014,6,12,Clear,50.5,7.56,0
2014,6,13,Clear,52.12,1.85,0
2014,6,14,Clear,52.28,5.47,0
2014,6,15,Clear,53.29,2.37,0
2014,6,16,Clear,53.37,2.76,0
2014,6,17,Clear,51.83,2.29,0
2014,6,18,Clear,51.79,3.79,0
2014,6,19,Clear,53.46,5.68,0
2014,6,20,Clear,56.63,5.6,0
2014,6,21,Clear,55,5.84,0
2014,6,22,Clear,53.11,2.33,0
2014,6,23,Clear,53.95,3.27,0
2014,7,0,Clear,52.93,10.05,0
2014,7,1,Clear,52.95,5.71,0
2014,7,2,Clear,52.95,6.5,0
2014,7,3,Clear,52.91,5.39,0
2014,7,4,Clear,52.97,6.23,0
2014,7,5,Clear,52.71,3.39,0
2014,7,6,Clear,52.77,3.32,0
2014,7,7,Clear,52.81,4.93,0
2014,7,8,Clear,53.77,3.2,0
2014,7,9,Clear,55.7,4.74,0
2014,7,10,Clear,52.59,2.58,0
2014,7,11,Clear,52.95,0.79,0
2014,7,12,Clear,56.08,4.55,0
2014,7,13,Clear,60.67,1.15,0
2014,7,14,Clear,61.74,0.56,0
2014,7,15,Clear,65.45,1.79,0
2014,7,16,Clear,64.76,4.11,0
2014,7,17,Clear,69.7,5.31,0
2014,7,18,Clear,68.08,7.6,0
2014,7,19,Clear,67.21,5.52,0
2014,7,20,Clear,63.05,3.02,0
2014,7,21,Clear,58.52,1.13,0
2014,7,22,Clear,61.76,1.84,0
2014,7,23,Clear,60.74,4.65,0
2014,8,0,Clear,59.62,7.9,0
2014,8,1,Clear,56.82,4.03,0
2014,8,2,Clear,53.87,7.92,0
2014,8,3,Clear,51.11,8.11,0
2014,8,4,Clear,51.05,7.29,0
2014,8,5,Clear,51.95,9.52,0
2014,8,6,Partly Cloudy,51.87,10.99,0
2014,8,7,Clear,51.95,8.88,0
2014,8,8,Clear,52.95,9.67,0
2014,8,9,Clear,53.87,6.2,0
2014,8,10,Clear,55.08,6.85,0
2014,8,11,Clear,56.08,3.32,0
2014,8,12,Clear,57.92,6.55,0
2014,8,13,Clear,59.76,3.81,0
2014,8,14,Clear,58.98,8.08,0
2014,8,15,Clear,58.74,5.45,0.0036
2014,8,16,Rain,54.94,6.29,0.0809
2014,8,17,Rain,53.11,8.95,0.1209
2014,8,18,Rain,53.06,9.82,0.0673
2014,8,19,Drizzle,53.02,9.58,0.0073
2014,8,20,Clear,53.06,8.86,0
2014,8,21,Clear,52.88,0.31,0
2014,8,22,Clear,50.07,9.64,0
2014,8,23,Drizzle,48.11,5.66,0.0064
2014,9,0,Clear,48.05,6.03,0
2014,9,1,Drizzle,47.11,6.97,0.0064
2014,9,2,Clear,47.15,5.92,0
2014,9,3,Clear,47.01,5.81,0
2014,9,4,Clear,47.81,3,0
2014,9,5,Clear,46.66,1.69,0
2014,9,6,Clear,47.54,1.88,0
2014,9,7,Clear,46.88,4.75,0
2014,9,8,Clear,47.01,1.32,0
2014,9,9,Clear,48.01,2.75,0
2014,9,10,Clear,48.38,6.28,0
2014,9,11,Clear,49.46,1.85,0
2014,9,12,Clear,49.5,6,0
2014,9,13,Clear,51.52,5.97,0
2014,9,14,Clear,53.25,5.59,0
2014,9,15,Clear,56.58,3.02,0
2014,9,16,Clear,54.2,5.48,0
2014,9,17,Clear,54.21,7.86,0
2014,9,18,Clear,55.04,7.81,0
2014,9,19,Clear,53.9,5.87,0
2014,9,20,Clear,52.99,1.7,0
2014,9,21,Clear,52.05,7.31,0
2014,9,22,Clear,51.06,5.77,0
2014,9,23,Clear,50.02,2.17,0
2014,10,0,Clear,49.01,4.55,0
2014,10,1,Clear,47.97,4.18,0
2014,10,2,Clear,47.97,4.9,0
2014,10,3,Clear,47.01,2.44,0
2014,10,4,Clear,46.91,2.06,0
2014,10,5,Clear,46.91,2.82,0
2014,10,6,Clear,46.04,8,0
2014,10,7,Clear,45.85,1.32,0
2014,10,8,Clear,46.91,1.82,0
2014,10,9,Clear,49.69,2.03,0
2014,10,10,Clear,48.18,7.73,0
2014,10,11,Clear,49.28,6.08,0
2014,10,12,Clear,50.45,4.87,0
2014,10,13,Clear,53.13,7.49,0
2014,10,14,Clear,53.27,9.25,0
2014,10,15,Clear,54.23,4.45,0
2014,10,16,Clear,55.04,3.43,0
2014,10,17,Clear,55.95,7.23,0
2014,10,18,Clear,55.01,8.69,0
2014,10,19,Clear,54.9,7.04,0
2014,10,20,Clear,53.02,6.09,0
2014,10,21,Clear,52.78,3.24,0
2014,10,22,Clear,51.81,5.17,0
2014,10,23,Clear,50.88,5.16,0
2014,11,0,Clear,49.97,8,0
2014,11,1,Clear,48.97,0.52,0
2014,11,2,Clear,48.85,2.87,0
2014,11,3,Clear,47.9,4.87,0
2014,11,4,Clear,47.71,4.66,0
2014,11,5,Clear,46.67,2.99,0
2014,11,6,Clear,46.64,2.75,0
2014,11,7,Clear,46.4,4.55,0
2014,11,8,Clear,47.73,6.82,0
2014,11,9,Clear,48.91,4.89,0
2014,11,10,Clear,51.76,5.38,0
2014,11,11,Clear,51.39,4.87,0
2014,11,12,Clear,51.71,2.61,0
2014,11,13,Clear,55.32,3.25,0
2014,11,14,Clear,57.06,2.69,0
2014,11,15,Clear,58.06,4.28,0
2014,11,16,Clear,57.23,5.71,0
2014,11,17,Clear,57.44,4.85,0
2014,11,18,Clear,56.41,4.77,0
2014,11,19,Clear,58.85,5.41,0
2014,11,20,Clear,57.79,2.97,0
2014,11,21,Clear,55.01,3.91,0
2014,11,22,Clear,52.86,3.01,0
2014,11,23,Clear,50.95,0.63,0
2014,12,0,Clear,50.11,2.67,0
2014,12,1,Clear,50.01,10,0
2014,12,2,Clear,49.08,3.08,0
2014,12,3,Clear,48.08,2.72,0
2014,12,4,Clear,48.04,1.41,0
2014,12,5,Clear,47.95,3.15,0
2014,12,6,Clear,46.97,3.16,0
2014,12,7,Clear,47.01,1.92,0
2014,12,8,Clear,48.11,4.92,0
2014,12,9,Clear,49.14,6.51,0
2014,12,10,Clear,50.14,5.54,0
2014,12,11,Clear,51.14,6.02,0
2014,12,12,Clear,52.12,10.87,0
2014,12,13,Clear,53.1,10.62,0
2014,12,14,Clear,54.95,8.02,0
2014,12,15,Clear,55.99,5.68,0
2014,12,16,Clear,56.15,12.78,0
2014,12,17,Clear,56.27,13.37,0
2014,12,18,Clear,57.08,9.89,0
2014,12,19,Clear,57.85,7.42,0
2014,12,20,Clear,56.87,2.67,0
2014,12,21,Clear,56.66,5.26,0
2014,12,22,Clear,54.82,4.25,0
2014,12,23,Clear,54.68,3.37,0
2014,13,0,Clear,53.68,2.76,0
2014,13,1,Clear,52.54,1.49,0
2014,13,2,Clear,51.7,1.37,0
2014,13,3,Clear,49.74,2.64,0
2014,13,4,Clear,48.58,1.07,0
2014,13,5,Clear,47.62,1.83,0
2014,13,6,Clear,46.76,2.21,0
2014,13,7,Clear,46.71,11,0
2014,13,8,Clear,47.86,2.21,0
2014,13,9,Clear,49.81,5.19,0
2014,13,10,Clear,52.96,5.22,0
2014,13,11,Clear,55.92,5.17,0
2014,13,12,Clear,57.94,7.53,0
2014,13,13,Clear,59.96,9.83,0
2014,13,14,Clear,61.93,8.81,0
2014,13,15,Clear,63.75,7.28,0
2014,13,16,Clear,62.17,12.76,0
2014,13,17,Clear,64.8,8.57,0
2014,13,18,Clear,65.66,8.54,0
2014,13,19,Clear,65.46,5.84,0
2014,13,20,Clear,60.82,5.7,0
2014,13,21,Clear,57.07,5.53,0
2014,13,22,Clear,55.1,3.17,0
2014,13,23,Clear,54.02,6.66,0
2014,14,0,Clear,52.82,1.01,0
2014,14,1,Clear,51.73,7,0
2014,14,2,Clear,50.67,1.59,0
2014,14,3,Clear,49.53,6,0
2014,14,4,Clear,47.8,1.76,0
2014,14,5,Clear,46.8,9,0
2014,14,6,Clear,46.71,1.85,0
2014,14,7,Clear,46.35,1.43,0
2014,14,8,Clear,47.83,3.75,0
2014,14,9,Clear,48.41,1.6,0
2014,14,10,Clear,50.68,5,0
2014,14,11,Clear,52.01,1.79,0
2014,14,12,Clear,55.77,2.49,0
2014,14,13,Clear,57.98,5.19,0
2014,14,14,Clear,59.66,4.6,0
2014,14,15,Clear,66.59,3.91,0
2014,14,16,Clear,64.86,5.17,0
2014,14,17,Clear,63.75,8.05,0
2014,14,18,Clear,63.46,3.18,0
2014,14,19,Clear,61.47,3.74,0
2014,14,20,Clear,56.79,5.88,0
2014,14,21,Clear,54.9,5.18,0
2014,14,22,Clear,53.11,5.45,0
2014,14,23,Clear,52.95,6.48,0
2014,15,0,Clear,52.05,6.04,0
2014,15,1,Clear,51.05,3.11,0
2014,15,2,Clear,50.9,5.51,0
2014,15,3,Clear,49,4.82,0
2014,15,4,Clear,48.06,3.44,0
2014,15,5,Clear,48.02,6.07,0
2014,15,6,Clear,47.98,5.08,0
2014,15,7,Clear,47.91,5.02,0
2014,15,8,Clear,49.01,5.44,0
2014,15,9,Clear,49.91,5.37,0
2014,15,10,Clear,50.91,7.54,0
2014,15,11,Clear,52.8,6.66,0
2014,15,12,Clear,53.9,9.39,0
2014,15,13,Clear,55.94,8.71,0
2014,15,14,Clear,57,7.27,0
2014,15,15,Clear,59.68,2.79,0
2014,15,16,Clear,57.89,6.78,0
2014,15,17,Clear,57.1,8.24,0
2014,15,18,Clear,56.09,6.88,0
2014,15,19,Clear,54.15,10.89,0
2014,15,20,Clear,53.05,9.25,0
2014,15,21,Clear,52.21,14.66,0
2014,15,22,Drizzle,51.15,8.35,0.0064
2014,15,23,Clear,51.05,5.9,0
2014,16,0,Clear,51.05,5.82,0
2014,16,1,Clear,51.01,8.15,0
2014,16,2,Light Rain,50.07,9.62,0.01
2014,16,3,Light Rain,50.01,7.97,0.0136
2014,16,4,Light Rain,49.13,8,0.0391
2014,16,5,Light Rain,49.13,5.91,0.0291
2014,16,6,Clear,49.2,6.91,0.0036
2014,16,7,Light Rain,49.07,7.06,0.01
2014,16,8,Light Rain,49.13,7.29,0.0264
2014,16,9,Light Rain,50.01,4.89,0.02
2014,16,10,Light Rain,51.01,10.56,0.0136
2014,16,11,Light Rain,51.01,7.35,0.0236
2014,16,12,Clear,52.08,9.33,0
2014,16,13,Drizzle,52.08,7.97,0.0073
2014,16,14,Light Rain,52.02,7.87,0.0136
2014,16,15,Light Rain,52.11,6.8,0.01
2014,16,16,Light Rain,52.89,8.32,0.0264
2014,16,17,Light Rain,52.91,6.69,0.03
2014,16,18,Light Rain,52.91,7.41,0.0373
2014,16,19,Light Rain,52.91,8.16,0.0336
2014,16,20,Light Rain,52.97,9.19,0.01
2014,16,21,Clear,52.97,6.55,0.0036
2014,16,22,Clear,52.97,6.6,0.0036
2014,16,23,Light Rain,51.97,8.34,0.0336
2014,17,0,Light Rain,51.97,6.83,0.0173
2014,17,1,Light Rain,51.03,9.55,0.0136
2014,17,2,Clear,51.97,6.97,0.0036
2014,17,3,Clear,51.97,8.39,0
2014,17,4,Light Rain,51.91,7.83,0.01
2014,17,5,Light Rain,51.08,3.65,0.01
2014,17,6,Light Rain,51.08,6.38,0.0164
2014,17,7,Light Rain,51.91,6.5,0.0164
2014,17,8,Light Rain,51.98,3.92,0.01
2014,17,9,Light Rain,52.02,7.11,0.02
2014,17,10,Clear,53.02,8.7,0
2014,17,11,Light Rain,53.02,4.87,0.01
2014,17,12,Rain,52.15,7.37,0.0564
2014,17,13,Light Rain,52.22,7.39,0.0518
2014,17,14,Light Rain,53.06,6.09,0.0136
2014,17,15,Light Rain,53.12,9.74,0.01
2014,17,16,Drizzle,53.06,11,0.0064
2014,17,17,Light Rain,52.86,8.86,0.0436
2014,17,18,Rain,52.01,11.22,0.0918
2014,17,19,Light Rain,51.97,7.39,0.0382
2014,17,20,Rain,50.9,7.62,0.1882
2014,17,21,Clear,49.13,9.37,0
2014,17,22,Clear,47.89,7.91,0
2014,17,23,Clear,47.06,3.95,0
2014,18,0,Clear,46.22,6.54,0
2014,18,1,Clear,46.95,5,0
2014,18,2,Clear,45.98,3.85,0
2014,18,3,Clear,45.89,5.49,0
2014,18,4,Clear,45.05,6.17,0
2014,18,5,Clear,44.89,6.45,0
2014,18,6,Clear,44,2.83,0
2014,18,7,Clear,44.1,6.97,0
2014,18,8,Clear,45.89,8.05,0
2014,18,9,Clear,47.02,7.04,0
2014,18,10,Clear,48.09,6.45,0
2014,18,11,Clear,50.08,5.28,0
2014,18,12,Clear,52.12,3.15,0
2014,18,13,Clear,54.76,4.99,0
2014,18,14,Clear,52.31,1.24,0
2014,18,15,Clear,54.93,1.33,0
2014,18,16,Clear,54.98,5.55,0
2014,18,17,Clear,54.36,8.43,0
2014,18,18,Clear,53.61,5.41,0
2014,18,19,Clear,54.17,4.38,0
2014,18,20,Clear,54.74,6.28,0
2014,18,21,Clear,54.48,4.8,0
2014,18,22,Clear,52.73,5.1,0
2014,18,23,Clear,52.61,2.31,0
2014,19,0,Clear,50.63,1.98,0
2014,19,1,Clear,48.73,4.66,0
2014,19,2,Clear,47.56,1.78,0
2014,19,3,Clear,46.67,,0
2014,19,4,Clear,46.63,2,0
2014,19,5,Clear,45.73,5,0
2014,19,6,Clear,45.69,1.88,0
2014,19,7,Clear,45.78,3.51,0
2014,19,8,Clear,47.73,3.47,0
2014,19,9,Clear,48.97,7.09,0
2014,19,10,Clear,49.36,9.04,0
2014,19,11,Drizzle,50.22,16.89,0.0064
2014,19,12,Rain,47.17,8.18,0.1209
2014,19,13,Rain,47.97,9.43,0.0973
2014,19,14,Light Rain,49.08,8.35,0.0136
2014,19,15,Light Rain,51.02,12.71,0.0173
2014,19,16,Clear,53.06,7.57,0
2014,19,17,Light Rain,52.14,14.64,0.0464
2014,19,18,Light Rain,51.13,13.77,0.0182
2014,19,19,Breezy,51.17,20.73,0
2014,19,20,Clear,50.01,11.07,0
2014,19,21,Clear,49.97,8.54,0
2014,19,22,Clear,48.96,13.83,0
2014,19,23,Drizzle,48.93,10.36,0.0073
2014,20,0,Clear,48.13,7.28,0
2014,20,1,Clear,48.93,9.68,0
2014,20,2,Clear,48.93,5.67,0
2014,20,3,Clear,48.79,6.18,0
2014,20,4,Clear,47.85,6.38,0
2014,20,5,Clear,45.98,7.21,0
2014,20,6,Clear,45.98,5.99,0
2014,20,7,Clear,45.92,7.34,0
2014,20,8,Clear,46.99,3.85,0
2014,20,9,Clear,49.88,8.16,0
2014,20,10,Clear,52.9,9.03,0
2014,20,11,Clear,54.85,3.75,0
2014,20,12,Clear,55.94,5.02,0
2014,20,13,Clear,56.94,1.94,0
2014,20,14,Clear,56.14,4.63,0
2014,20,15,Clear,56.38,2.55,0
2014,20,16,Clear,56.5,2.59,0
2014,20,17,Clear,58.25,1.79,0
2014,20,18,Clear,60.79,5.79,0
2014,20,19,Clear,59.05,2.99,0
2014,20,20,Clear,56.22,3,0
2014,20,21,Clear,53.41,2,0
2014,20,22,Clear,53.07,1.75,0
2014,20,23,Clear,53.62,1.46,0
2014,21,0,Clear,53.34,1.57,0
2014,21,1,Clear,51.74,5.17,0
2014,21,2,Clear,50.84,5.16,0
2014,21,3,Clear,49.86,5.11,0
2014,21,4,Clear,49.76,3.53,0
2014,21,5,Clear,49,5.12,0
2014,21,6,Clear,48.92,3.6,0
2014,21,7,Clear,49.77,4.59,0
2014,21,8,Clear,49.76,5.04,0
2014,21,9,Clear,52.81,6.04,0
2014,21,10,Clear,53.8,3.51,0
2014,21,11,Clear,54.86,1.71,0
2014,21,12,Clear,56.08,0.67,0
2014,21,13,Clear,57.77,2.56,0
2014,21,14,Clear,57.19,3.19,0
2014,21,15,Clear,55.65,9.29,0
2014,21,16,Clear,59.92,2.99,0
2014,21,17,Clear,58.05,9.34,0
2014,21,18,Clear,56.08,9.74,0
2014,21,19,Clear,53.04,14.06,0
2014,21,20,Clear,51.16,8.67,0
2014,21,21,Light Rain,50.86,4.12,0.02
2014,21,22,Rain,48.89,2.16,0.06
2014,21,23,Light Rain,48.91,5.04,0.0164
2014,22,0,Light Rain,47,6.77,0.0291
2014,22,1,Clear,46.91,5.4,0
2014,22,2,Light Rain,46.86,2.79,0.02
2014,22,3,Light Rain,45.86,1.32,0.0382
2014,22,4,Light Rain,44.95,14,0.0464
2014,22,5,Light Rain,44.97,7.84,0.0255
2014,22,6,Rain,43.91,1.76,0.0564
2014,22,7,Light Rain,42.92,4.7,0.0264
2014,22,8,Light Rain,42.08,6.7,0.0391
2014,22,9,Clear,42.26,9.87,0.0036
2014,22,10,Clear,44.2,8.72,0
2014,22,11,Clear,48.08,7.92,0
2014,22,12,Clear,49.25,5.9,0
2014,22,13,Clear,52.96,9.28,0
2014,22,14,Clear,52.43,16.04,0
2014,22,15,Light Rain,53.81,7.24,0.01
2014,22,16,Clear,53.09,10.2,0
2014,22,17,Clear,52.69,11.71,0
2014,22,18,Drizzle,49.99,7.1,0.0064
2014,22,19,Clear,49.85,8.43,0
2014,22,20,Light Rain,47.87,9.04,0.0491
2014,22,21,Rain,47.07,8.29,0.0727
2014,22,22,Light Rain,47.03,6.93,0.0173
2014,22,23,Rain,46.07,4.38,0.07
2014,23,0,Clear,46.07,8.79,0.0036
2014,23,1,Clear,46.07,7.03,0
2014,23,2,Drizzle,46.03,9.54,0.0064
2014,23,3,Clear,45.92,8.53,0
2014,23,4,Clear,45.12,7.8,0
2014,23,5,Clear,45.96,8.75,0
2014,23,6,Clear,45.06,8.24,0
2014,23,7,Clear,45.9,8.91,0.0036
2014,23,8,Clear,46.07,9.04,0
2014,23,9,Clear,47.95,8.72,0
2014,23,10,Clear,49.09,9.14,0
2014,23,11,Drizzle,49.93,8.03,0.0064
2014,23,12,Clear,50.09,7.34,0
2014,23,13,Clear,50.22,9.67,0
2014,23,14,Clear,52,9.48,0
2014,23,15,Clear,52.04,6,0
2014,23,16,Clear,52.87,4.07,0
2014,23,17,Clear,52.82,6.3,0.0036
2014,23,18,Light Rain,50.92,6.25,0.01
2014,23,19,Light Rain,50.86,6.52,0.01
2014,23,20,Light Rain,49.97,7.85,0.01
2014,23,21,Light Rain,49.91,5.75,0.02
2014,23,22,Light Rain,49.85,6.17,0.0227
2014,23,23,Rain,48.97,7.62,0.06
2014,24,0,Rain,49.97,10.5,0.07
2014,24,1,Light Rain,50.93,11.71,0.0173
2014,24,2,Light Rain,50.93,8.52,0.02
2014,24,3,Light Rain,50.93,9.4,0.0264
2014,24,4,Light Rain,51.83,8.67,0.01
2014,24,5,Light Rain,52.93,8.44,0.0445
2014,24,6,Rain,52.11,7.23,0.0691
2014,24,7,Light Rain,52.04,13.37,0.0355
2014,24,8,Drizzle,50.97,12.08,0.0064
2014,24,9,Clear,52.11,14.51,0
2014,24,10,Clear,53.96,11.55,0
2014,24,11,Clear,53.95,10.54,0
2014,24,12,Clear,52.67,10.69,0
2014,24,13,Light Rain,51.25,9.88,0.0191
2014,24,14,Drizzle,51.19,15.83,0.0064
2014,24,15,Clear,54.16,13.93,0
2014,24,16,Light Rain,54.02,11.08,0.01
2014,24,17,Clear,55.06,9.71,0
2014,24,18,Clear,53.32,13.47,0
2014,24,19,Clear,52.18,15.36,0
2014,24,20,Clear,51.07,10.54,0
2014,24,21,Clear,49.9,5.67,0
2014,24,22,Clear,48.93,6.47,0
2014,24,23,Clear,48.9,6.53,0
2014,25,0,Clear,48.03,7.35,0
2014,25,1,Clear,47.86,5.56,0
2014,25,2,Clear,46.79,5.05,0
2014,25,3,Clear,45.92,5.94,0
2014,25,4,Clear,45.92,4.93,0
2014,25,5,Clear,45.09,2.1,0
2014,25,6,Clear,44.96,1.19,0
2014,25,7,Clear,45.07,5.68,0
2014,25,8,Clear,46.08,2.01,0
2014,25,9,Clear,47.22,3.88,0
2014,25,10,Clear,48.27,3.98,0
2014,25,11,Clear,49.24,2.54,0
2014,25,12,Clear,51.37,4.79,0
2014,25,13,Light Rain,53.97,2.96,0.0318
2014,25,14,Clear,53.2,7.25,0
2014,25,15,Clear,54.95,7.33,0
2014,25,16,Clear,53.47,9.07,0
2014,25,17,Clear,55.15,9.06,0
2014,25,18,Clear,55.04,13.37,0
2014,25,19,Clear,53.02,6.94,0
2014,25,20,Clear,52.82,6.21,0
2014,25,21,Clear,50.95,6.4,0
2014,25,22,Clear,50.88,5,0
2014,25,23,Clear,50.82,1.91,0
2014,26,0,Clear,49.82,2.23,0
2014,26,1,Clear,48.94,4.76,0
2014,26,2,Clear,47.93,5.55,0
2014,26,3,Clear,47.87,5.99,0
2014,26,4,Clear,46.9,5.19,0
2014,26,5,Clear,46.05,3.84,0
2014,26,6,Clear,45.78,2.34,0
2014,26,7,Clear,44.85,3.66,0
2014,26,8,Clear,46.06,4.09,0
2014,26,9,Clear,47.25,5.82,0
2014,26,10,Clear,49.89,6.61,0
2014,26,11,Clear,50.32,10.92,0
2014,26,12,Clear,53.06,8.47,0
2014,26,13,Clear,54.06,10.99,0
2014,26,14,Clear,55.87,8.24,0
2014,26,15,Clear,56,4.13,0
2014,26,16,Clear,57.85,7.23,0
2014,26,17,Clear,56.97,7.34,0
2014,26,18,Clear,55.13,13.21,0
2014,26,19,Clear,50.21,10.84,0
2014,26,20,Clear,50.08,5.7,0
2014,26,21,Light Rain,48.11,6.26,0.0264
2014,26,22,Light Rain,48.86,5.12,0.0436
2014,26,23,Rain,47.17,10.44,0.0927
2014,27,0,Drizzle,48.01,6.42,0.0064
2014,27,1,Clear,48.01,10.34,0
2014,27,2,Clear,47.07,7.17,0
2014,27,3,Clear,47.01,8.82,0
2014,27,4,Clear,46.94,10.85,0
2014,27,5,Clear,46.9,11.49,0
2014,27,6,Drizzle,46.03,8.71,0.0073
2014,27,7,Clear,46.01,9.52,0
2014,27,8,Clear,47.01,10.89,0
2014,27,9,Clear,48.08,13.65,0
2014,27,10,Clear,48.15,11.45,0
2014,27,11,Clear,48.99,7.18,0
2014,27,12,Light Rain,48.71,12.42,0.04
2014,27,13,Clear,50.02,16.74,0
2014,27,14,Clear,52.03,13.39,0
2014,27,15,Clear,50.86,5.13,0
2014,27,16,Clear,51.96,8.33,0.0036
2014,27,17,Clear,52.81,10.92,0
2014,27,18,Clear,51.02,11.14,0
2014,27,19,Clear,50.86,7.08,0
2014,27,20,Clear,50.86,7.13,0
2014,27,21,Clear,49.85,2.56,0
2014,27,22,Clear,48.97,9.33,0
2014,27,23,Clear,47.97,6.48,0
2014,28,0,Clear,46.97,5.46,0
2014,28,1,Clear,46.78,7.97,0
2014,28,2,Clear,45.9,5.46,0
2014,28,3,Clear,45.78,5.83,0
2014,28,4,Clear,45.67,5.34,0
2014,28,5,Clear,44.75,3.66,0
2014,28,6,Clear,43.81,3.31,0
2014,28,7,Clear,44.92,4.6,0
2014,28,8,Clear,46.88,5.88,0
2014,28,9,Clear,48.08,3.34,0
2014,28,10,Clear,50,2.38,0
2014,28,11,Clear,52.95,4.91,0
2014,28,12,Clear,51.55,5.46,0
2014,28,13,Clear,53.44,4.41,0
2014,28,14,Clear,55.35,3.77,0
2014,28,15,Clear,56.33,4.63,0
2014,28,16,Clear,57.44,6.47,0
2014,28,17,Clear,57.61,6.64,0
2014,28,18,Clear,59.28,5.68,0
2014,28,19,Clear,58.25,5.7,0
2014,28,20,Clear,57.19,2,0
2014,28,21,Clear,55.05,3,0
2014,28,22,Clear,52.34,2.62,0
2014,28,23,Clear,56.27,2.03,0
2014,29,0,Clear,50.77,0.93,0
2014,29,1,Clear,52.56,1.04,0
2014,29,2,Clear,51.69,2.68,0
2014,29,3,Clear,49.3,0.88,0
2014,29,4,Clear,48.99,2,0
2014,29,5,Clear,48.94,,0
2014,29,6,Clear,48.88,,0
2014,29,7,Clear,49.07,1,0
2014,29,8,Clear,50.26,1.22,0
2014,29,9,Clear,54.11,3.15,0
2014,29,10,Clear,57.09,5.56,0
2014,29,11,Clear,54.18,4.91,0
2014,29,12,Clear,57.94,3.38,0
2014,29,13,Clear,61.71,5.81,0
2014,29,14,Clear,64.55,1.72,0
2014,29,15,Clear,64.83,4.94,0
2014,29,16,Clear,68.27,11.69,0
2014,29,17,Clear,69.95,11.94,0
2014,29,18,Clear,72.66,1.04,0
2014,29,19,Dry,75.29,5.39,0
2014,29,20,Clear,73.15,5.03,0
2014,29,21,Clear,71.02,6.11,0
2014,29,22,Clear,60.63,5.81,0
2014,29,23,Clear,58.4,2.25,0
2014,30,0,Clear,56.45,4.89,0
2014,30,1,Clear,55.97,6.29,0
2014,30,2,Clear,53.21,6.07,0
2014,30,3,Clear,53.01,0.47,0
2014,30,4,Clear,53.05,1.13,0
2014,30,5,Clear,51.14,2.06,0
2014,30,6,Clear,51.23,0.88,0
2014,30,7,Clear,52.05,0.73,0
2014,30,8,Clear,53.29,1.07,0
2014,30,9,Clear,55.34,6.37,0
2014,30,10,Clear,60.73,7.99,0
2014,30,11,Clear,64.67,6.96,0
2014,30,12,Clear,67.13,7.55,0
2014,30,13,Clear,67.45,10.34,0
2014,30,14,Clear,68.73,13.39,0
2014,30,15,Clear,70.58,5.75,0
2014,30,16,Clear,74.7,8.65,0
2014,30,17,Clear,78.23,8.18,0
2014,30,18,Clear,76.22,9.97,0
2014,30,19,Clear,74.27,6.05,0
2014,30,20,Clear,72.33,5.13,0
2014,30,21,Clear,69.47,5.15,0
2014,30,22,Clear,68.4,6.22,0
2014,30,23,Clear,67.12,6.06,0
2015,1,0,Clear,44.15,8.02,0
2015,1,1,Clear,44.03,5.1,0
2015,1,2,Clear,45.08,1.42,0
2015,1,3,Clear,45.08,5.35,0
2015,1,4,Partly Cloudy,44.9,2.59,0
2015,1,5,Clear,44.91,5.01,0
2015,1,6,Clear,44.97,2.68,0
2015,1,7,Clear,44.91,5.92,0
2015,1,8,Clear,44.95,6.15,0
2015,1,9,Clear,45.02,3.4,0
2015,1,10,Clear,46.11,6.08,0
2015,1,11,Clear,48.96,3.5,0
2015,1,12,Clear,50.16,5.8,0
2015,1,13,Partly Cloudy,52.88,2.29,0
2015,1,14,Clear,51.46,3.87,0
2015,1,15,Clear,52.06,3.45,0
2015,1,16,Rain,50.8,3.82,0.0654
2015,1,17,Rain,49.81,6.48,0.0654
2015,1,18,Partly Cloudy,49.81,8.56,0
2015,1,19,Clear,48.93,7.09,0
2015,1,20,Clear,47.88,8.53,0
2015,1,21,Light Rain,47.03,5.03,0.0355
2015,1,22,Partly Cloudy,46.99,2.76,0
2015,1,23,Clear,45.96,4.62,0
2015,2,0,Clear,45.86,2.87,0
2015,2,1,Clear,44.98,2.85,0
2015,2,2,Clear,44.98,3.01,0
2015,2,3,Clear,44.05,4.83,0
2015,2,4,Partly Cloudy,44.01,1.44,0
2015,2,5,Clear,44.09,2.29,0
2015,2,6,Clear,44.97,2.17,0
2015,2,7,Clear,44.92,3.04,0
2015,2,8,Clear,44.96,3.12,0
2015,2,9,Clear,44.18,3.28,0
2015,2,10,Clear,46.11,1.68,0.0036
2015,2,11,Clear,47.28,4.65,0
2015,2,12,Partly Cloudy,49.19,5.96,0
2015,2,13,Clear,51.94,4.43,0
2015,2,14,Clear,53.82,4.45,0
2015,2,15,Partly Cloudy,54.1,1.69,0
2015,2,16,Partly Cloudy,55.9,6.35,0
2015,2,17,Clear,55.75,5.7,0
2015,2,18,Clear,56,5.36,0
2015,2,19,Clear,54.99,8.68,0
2015,2,20,Clear,53.08,2.96,0
2015,2,21,Partly Cloudy,52.01,5.86,0
2015,2,22,Clear,51.9,3.32,0
2015,2,23,Clear,50.87,3.6,0
2015,3,0,Partly Cloudy,50.76,6.2,0
2015,3,1,Clear,49.76,5.43,0
2015,3,2,Partly Cloudy,48.92,6.22,0
2015,3,3,Clear,47.95,5.71,0
2015,3,4,Clear,46.89,5.24,0
2015,3,5,Clear,45.91,3.49,0
2015,3,6,Partly Cloudy,45.72,4.96,0
2015,3,7,Clear,45.74,5.1,0
2015,3,8,Clear,45.76,5.99,0
2015,3,9,Partly Cloudy,46.87,5.43,0
2015,3,10,Clear,48.95,2.99,0
2015,3,11,Partly Cloudy,51,5.56,0
2015,3,12,Light Rain,48.09,13.8,0.0127
2015,3,13,Light Rain,47.11,11.42,0.0291
2015,3,14,Light Rain,46.36,7.9,0.0173
2015,3,15,Clear,49.12,10.54,0
2015,3,16,Partly Cloudy,51.12,10.32,0
2015,3,17,Partly Cloudy,52.89,14.27,0
2015,3,18,Clear,50.95,11.44,0
2015,3,19,Clear,50.11,6.68,0
2015,3,20,Clear,49.84,5.39,0
2015,3,21,Partly Cloudy,47.72,6.09,0
2015,3,22,Partly Cloudy,45.89,2.93,0
2015,3,23,Clear,45.02,6.1,0
2015,4,0,Clear,45.65,2.31,0
2015,4,1,Clear,44.67,3.13,0
2015,4,2,Clear,43.78,2.47,0
2015,4,3,Partly Cloudy,42.89,5.01,0
2015,4,4,Clear,42.87,3.64,0
2015,4,5,Clear,42.81,7.68,0
2015,4,6,Clear,41.72,3.51,0
2015,4,7,Clear,41.75,4.98,0
2015,4,8,Partly Cloudy,42.85,5.29,0
2015,4,9,Clear,43.03,6.33,0
2015,4,10,Partly Cloudy,46.78,5.44,0
2015,4,11,Clear,49.03,2.35,0
2015,4,12,Clear,50.9,8.04,0
2015,4,13,Partly Cloudy,52,8.12,0
2015,4,14,Partly Cloudy,53.84,7.03,0
2015,4,15,Partly Cloudy,54.1,2.93,0
2015,4,16,Clear,54.2,5.79,0
2015,4,17,Clear,55.12,4.73,0
2015,4,18,Clear,56.73,4.21,0
2015,4,19,Clear,54.95,5.73,0
2015,4,20,Clear,52.98,2.04,0
2015,4,21,Partly Cloudy,50.86,,0
2015,4,22,Partly Cloudy,50.75,4.66,0
2015,4,23,Partly Cloudy,49.84,2,0
2015,5,0,Clear,48.53,4.9,0
2015,5,1,Clear,47.53,3.14,0
2015,5,2,Clear,45.74,4.53,0
2015,5,3,Clear,43.81,2.96,0
2015,5,4,Clear,42.84,1.99,0
2015,5,5,Clear,41.78,3.09,0
2015,5,6,Clear,41.74,2.93,0
2015,5,7,Clear,41.57,1.81,0
2015,5,8,Partly Cloudy,42.57,2,0
2015,5,9,Partly Cloudy,42.95,1.43,0
2015,5,10,Clear,45.09,1.14,0
2015,5,11,Clear,47.14,5.12,0
2015,5,12,Clear,49.23,8.67,0
2015,5,13,Clear,50.37,10.69,0
2015,5,14,Partly Cloudy,52.41,10.21,0
2015,5,15,Clear,55.28,5.77,0
2015,5,16,Clear,57.81,5.43,0.0036
2015,5,17,Partly Cloudy,58.73,3.65,0.0036
2015,5,18,Clear,58.8,5.26,0
2015,5,19,Clear,56.2,6.95,0
2015,5,20,Clear,54.97,5.17,0
2015,5,21,Clear,52.91,7.08,0
2015,5,22,Clear,51.02,2.76,0
2015,5,23,Clear,50.84,1.28,0
2015,6,0,Clear,49.87,5.55,0
2015,6,1,Clear,48.99,3.39,0
2015,6,2,Partly Cloudy,48.66,3.26,0
2015,6,3,Clear,47.98,3.42,0
2015,6,4,Clear,47.13,5.59,0
2015,6,5,Clear,47.01,7.22,0
2015,6,6,Clear,46.97,5.75,0
2015,6,7,Clear,46.97,8.64,0
2015,6,8,Clear,46.08,9.29,0
2015,6,9,Clear,46.97,10.31,0
2015,6,10,Clear,46.97,8.4,0
2015,6,11,Clear,48.04,6.7,0
2015,6,12,Clear,48.98,8.05,0
2015,6,13,Clear,51.92,1.37,0
2015,6,14,Partly Cloudy,53.86,6.06,0
2015,6,15,Clear,54.02,3.63,0
2015,6,16,Partly Cloudy,56,4.38,0
2015,6,17,Partly Cloudy,56.03,2.69,0
2015,6,18,Clear,55.13,4.92,0
2015,6,19,Clear,54.13,5.92,0
2015,6,20,Clear,54.76,2.62,0
2015,6,21,Clear,53.68,7.46,0
2015,6,22,Clear,52.73,6.02,0
2015,6,23,Clear,51.71,2.89,0
2015,7,0,Clear,49.59,5.65,0
2015,7,1,Clear,48.93,2.99,0
2015,7,2,Clear,47.92,4.4,0
2015,7,3,Clear,47.83,3.39,0
2015,7,4,Clear,46.99,5.96,0
2015,7,5,Clear,46.99,4.13,0
2015,7,6,Clear,46.99,2.11,0
2015,7,7,Clear,46.95,5.78,0
2015,7,8,Clear,47.35,3.71,0
2015,7,9,Clear,48,6.17,0
2015,7,10,Clear,48.88,1.62,0
2015,7,11,Clear,49,6.16,0
2015,7,12,Clear,50.05,6.26,0
2015,7,13,Light Rain,50.98,5.47,0.01
2015,7,14,Clear,52.93,7.39,0
2015,7,15,Clear,54.87,8.32,0
2015,7,16,Clear,54.2,9.74,0
2015,7,17,Partly Cloudy,55.97,7.84,0
2015,7,18,Clear,55,9.37,0
2015,7,19,Partly Cloudy,55.06,6.41,0
2015,7,20,Clear,54.03,3.07,0
2015,7,21,Clear,53.92,3.34,0
2015,7,22,Clear,53.76,4.92,0
2015,7,23,Clear,52.79,3.22,0
2015,8,0,Partly Cloudy,50.9,2.24,0
2015,8,1,Clear,48.97,5,0
2015,8,2,Partly Cloudy,48.8,3,0
2015,8,3,Clear,47.8,2,0
2015,8,4,Clear,46.76,3,0
2015,8,5,Clear,46.82,1.75,0
2015,8,6,Clear,46.83,2,0
2015,8,7,Clear,46.9,3.52,0
2015,8,8,Clear,47.9,5.58,0
2015,8,9,Clear,48.93,4.87,0
2015,8,10,Clear,52.6,1.73,0
2015,8,11,Clear,52.29,0.88,0
2015,8,12,Clear,55.04,4.11,0
2015,8,13,Clear,56.94,1.96,0
2015,8,14,Clear,61.62,4.92,0
2015,8,15,Clear,60.03,2.89,0
2015,8,16,Clear,59.16,4.75,0
2015,8,17,Partly Cloudy,58.28,10.91,0
2015,8,18,Clear,57.32,7.49,0
2015,8,19,Clear,57.2,1.75,0
2015,8,20,Clear,55.95,6.23,0
2015,8,21,Clear,55.58,5.31,0
2015,8,22,Clear,54.64,5.74,0
2015,8,23,Clear,52.57,3.58,0
2015,9,0,Clear,50.83,4.85,0
2015,9,1,Clear,50.49,2.6,0
2015,9,2,Clear,49.56,5.14,0
2015,9,3,Clear,47.72,5.19,0
2015,9,4,Clear,46.75,5.31,0
2015,9,5,Clear,46.78,5.08,0
2015,9,6,Clear,45.76,2.39,0
2015,9,7,Clear,45.68,4.18,0
2015,9,8,Clear,46.82,3.13,0
2015,9,9,Clear,47.9,2.7,0
2015,9,10,Clear,47.43,6.02,0
2015,9,11,Clear,47.68,3.32,0
2015,9,12,Clear,49.91,5.65,0
2015,9,13,Clear,52.81,5.12,0
2015,9,14,Clear,53.86,3.71,0
2015,9,15,Clear,59.23,1.2,0
2015,9,16,Clear,61.9,1.72,0
2015,9,17,Clear,64.35,0.81,0
2015,9,18,Clear,61.81,4.64,0
2015,9,19,Clear,61.61,12.96,0
2015,9,20,Clear,58.93,8.09,0
2015,9,21,Clear,57.76,6.34,0
2015,9,22,Clear,56.84,3.42,0
2015,9,23,Clear,55.66,2.68,0
2015,10,0,Clear,53.65,1.77,0
2015,10,1,Clear,50.93,4.36,0
2015,10,2,Clear,50.84,1.75,0
2015,10,3,Clear,51.64,2.72,0
2015,10,4,Clear,50.51,5.12,0
2015,10,5,Clear,49.73,3.51,0
2015,10,6,Clear,49.76,6.67,0
2015,10,7,Clear,49.73,6.42,0
2015,10,8,Clear,49.83,6.49,0
2015,10,9,Clear,52.82,7.41,0
2015,10,10,Clear,52.96,8.77,0
2015,10,11,Clear,53.96,5.83,0
2015,10,12,Clear,54.16,10.3,0
2015,10,13,Clear,55.16,8.83,0
2015,10,14,Clear,56.16,9.51,0
2015,10,15,Clear,57,10.61,0
2015,10,16,Clear,52.36,13.27,0
2015,10,17,Drizzle,51.15,10.54,0.0064
2015,10,18,Light Rain,51.11,10.23,0.0391
2015,10,19,Light Rain,51.91,8.99,0.04
2015,10,20,Light Rain,50.84,8.32,0.0455
2015,10,21,Rain,49.2,8.35,0.1282
2015,10,22,Rain,49.97,8.58,0.07
2015,10,23,Light Rain,49.97,11.04,0.0345
2015,11,0,Light Rain,50,10.8,0.0136
2015,11,1,Light Rain,47.08,9.01,0.0273
2015,11,2,Drizzle,47.01,2.43,0.0073
2015,11,3,Clear,46.93,5.15,0
2015,11,4,Partly Cloudy,45.9,5.16,0
2015,11,5,Clear,45.01,4.02,0
2015,11,6,Partly Cloudy,44.88,3.8,0
2015,11,7,Partly Cloudy,45.74,10.77,0
2015,11,8,Clear,46.04,14.05,0
2015,11,9,Clear,45.97,6.55,0
2015,11,10,Partly Cloudy,49.02,8.76,0
2015,11,11,Clear,50.22,7.04,0
2015,11,12,Partly Cloudy,51.25,10.81,0
2015,11,13,Partly Cloudy,51.24,14.28,0
2015,11,14,Clear,49.05,10.89,0
2015,11,15,Clear,51.01,7.58,0.0036
2015,11,16,Clear,48.4,14.2,0
2015,11,17,Clear,49.06,10.98,0
2015,11,18,Clear,49.08,5.1,0
2015,11,19,Clear,49.22,4.87,0
2015,11,20,Partly Cloudy,48.11,6.13,0
2015,11,21,Partly Cloudy,47.94,5.03,0
2015,11,22,Partly Cloudy,47.08,3.38,0
2015,11,23,Clear,46.97,10.72,0
2015,12,0,Clear,46.04,3.57,0
2015,12,1,Partly Cloudy,45.91,9.68,0
2015,12,2,Clear,45.01,6.24,0
2015,12,3,Clear,45.01,6.47,0
2015,12,4,Partly Cloudy,45.01,3.79,0
2015,12,5,Clear,45.01,3.66,0
2015,12,6,Clear,45.08,2.66,0
2015,12,7,Clear,45.01,5.18,0
2015,12,8,Partly Cloudy,45.08,6.07,0
2015,12,9,Partly Cloudy,46.16,5.67,0
2015,12,10,Partly Cloudy,48.92,2.71,0
2015,12,11,Clear,49.99,3.03,0
2015,12,12,Partly Cloudy,50.22,7.54,0
2015,12,13,Partly Cloudy,52.97,5.66,0
2015,12,14,Partly Cloudy,54.06,8.26,0
2015,12,15,Partly Cloudy,54.14,8.47,0
2015,12,16,Clear,55,9.78,0
2015,12,17,Clear,54.06,8.81,0
2015,12,18,Clear,53.25,7.86,0
2015,12,19,Clear,53.06,4.99,0
2015,12,20,Clear,52.05,2.12,0
2015,12,21,Partly Cloudy,52.85,2.18,0
2015,12,22,Partly Cloudy,52.84,2.7,0
2015,12,23,Clear,52.62,1.17,0
2015,13,0,Clear,50.82,0.73,0
2015,13,1,Clear,49.78,6,0
2015,13,2,Clear,48.67,4.45,0
2015,13,3,Clear,47.7,1,0
2015,13,4,Clear,46.69,2,0
2015,13,5,Partly Cloudy,46.69,3.19,0
2015,13,6,Clear,46.73,3.57,0
2015,13,7,Partly Cloudy,46.81,3.65,0
2015,13,8,Clear,47.76,3.9,0
2015,13,9,Clear,49.77,8.55,0
2015,13,10,Partly Cloudy,50.02,6.19,0
2015,13,11,Clear,51.09,3.14,0
2015,13,12,Clear,51.1,6.15,0
2015,13,13,Clear,49.27,3.31,0
2015,13,14,Light Rain,50.08,5.89,0.0227
2015,13,15,Light Rain,50.13,3.45,0.0227
2015,13,16,Light Rain,49.79,4.18,0.0127
2015,13,17,Rain,45.05,10.53,0.0673
2015,13,18,Rain,43.14,11.14,0.0891
2015,13,19,Light Rain,42.92,0.5,0.0482
2015,13,20,Rain,42.02,3.05,0.0609
2015,13,21,Rain,42.13,6.08,0.0582
2015,13,22,Light Rain,42.09,7.36,0.0364
2015,13,23,Light Rain,41.19,7.28,0.0472
2015,14,0,Light Rain,41.13,6.66,0.04
2015,14,1,Clear,41.19,7.49,0.0036
2015,14,2,Clear,41.15,7,0.0036
2015,14,3,Clear,41.89,6.01,0
2015,14,4,Partly Cloudy,41.08,6.68,0
2015,14,5,Partly Cloudy,40.92,6.08,0
2015,14,6,Partly Cloudy,39.96,6.09,0
2015,14,7,Partly Cloudy,40.98,2.35,0
2015,14,8,Partly Cloudy,41.99,6.02,0
2015,14,9,Partly Cloudy,42.24,7.48,0
2015,14,10,Clear,44.08,5.41,0
2015,14,11,Clear,45.32,7.14,0
2015,14,12,Clear,49,3.65,0
2015,14,13,Partly Cloudy,50.16,7.61,0
2015,14,14,Clear,53.16,2.64,0
2015,14,15,Partly Cloudy,51.86,2.88,0
2015,14,16,Clear,48.02,5.54,0
2015,14,17,Light Rain,47.7,4.81,0.0164
2015,14,18,Light Rain,47.24,6.5,0.0236
2015,14,19,Light Rain,47.07,2.53,0.0136
2015,14,20,Light Rain,47.06,1.93,0.01
2015,14,21,Clear,46.09,4.63,0
2015,14,22,Partly Cloudy,45.76,3.05,0
2015,14,23,Clear,44.82,3.3,0
2015,15,0,Partly Cloudy,44.01,5.76,0
2015,15,1,Clear,43.99,6.09,0
2015,15,2,Clear,42.89,6.37,0
2015,15,3,Clear,41.89,6.81,0
2015,15,4,Clear,40.83,6.74,0
2015,15,5,Clear,40.55,3,0
2015,15,6,Clear,39.83,5.22,0
2015,15,7,Partly Cloudy,41.68,5.57,0
2015,15,8,Partly Cloudy,42.85,3.06,0
2015,15,9,Clear,43.24,2.49,0
2015,15,10,Clear,47,5.18,0
2015,15,11,Clear,48.16,4.53,0
2015,15,12,Clear,49.39,6.41,0
2015,15,13,Clear,51.09,4.61,0
2015,15,14,Clear,52.28,4.49,0
2015,15,15,Clear,53.44,4.83,0
2015,15,16,Clear,53.61,5.75,0
2015,15,17,Clear,54.26,5.66,0
2015,15,18,Clear,54.39,8.37,0
2015,15,19,Clear,55,8.46,0
2015,15,20,Clear,53.98,5.87,0
2015,15,21,Clear,52.86,5.8,0
2015,15,22,Clear,52.66,4.64,0
2015,15,23,Clear,49.53,6.28,0
2015,16,0,Clear,49.72,5.35,0
2015,16,1,Clear,48.65,6,0
2015,16,2,Clear,48.38,2.13,0
2015,16,3,Clear,47.45,3.24,0
2015,16,4,Clear,45.61,1.9,0
2015,16,5,Clear,44.55,2.88,0
2015,16,6,Clear,43.54,2.8,0
2015,16,7,Clear,43.53,2.81,0
2015,16,8,Clear,44.05,0.62,0
2015,16,9,Clear,45.26,6.87,0
2015,16,10,Clear,48.27,4.55,0
2015,16,11,Clear,51.25,7.44,0
2015,16,12,Clear,54.07,10.49,0
2015,16,13,Clear,56.09,8.36,0
2015,16,14,Clear,59,6.02,0
2015,16,15,Clear,59.16,2.48,0
2015,16,16,Clear,60,10.41,0
2015,16,17,Clear,60.15,11.01,0
2015,16,18,Clear,60.05,10.73,0
2015,16,19,Clear,59.89,7.7,0
2015,16,20,Clear,57.92,7.75,0
2015,16,21,Clear,56.84,1.67,0
2015,16,22,Clear,54.98,5.85,0
2015,16,23,Clear,53.95,4.54,0
2015,17,0,Clear,51.95,6.72,0
2015,17,1,Clear,50.93,4.96,0
2015,17,2,Clear,51.63,5.85,0
2015,17,3,Clear,49.73,3.13,0
2015,17,4,Clear,50.47,4.94,0
2015,17,5,Clear,49.46,6.06,0
2015,17,6,Clear,49.36,2.72,0
2015,17,7,Clear,48.77,3.01,0
2015,17,8,Clear,50.96,3.39,0
2015,17,9,Clear,53.75,2.29,0
2015,17,10,Clear,55.92,0.95,0
2015,17,11,Partly Cloudy,56.07,5.96,0
2015,17,12,Clear,56.33,8.69,0
2015,17,13,Clear,60.74,7.19,0
2015,17,14,Clear,62.03,5.04,0
2015,17,15,Clear,62.94,9.73,0
2015,17,16,Clear,62.98,8.42,0
2015,17,17,Clear,61.98,7.91,0
2015,17,18,Clear,62.64,5.92,0
2015,17,19,Clear,59.88,6.34,0
2015,17,20,Clear,57.89,6.62,0
2015,17,21,Clear,57.87,5.55,0
2015,17,22,Partly Cloudy,56.88,1.73,0
2015,17,23,Partly Cloudy,55.92,4.96,0
2015,18,0,Clear,55.65,2.51,0
2015,18,1,Clear,53.79,4.15,0
2015,18,2,Clear,52.74,1.52,0
2015,18,3,Clear,51.81,5,0
2015,18,4,Clear,50.72,5.69,0
2015,18,5,Clear,49.77,6.52,0
2015,18,6,Clear,50.76,2.67,0
2015,18,7,Clear,49.82,3.47,0
2015,18,8,Clear,51,5.36,0
2015,18,9,Clear,52.88,3.41,0
2015,18,10,Clear,54.09,6.23,0
2015,18,11,Clear,55.11,9.54,0
2015,18,12,Clear,55.37,6.96,0
2015,18,13,Clear,56.49,10.24,0
2015,18,14,Clear,60.01,6.49,0
2015,18,15,Clear,60.98,10.47,0
2015,18,16,Clear,61.82,9.04,0
2015,18,17,Clear,62.78,8.44,0
2015,18,18,Clear,62.02,9.79,0
2015,18,19,Clear,62.61,5.26,0
2015,18,20,Clear,60.56,4.97,0
2015,18,21,Clear,59.51,3.6,0
2015,18,22,Clear,57.77,2.35,0
2015,18,23,Clear,56.6,6,0
2015,19,0,Clear,55.53,1.04,0
2015,19,1,Clear,52.83,0.57,0
2015,19,2,Clear,52.69,1.27,0
2015,19,3,Clear,50.8,2.14,0
2015,19,4,Clear,51.36,1.98,0
2015,19,5,Clear,51.2,5,0
2015,19,6,Clear,46.59,5,0
2015,19,7,Clear,49.42,0.99,0
2015,19,8,Clear,49.86,1.79,0
2015,19,9,Clear,51.17,4.33,0
2015,19,10,Clear,52.45,4.17,0
2015,19,11,Clear,56.24,10.34,0
2015,19,12,Clear,59.06,7.91,0
2015,19,13,Clear,61.88,5.82,0
2015,19,14,Clear,62.92,8.04,0
2015,19,15,Clear,63.12,7.2,0
2015,19,16,Clear,61.44,13.14,0
2015,19,17,Clear,64.38,9.67,0
2015,19,18,Clear,63.96,11.91,0
2015,19,19,Clear,63.78,7.99,0
2015,19,20,Clear,62.56,2.79,0
2015,19,21,Clear,62.46,1.51,0
2015,19,22,Clear,58,0.75,0
2015,19,23,Clear,57.77,3,0
2015,20,0,Clear,54.14,5.22,0
2015,20,1,Clear,53.05,1.9,0
2015,20,2,Clear,52.07,0.78,0
2015,20,3,Clear,52.58,1.09,0
2015,20,4,Clear,52.41,0.83,0
2015,20,5,Clear,50.63,0.76,0
2015,20,6,Clear,49.73,1.85,0
2015,20,7,Clear,48.83,1,0
2015,20,8,Clear,50.04,1.81,0
2015,20,9,Clear,50.54,2.82,0
2015,20,10,Clear,52.68,4.6,0
2015,20,11,Clear,53.93,3.12,0
2015,20,12,Clear,56.78,6.22,0
2015,20,13,Clear,58.89,1.79,0
2015,20,14,Clear,65.92,7.79,0
2015,20,15,Clear,68.7,6.09,0
2015,20,16,Clear,68.86,8.44,0
2015,20,17,Clear,70.55,7.66,0
2015,20,18,Clear,69.59,7.56,0
2015,20,19,Clear,67.88,7.45,0
2015,20,20,Clear,66.71,2.93,0
2015,20,21,Clear,65.56,5.1,0
2015,20,22,Clear,58.54,0.83,0
2015,20,23,Clear,58.17,1.38,0
2015,21,0,Clear,59.63,1.19,0
2015,21,1,Clear,57.08,2.36,0
2015,21,2,Clear,57.85,4.64,0
2015,21,3,Clear,55.89,1.88,0
2015,21,4,Clear,53.02,3,0
2015,21,5,Clear,52.07,6.05,0
2015,21,6,Clear,53.45,2.62,0
2015,21,7,Clear,52.54,1.28,0
2015,21,8,Clear,53.65,6.52,0
2015,21,9,Clear,54.91,5.21,0
2015,21,10,Clear,53.45,4.61,0
2015,21,11,Clear,54.61,4.73,0
2015,21,12,Clear,55.78,4.27,0
2015,21,13,Clear,56.76,4.32,0
2015,21,14,Clear,56.7,3.54,0
2015,21,15,Clear,59.89,3.43,0
2015,21,16,Clear,58.73,2.9,0
2015,21,17,Clear,54.79,8.68,0
2015,21,18,Clear,51.09,6.78,0
2015,21,19,Breezy,49.96,18,0
2015,21,20,Light Rain,48.8,1.89,0.01
2015,21,21,Rain,46.96,5.19,0.0546
2015,21,22,Light Rain,46.08,7.63,0.0136
2015,21,23,Light Rain,46.02,5.74,0.02
2015,22,0,Light Rain,45.97,5.79,0.01
2015,22,1,Clear,45.85,5.95,0.0036
2015,22,2,Clear,45.83,4.87,0.0036
2015,22,3,Clear,44.75,5.29,0
2015,22,4,Clear,43.98,5.67,0
2015,22,5,Partly Cloudy,43.99,5.37,0
2015,22,6,Clear,44.23,3.51,0
2015,22,7,Partly Cloudy,44.9,6.91,0
2015,22,8,Partly Cloudy,45.13,7.02,0
2015,22,9,Partly Cloudy,47.08,2.97,0
2015,22,10,Clear,49.06,4.7,0
2015,22,11,Partly Cloudy,50.87,3.06,0
2015,22,12,Partly Cloudy,50.25,6,0
2015,22,13,Clear,53.16,6.4,0
2015,22,14,Clear,53.41,5.65,0
2015,22,15,Clear,55.1,4.87,0
2015,22,16,Clear,57.09,4.39,0
2015,22,17,Clear,58.79,5.03,0
2015,22,18,Partly Cloudy,57.08,5.18,0
2015,22,19,Clear,55.08,8.07,0
2015,22,20,Clear,53.07,9.82,0
2015,22,21,Clear,51.08,5.37,0
2015,22,22,Clear,50.08,3.5,0
2015,22,23,Clear,50.01,1.43,0
2015,23,0,Clear,48.98,1.51,0
2015,23,1,Clear,49.01,5.16,0
2015,23,2,Clear,48.9,5.39,0
2015,23,3,Clear,47.97,6.61,0
2015,23,4,Clear,47.97,6.51,0
2015,23,5,Clear,47.07,6.69,0
2015,23,6,Clear,47,7.86,0
2015,23,7,Clear,47.17,7.73,0
2015,23,8,Partly Cloudy,47.94,8.61,0
2015,23,9,Partly Cloudy,49.11,9.16,0
2015,23,10,Clear,50.15,11.39,0
2015,23,11,Clear,51.09,7.88,0
2015,23,12,Clear,52.09,8.74,0
2015,23,13,Clear,50.25,10.4,0
2015,23,14,Light Rain,49.11,8.33,0.0191
2015,23,15,Drizzle,48.7,7.27,0.0064
2015,23,16,Light Rain,48.95,3.86,0.0127
2015,23,17,Light Rain,49.07,9.78,0.0227
2015,23,18,Clear,49.88,10.8,0
2015,23,19,Partly Cloudy,50.02,9.68,0
2015,23,20,Drizzle,48.97,6.64,0.0064
2015,23,21,Clear,48.13,7.88,0
2015,23,22,Clear,48.13,10.14,0
2015,23,23,Clear,47.9,9.25,0
2015,24,0,Clear,47.83,7.2,0
2015,24,1,Clear,47.87,7.36,0
2015,24,2,Clear,46.86,6.73,0
2015,24,3,Light Rain,45.07,10.67,0.0382
2015,24,4,Clear,45.9,8.2,0
2015,24,5,Partly Cloudy,45.96,8.77,0
2015,24,6,Clear,45.41,7.3,0
2015,24,7,Clear,45.12,8.8,0
2015,24,8,Clear,46.17,9.75,0
2015,24,9,Clear,47.25,9.73,0
2015,24,10,Light Rain,47.22,9,0.0318
2015,24,11,Drizzle,49.91,14.58,0.0064
2015,24,12,Clear,51.01,10.74,0.0036
2015,24,13,Clear,49.11,13.78,0
2015,24,14,Light Rain,52.96,7.54,0.0127
2015,24,15,Partly Cloudy,53.9,10.39,0
2015,24,16,Partly Cloudy,54.03,8.69,0
2015,24,17,Drizzle,53.87,10.19,0.0064
2015,24,18,Clear,54.73,9.99,0
2015,24,19,Partly Cloudy,53.71,9.64,0
2015,24,20,Partly Cloudy,50.92,9.7,0
2015,24,21,Clear,49.92,9.35,0
2015,24,22,Partly Cloudy,48.86,8.37,0
2015,24,23,Clear,47.03,5.01,0
2015,25,0,Clear,46.97,1.45,0
2015,25,1,Clear,47.85,0.73,0
2015,25,2,Clear,46.88,4.09,0
2015,25,3,Clear,46.91,5.46,0
2015,25,4,Clear,45.91,3.13,0
2015,25,5,Partly Cloudy,44.93,4.8,0
2015,25,6,Clear,44.97,4.81,0
2015,25,7,Clear,44.93,2.94,0
2015,25,8,Clear,45.92,4.85,0
2015,25,9,Partly Cloudy,48.02,3.24,0
2015,25,10,Partly Cloudy,49.01,4.16,0
2015,25,11,Drizzle,50.95,4.86,0.0064
2015,25,12,Clear,51.22,1.58,0
2015,25,13,Clear,54.09,2.69,0
2015,25,14,Clear,54.72,4.92,0
2015,25,15,Clear,52.24,7.18,0
2015,25,16,Clear,52.16,5.2,0
2015,25,17,Partly Cloudy,52.32,4.99,0
2015,25,18,Clear,52.39,5.4,0
2015,25,19,Partly Cloudy,53.16,4.79,0
2015,25,20,Clear,52.06,5.55,0
2015,25,21,Clear,50.92,4.62,0
2015,25,22,Clear,48.94,1.94,0
2015,25,23,Clear,49.61,1.24,0
2015,26,0,Clear,48.7,3.06,0
2015,26,1,Clear,46.78,2.4,0
2015,26,2,Clear,46.57,5.04,0
2015,26,3,Clear,45.68,5.06,0
2015,26,4,Clear,43.94,3.28,0
2015,26,5,Clear,43.84,5.72,0
2015,26,6,Clear,43.74,2.3,0
2015,26,7,Clear,43.91,6.05,0
2015,26,8,Clear,44.99,5.2,0
2015,26,9,Clear,46.97,7.1,0
2015,26,10,Clear,50.73,3.51,0
2015,26,11,Partly Cloudy,51.9,2.18,0
2015,26,12,Clear,53.94,8.12,0
2015,26,13,Clear,55,1.99,0
2015,26,14,Partly Cloudy,56,2.1,0
2015,26,15,Clear,57.94,2.94,0
2015,26,16,Clear,59.78,6.37,0
2015,26,17,Clear,57.2,2.03,0
2015,26,18,Clear,57.16,8.22,0
2015,26,19,Clear,57.22,5.17,0
2015,26,20,Clear,57.06,3.79,0
2015,26,21,Clear,55.22,9.08,0
2015,26,22,Clear,55.06,6.13,0
2015,26,23,Clear,54.95,8.2,0
2015,27,0,Clear,54.91,6.39,0
2015,27,1,Clear,53.95,7.13,0
2015,27,2,Clear,53.02,7.91,0
2015,27,3,Clear,52.95,7.19,0
2015,27,4,Clear,52.95,7.16,0
2015,27,5,Clear,52.97,6.48,0
2015,27,6,Clear,53.01,8.14,0
2015,27,7,Clear,54.75,8.09,0
2015,27,8,Clear,54.86,5.61,0
2015,27,9,Clear,57.74,5.41,0
2015,27,10,Partly Cloudy,61.6,6.27,0
2015,27,11,Clear,63.71,2.25,0
2015,27,12,Clear,58.34,6.28,0
2015,27,13,Clear,61.16,3.19,0
2015,27,14,Clear,62.96,4.32,0
2015,27,15,Clear,64.23,1.4,0
2015,27,16,Clear,66.73,3.4,0
2015,27,17,Clear,70.08,6.96,0
2015,27,18,Clear,67.78,6,0
2015,27,19,Clear,69.96,6.84,0
2015,27,20,Clear,69.27,3.64,0
2015,27,21,Clear,64.61,5.96,0
2015,27,22,Clear,61.01,1.35,0
2015,27,23,Clear,58.42,2.64,0
2015,28,0,Clear,56.45,4.78,0
2015,28,1,Clear,55.61,3,0
2015,28,2,Clear,57.69,1.98,0
2015,28,3,Partly Cloudy,61.79,6.52,0
2015,28,4,Clear,60.86,7.12,0
2015,28,5,Clear,60.02,8.92,0
2015,28,6,Clear,59,8.91,0
2015,28,7,Clear,58,11.49,0
2015,28,8,Clear,57.96,6.88,0
2015,28,9,Clear,57.89,13.14,0
2015,28,10,Clear,58.9,7.52,0
2015,28,11,Clear,58.99,2.26,0
2015,28,12,Clear,56.26,9.63,0
2015,28,13,Clear,52.17,8.31,0
2015,28,14,Drizzle,51.96,7.24,0.0064
2015,28,15,Clear,51.92,3.76,0
2015,28,16,Clear,51.91,3.45,0
2015,28,17,Clear,50.89,4.15,0
2015,28,18,Clear,50.02,4.16,0
2015,28,19,Light Rain,50.02,5.91,0.0127
2015,28,20,Light Rain,50.08,2.18,0.0127
2015,28,21,Clear,50.08,5.8,0
2015,28,22,Drizzle,50.97,4.47,0.0064
2015,28,23,Light Rain,50.91,2.85,0.0127
2015,29,0,Drizzle,50.08,1.49,0.0064
2015,29,1,Light Rain,50.08,2.91,0.01
2015,29,2,Clear,49.9,5.55,0
2015,29,3,Clear,49.01,5.76,0
2015,29,4,Clear,48.97,7.33,0
2015,29,5,Partly Cloudy,48,5.49,0
2015,29,6,Partly Cloudy,48.08,3.45,0
2015,29,7,Clear,48.11,5.82,0
2015,29,8,Clear,48.12,5.89,0
2015,29,9,Clear,50.08,7.76,0
2015,29,10,Clear,52.19,6.94,0
2015,29,11,Partly Cloudy,54.16,2.23,0
2015,29,12,Clear,56.2,8.56,0
2015,29,13,Partly Cloudy,57.97,5.06,0
2015,29,14,Clear,57.25,1.81,0
2015,29,15,Partly Cloudy,59.85,5.13,0
2015,29,16,Clear,59.24,7.32,0
2015,29,17,Clear,60.92,7.77,0
2015,29,18,Partly Cloudy,60.04,13.57,0
2015,29,19,Clear,60.06,5.77,0
2015,29,20,Clear,57.22,5.6,0
2015,29,21,Partly Cloudy,56.05,9.05,0
2015,29,22,Partly Cloudy,54.11,5.45,0
2015,29,23,Clear,53.01,1.72,0
2015,30,0,Partly Cloudy,52.11,3.44,0
2015,30,1,Clear,51.84,3.1,0
2015,30,2,Clear,50.96,3.6,0
2015,30,3,Clear,50.76,5.16,0
2015,30,4,Partly Cloudy,49.95,4.86,0
2015,30,5,Clear,49.95,5.28,0
2015,30,6,Clear,49.9,3.58,0
2015,30,7,Clear,49.93,5.36,0
2015,30,8,Clear,50.08,3.64,0
2015,30,9,Partly Cloudy,51.08,5.18,0
2015,30,10,Partly Cloudy,52.09,7.12,0
2015,30,11,Partly Cloudy,53.04,6.31,0
2015,30,12,Partly Cloudy,53.3,6.79,0
2015,30,13,Clear,54.44,2.15,0
2015,30,14,Clear,57.95,2.03,0
2015,30,15,Clear,56.51,1.63,0
2015,30,16,Clear,57.54,2,0
2015,30,17,Clear,58.43,2.08,0
2015,30,18,Clear,57.47,2.59,0
2015,30,19,Clear,56.56,2.61,0
2015,30,20,Clear,56.55,0.63,0
2015,30,21,Clear,55.39,2.24,0
2015,30,22,Clear,54.45,1.18,0
2015,30,23,Clear,55.92,7.22,0
2016,1,0,Clear,57.46,0.53,0
2016,1,1,Clear,55.53,1.81,0
2016,1,2,Clear,53.68,1,0
2016,1,3,Clear,51.87,4.36,0
2016,1,4,Clear,50.83,2.14,0
2016,1,5,Clear,49.83,2,0
2016,1,6,Clear,49.6,4.9,0
2016,1,7,Clear,48.75,1.01,0
2016,1,8,Clear,49.06,0.44,0
2016,1,9,Clear,50.28,4.06,0
2016,1,10,Clear,51.45,4.54,0
2016,1,11,Clear,52.54,2.55,0
2016,1,12,Clear,53.8,4.59,0
2016,1,13,Clear,55.74,8,0
2016,1,14,Clear,56.81,8.35,0
2016,1,15,Clear,58.65,1.99,0
2016,1,16,Clear,60.49,2.98,0
2016,1,17,Clear,64.03,2.1,0
2016,1,18,Clear,63.97,4.34,0
2016,1,19,Clear,62.5,5.6,0
2016,1,20,Clear,59.19,1.94,0
2016,1,21,Clear,57.92,1.38,0
2016,1,22,Clear,56.74,2.93,0
2016,1,23,Clear,54.06,5.97,0
2016,2,0,Clear,53.01,5.11,0
2016,2,1,Clear,52.81,3.41,0
2016,2,2,Clear,51.78,4.92,0
2016,2,3,Clear,51.64,1.27,0
2016,2,4,Clear,49.82,2.63,0
2016,2,5,Clear,49.05,5,0
2016,2,6,Partly Cloudy,48.9,4.74,0
2016,2,7,Clear,47.94,6,0
2016,2,8,Clear,49,6.16,0
2016,2,9,Clear,48.92,5.26,0
2016,2,10,Clear,49.11,3.37,0
2016,2,11,Partly Cloudy,49.21,4.94,0
2016,2,12,Clear,50.34,4.8,0
2016,2,13,Clear,50.7,5.01,0
2016,2,14,Clear,54.26,2.23,0
2016,2,15,Clear,56.87,4.54,0
2016,2,16,Clear,58.65,3.39,0
2016,2,17,Clear,57.97,3.16,0
2016,2,18,Clear,57.06,6.99,0
2016,2,19,Clear,56.84,5.79,0
2016,2,20,Clear,54.85,5.43,0
2016,2,21,Clear,53.82,2.44,0
2016,2,22,Clear,52.78,3.5,0
2016,2,23,Clear,51.9,5.09,0
2016,3,0,Clear,50.9,5.13,0
2016,3,1,Clear,50.78,7,0
2016,3,2,Clear,49.74,2.76,0
2016,3,3,Clear,49.77,5,0
2016,3,4,Clear,49.77,7,0
2016,3,5,Clear,48.71,2,0
2016,3,6,Clear,47.73,2,0
2016,3,7,Clear,47.7,4.89,0
2016,3,8,Clear,48.76,2.97,0
2016,3,9,Partly Cloudy,50.82,3.99,0
2016,3,10,Clear,51.27,4.82,0
2016,3,11,Clear,52.45,2.9,0
2016,3,12,Clear,53.7,2.62,0
2016,3,13,Clear,55.88,1.55,0
2016,3,14,Clear,62.37,3.86,0
2016,3,15,Clear,67.48,1.88,0
2016,3,16,Clear,66.85,4.78,0
2016,3,17,Clear,68.69,1.91,0
2016,3,18,Clear,67.87,3.29,0
2016,3,19,Clear,66.83,4.37,0
2016,3,20,Partly Cloudy,62.15,9.33,0
2016,3,21,Clear,59.19,4.97,0
2016,3,22,Clear,57.19,9.4,0
2016,3,23,Rain,53.85,7.43,0.0564
2016,4,0,Light Rain,53,10.01,0.0382
2016,4,1,Rain,52.96,10.21,0.0564
2016,4,2,Light Rain,52.86,8.23,0.0309
2016,4,3,Rain,51.99,8.17,0.0573
2016,4,4,Partly Cloudy,51.04,8.78,0
2016,4,5,Partly Cloudy,50.94,10.29,0
2016,4,6,Partly Cloudy,49.94,8.31,0
2016,4,7,Clear,49.07,8.56,0
2016,4,8,Clear,49,9.32,0
2016,4,9,Clear,50.05,10.52,0
2016,4,10,Clear,51.01,9.53,0
2016,4,11,Clear,51.94,4.37,0
2016,4,12,Clear,54.08,8.34,0
2016,4,13,Clear,55.89,8.88,0
2016,4,14,Clear,56.08,11.98,0
2016,4,15,Clear,55.93,6.59,0
2016,4,16,Clear,55.12,4.16,0
2016,4,17,Clear,56.69,1.1,0
2016,4,18,Clear,56.55,2.14,0
2016,4,19,Partly Cloudy,53.89,4.58,0
2016,4,20,Partly Cloudy,51.78,6.86,0
2016,4,21,Partly Cloudy,49.99,8.23,0
2016,4,22,Partly Cloudy,49,4.18,0
2016,4,23,Partly Cloudy,48.88,6.47,0
2016,5,0,Partly Cloudy,47.97,6.34,0
2016,5,1,Clear,47.81,3.69,0
2016,5,2,Clear,47.88,6.17,0
2016,5,3,Clear,47.04,6.23,0
2016,5,4,Partly Cloudy,46.93,7.23,0
2016,5,5,Partly Cloudy,47,5.58,0
2016,5,6,Clear,46.94,5.41,0
2016,5,7,Clear,46.98,7,0
2016,5,8,Clear,47.14,5.78,0
2016,5,9,Clear,48.05,6.36,0
2016,5,10,Clear,49.89,6.49,0
2016,5,11,Clear,51.83,7.47,0
2016,5,12,Partly Cloudy,52.16,8.58,0
2016,5,13,Clear,53.09,8.31,0
2016,5,14,Clear,54.03,8.66,0
2016,5,15,Clear,54.96,8.62,0
2016,5,16,Clear,55.09,4.65,0
2016,5,17,Partly Cloudy,54.99,4.28,0
2016,5,18,Partly Cloudy,54.92,5.81,0
2016,5,19,Clear,54.89,10.38,0
2016,5,20,Clear,53.84,3.52,0
2016,5,21,Clear,53.82,6.26,0
2016,5,22,Clear,52.78,3.27,0
2016,5,23,Clear,51.72,2.24,0
2016,6,0,Clear,50.6,5.57,0
2016,6,1,Clear,49.77,5.05,0
2016,6,2,Clear,48.76,6.01,0
2016,6,3,Partly Cloudy,48.74,5.95,0
2016,6,4,Clear,47.74,6.28,0
2016,6,5,Clear,46.77,6.05,0
2016,6,6,Clear,46.72,3.1,0
2016,6,7,Clear,46.68,2.21,0
2016,6,8,Clear,46.98,3,0
2016,6,9,Clear,49,1.77,0
2016,6,10,Clear,50.21,2.74,0
2016,6,11,Clear,52.35,2.12,0
2016,6,12,Clear,53.65,5.36,0
2016,6,13,Clear,54.68,6.67,0
2016,6,14,Clear,56.56,6.18,0
2016,6,15,Clear,60.18,5.06,0
2016,6,16,Clear,61.16,7.92,0
2016,6,17,Clear,65.45,8.1,0
2016,6,18,Clear,63.79,10.07,0
2016,6,19,Clear,60.99,9.24,0
2016,6,20,Clear,58.76,4.1,0
2016,6,21,Clear,57.78,3.97,0
2016,6,22,Clear,56.86,2.32,0
2016,6,23,Clear,55.86,7.4,0
2016,7,0,Clear,55.83,5.5,0
2016,7,1,Clear,54.85,6.52,0
2016,7,2,Clear,53.81,5.72,0
2016,7,3,Clear,52.87,7.21,0
2016,7,4,Clear,52.81,8.67,0
2016,7,5,Clear,52.64,2.15,0
2016,7,6,Clear,52.64,4.19,0
2016,7,7,Clear,52.64,4.06,0
2016,7,8,Clear,51.91,15,0
2016,7,9,Clear,53.88,5.57,0
2016,7,10,Clear,56.75,5.58,0
2016,7,11,Clear,57.03,6.2,0
2016,7,12,Clear,58.2,8.08,0
2016,7,13,Clear,59.57,1.27,0
2016,7,14,Clear,62.53,5.59,0
2016,7,15,Clear,61.93,7.9,0
2016,7,16,Clear,74.73,7.81,0
2016,7,17,Clear,68.17,7.55,0
2016,7,18,Clear,66.54,3.21,0
2016,7,19,Clear,72.02,3.81,0
2016,7,20,Clear,65.28,3.54,0
2016,7,21,Clear,60.04,3.07,0
2016,7,22,Clear,58.96,0.59,0
2016,7,23,Clear,57.96,7.46,0
2016,8,0,Clear,55.29,9,0
2016,8,1,Clear,54.29,9,0
2016,8,2,Clear,54.13,0.74,0
2016,8,3,Clear,53.01,7,0
2016,8,4,Clear,52.07,1.17,0
2016,8,5,Clear,52.87,2.93,0
2016,8,6,Clear,50.97,7,0
2016,8,7,Clear,51.04,0.99,0
2016,8,8,Clear,51.3,0.64,0
2016,8,9,Clear,53.35,6.29,0
2016,8,10,Clear,56.3,1.13,0
2016,8,11,Clear,57.67,1.93,0
2016,8,12,Clear,61.27,6.59,0
2016,8,13,Clear,64.04,6.96,0
2016,8,14,Clear,67.67,5.07,0
2016,8,15,Clear,67.12,4.23,0
2016,8,16,Clear,71.03,3.49,0
2016,8,17,Clear,72.92,8.5,0
2016,8,18,Clear,65.27,6.58,0
2016,8,19,Clear,64.9,2.46,0
2016,8,20,Clear,64.27,14.17,0
2016,8,21,Clear,59.62,1.29,0
2016,8,22,Clear,57.83,2.11,0
2016,8,23,Clear,56.05,2.7,0
2016,9,0,Clear,54.87,5.21,0
2016,9,1,Clear,53.89,0.54,0
2016,9,2,Clear,52.01,7.76,0
2016,9,3,Clear,51.07,6.01,0
2016,9,4,Clear,49.94,5.04,0
2016,9,5,Clear,49,2.09,0
2016,9,6,Clear,48.87,2.05,0
2016,9,7,Clear,48.7,1.68,0
2016,9,8,Clear,48.97,1.76,0
2016,9,9,Clear,49.33,4.39,0
2016,9,10,Partly Cloudy,48.74,3.56,0
2016,9,11,Clear,50.72,1.36,0
2016,9,12,Clear,54.36,4.17,0
2016,9,13,Clear,55.35,0.75,0
2016,9,14,Clear,57.41,10,0
2016,9,15,Clear,61.1,8,0
2016,9,16,Clear,62.81,5.2,0
2016,9,17,Clear,61.91,2.65,0
2016,9,18,Clear,62.75,5.08,0
2016,9,19,Clear,63.57,4.91,0
2016,9,20,Clear,61.65,2.91,0
2016,9,21,Clear,59.73,2.61,0
2016,9,22,Clear,55.14,4.15,0
2016,9,23,Clear,53.04,4.82,0
2016,10,0,Clear,51.75,6.51,0
2016,10,1,Clear,50.77,5.6,0
2016,10,2,Partly Cloudy,49.81,5.78,0
2016,10,3,Partly Cloudy,48.97,5.62,0
2016,10,4,Clear,48.91,7.13,0
2016,10,5,Clear,49.04,5.69,0
2016,10,6,Clear,49.04,4.1,0
2016,10,7,Clear,49,5.61,0
2016,10,8,Clear,49.94,5.8,0
2016,10,9,Clear,50.07,5.6,0
2016,10,10,Clear,50.94,5.56,0
2016,10,11,Clear,51.94,3.69,0
2016,10,12,Clear,54.82,5.47,0
2016,10,13,Clear,54.95,5.18,0
2016,10,14,Clear,55.89,6.15,0
2016,10,15,Clear,56.06,5.13,0
2016,10,16,Clear,56.17,6.28,0
2016,10,17,Partly Cloudy,56.58,7.89,0
2016,10,18,Partly Cloudy,55.93,5.16,0
2016,10,19,Clear,55.88,5.5,0
2016,10,20,Clear,53.52,5.7,0
2016,10,21,Clear,53.05,6.25,0
2016,10,22,Clear,52.94,5.44,0
2016,10,23,Clear,52.82,6.04,0
2016,11,0,Clear,51.98,3.21,0
2016,11,1,Clear,51.94,6.55,0
2016,11,2,Clear,51.1,5.58,0
2016,11,3,Clear,51.04,6.5,0
2016,11,4,Clear,50.98,6.36,0
2016,11,5,Clear,50.88,5.58,0
2016,11,6,Clear,50.94,7.47,0
2016,11,7,Clear,49.94,6.65,0
2016,11,8,Clear,50.89,5.64,0
2016,11,9,Clear,51.05,6.23,0
2016,11,10,Clear,51.89,5.61,0
2016,11,11,Clear,52.89,3.56,0
2016,11,12,Clear,52.99,6.35,0
2016,11,13,Clear,53.93,5.27,0
2016,11,14,Clear,54.15,2.94,0
2016,11,15,Clear,55.03,2.61,0
2016,11,16,Clear,56.08,3.24,0
2016,11,17,Clear,56.92,2.89,0
2016,11,18,Clear,54.35,2.35,0
2016,11,19,Clear,54.23,2.66,0
2016,11,20,Clear,53.97,1.07,0
2016,11,21,Clear,53.06,2.61,0
2016,11,22,Clear,53.03,0.83,0
2016,11,23,Clear,51.19,1.6,0
2016,12,0,Clear,51.98,5,0
2016,12,1,Clear,51.82,3.93,0
2016,12,2,Clear,50.98,5.72,0
2016,12,3,Clear,50.88,5.83,0
2016,12,4,Clear,49.84,5.59,0
2016,12,5,Clear,49.94,5.85,0
2016,12,6,Clear,49.1,5.57,0
2016,12,7,Clear,49.88,5.79,0
2016,12,8,Clear,49.94,6.79,0
2016,12,9,Clear,50.9,9.55,0
2016,12,10,Clear,52.89,8.9,0
2016,12,11,Clear,55.87,7.45,0
2016,12,12,Clear,55.97,8.1,0
2016,12,13,Clear,56.87,7.81,0
2016,12,14,Clear,56.09,8.02,0
2016,12,15,Clear,56.04,10.36,0
2016,12,16,Light Rain,50.05,3.78,0.0227
2016,12,17,Rain,49.94,7.23,0.0955
2016,12,18,Rain,49,6.75,0.1146
2016,12,19,Light Rain,48.77,8.64,0.0409
2016,12,20,Rain,48.96,9.97,0.0673
2016,12,21,Light Rain,48.06,11.27,0.0445
2016,12,22,Clear,48,8.79,0
2016,12,23,Clear,47.96,9.84,0
2016,13,0,Clear,46.96,6.7,0
2016,13,1,Partly Cloudy,46.9,7.19,0
2016,13,2,Partly Cloudy,46.86,4.09,0
2016,13,3,Clear,46.96,7.68,0
2016,13,4,Partly Cloudy,47.02,7.35,0
2016,13,5,Partly Cloudy,46.92,6.66,0
2016,13,6,Clear,46.86,3.84,0
2016,13,7,Clear,46.86,4,0
2016,13,8,Clear,46.89,5.41,0
2016,13,9,Partly Cloudy,48.95,5.47,0
2016,13,10,Partly Cloudy,50.9,3.63,0
2016,13,11,Clear,52.87,7.42,0
2016,13,12,Clear,53.96,6.65,0
2016,13,13,Clear,53.83,6.08,0
2016,13,14,Clear,54.03,5.99,0
2016,13,15,Clear,54.09,1.4,0
2016,13,16,Partly Cloudy,54.22,3.93,0
2016,13,17,Clear,54.44,3.89,0
2016,13,18,Clear,55.32,5.03,0
2016,13,19,Partly Cloudy,56.68,4.85,0
2016,13,20,Clear,54.9,5.89,0
2016,13,21,Clear,54.8,2.02,0
2016,13,22,Partly Cloudy,54.43,4.7,0
2016,13,23,Clear,51.08,5,0
2016,14,0,Clear,50.17,2.83,0
2016,14,1,Light Rain,47,12.05,0.0227
2016,14,2,Rain,45.96,6.24,0.0818
2016,14,3,Light Rain,45.96,4.99,0.0273
2016,14,4,Partly Cloudy,46,6.67,0
2016,14,5,Clear,46.8,1.97,0
2016,14,6,Clear,46.76,3.17,0
2016,14,7,Clear,46.6,3.29,0
2016,14,8,Clear,47.6,4.94,0
2016,14,9,Partly Cloudy,48.85,2.75,0
2016,14,10,Clear,48.34,2.95,0
2016,14,11,Clear,50.19,3.52,0
2016,14,12,Clear,52.22,5.22,0
2016,14,13,Partly Cloudy,54.06,5.04,0
2016,14,14,Clear,54.98,5.92,0
2016,14,15,Clear,56.76,6.42,0
2016,14,16,Clear,55.98,9.92,0
2016,14,17,Clear,55.97,8.68,0
2016,14,18,Clear,55.91,8.09,0
2016,14,19,Clear,53.89,9.62,0
2016,14,20,Clear,52.95,4.15,0
2016,14,21,Clear,52.79,6.45,0
2016,14,22,Light Rain,50.77,2.3,0.0127
2016,14,23,Light Rain,49.85,0.95,0.03
2016,15,0,Clear,49.9,3.23,0
2016,15,1,Clear,49.88,2.44,0
2016,15,2,Clear,49.9,2.43,0
2016,15,3,Clear,49.9,3.28,0
2016,15,4,Clear,49.9,2.77,0
2016,15,5,Clear,49.07,5.31,0
2016,15,6,Clear,49.88,4,0
2016,15,7,Clear,49.01,6.52,0
2016,15,8,Clear,49.84,6.48,0
2016,15,9,Clear,50.89,7.45,0
2016,15,10,Clear,51.99,7.44,0
2016,15,11,Clear,53.87,7.59,0
2016,15,12,Clear,53.99,7.51,0
2016,15,13,Clear,54.92,5.47,0
2016,15,14,Clear,56.86,7.37,0
2016,15,15,Clear,57.7,3.71,0
2016,15,16,Clear,58.81,5.41,0
2016,15,17,Clear,57.93,5.85,0
2016,15,18,Clear,57.97,7.44,0
2016,15,19,Clear,57.81,6.47,0
2016,15,20,Clear,56.87,3.22,0
2016,15,21,Clear,55.87,1.37,0
2016,15,22,Clear,54.77,1.84,0
2016,15,23,Clear,53.62,1.35,0
2016,16,0,Clear,49.3,1.28,0
2016,16,1,Clear,48.24,3.45,0
2016,16,2,Clear,46.48,3.88,0
2016,16,3,Clear,46.24,3.33,0
2016,16,4,Clear,45.83,5.07,0
2016,16,5,Clear,44.78,5.43,0
2016,16,6,Clear,44.6,5.06,0
2016,16,7,Clear,45.01,3,0
2016,16,8,Clear,46.53,5,0
2016,16,9,Clear,49.23,3.82,0
2016,16,10,Clear,51.52,2.24,0
2016,16,11,Clear,54.16,0.56,0
2016,16,12,Clear,56.4,1.33,0
2016,16,13,Clear,59.04,2.42,0
2016,16,14,Clear,59.8,2.91,0
2016,16,15,Clear,60.21,5.37,0
2016,16,16,Clear,61.86,4.05,0
2016,16,17,Clear,62.86,6.1,0
2016,16,18,Clear,63.62,3.6,0
2016,16,19,Clear,62.51,3.21,0
2016,16,20,Clear,60.51,8,0
2016,16,21,Clear,57.57,9,0
2016,16,22,Clear,56.29,6.79,0
2016,16,23,Clear,54.47,6.34,0
2016,17,0,Clear,53.7,5.02,0
2016,17,1,Clear,54.6,7.01,0
2016,17,2,Clear,54.56,3.49,0
2016,17,3,Clear,53.62,5.41,0
2016,17,4,Clear,53.48,3.43,0
2016,17,5,Clear,52.64,3.52,0
2016,17,6,Clear,52.52,2.61,0
2016,17,7,Clear,51.64,4.92,0
2016,17,8,Clear,52.75,5.34,0
2016,17,9,Clear,53.96,3.13,0
2016,17,10,Clear,55.21,7.11,0
2016,17,11,Clear,59.01,6.37,0
2016,17,12,Clear,60.19,6.68,0
2016,17,13,Clear,64.96,4.97,0
2016,17,14,Clear,67.86,5.9,0
2016,17,15,Clear,68.84,6.05,0
2016,17,16,Clear,72.39,6.22,0
2016,17,17,Clear,75.97,6.29,0
2016,17,18,Clear,72.6,5.81,0
2016,17,19,Clear,73.07,2.62,0
2016,17,20,Clear,69.27,2.24,0
2016,17,21,Clear,60.51,1.79,0
2016,17,22,Clear,60.1,2.24,0
2016,17,23,Clear,58.25,0.25,0
2016,18,0,Clear,57.18,5.94,0
2016,18,1,Clear,55.2,2.13,0
2016,18,2,Clear,55.14,0.71,0
2016,18,3,Clear,54.23,4.3,0
2016,18,4,Clear,53.87,6,0
2016,18,5,Clear,52.9,2,0
2016,18,6,Clear,51.9,1.04,0
2016,18,7,Clear,51.96,1.85,0
2016,18,8,Clear,54.22,2,0
2016,18,9,Clear,54.09,2.39,0
2016,18,10,Clear,57.34,4.6,0
2016,18,11,Clear,58.86,2.27,0
2016,18,12,Clear,64.08,1.12,0
2016,18,13,Clear,68.15,2.83,0
2016,18,14,Clear,71.39,1.82,0
2016,18,15,Clear,76.68,1.51,0
2016,18,16,Clear,78.2,5.52,0
2016,18,17,Clear,77.32,3.15,0
2016,18,18,Clear,78.95,2.52,0
2016,18,19,Clear,76.08,3.63,0
2016,18,20,Clear,77.83,7.46,0
2016,18,21,Clear,72.31,7.82,0
2016,18,22,Clear,66.21,0.46,0
2016,18,23,Clear,61.63,0.87,0
2016,19,0,Clear,60.53,0.81,0
2016,19,1,Clear,59.47,0.94,0
2016,19,2,Clear,58.37,1.59,0
2016,19,3,Clear,57.22,1.4,0
2016,19,4,Clear,56.09,0.81,0
2016,19,5,Clear,55.16,5,0
2016,19,6,Clear,54.81,2.05,0
2016,19,7,Clear,54.09,2.54,0
2016,19,8,Clear,54.55,2.92,0
2016,19,9,Clear,55.84,2.04,0
2016,19,10,Clear,56.15,1.95,0
2016,19,11,Clear,58.21,2.28,0
2016,19,12,Clear,61.24,3.11,0
2016,19,13,Clear,63.24,0.99,0
2016,19,14,Clear,64.4,6.98,0
2016,19,15,Clear,71.42,7.01,0
2016,19,16,Clear,73.83,6.31,0
2016,19,17,Clear,74.55,3.58,0
2016,19,18,Clear,79.12,3.55,0
2016,19,19,Clear,75.39,5.84,0
2016,19,20,Clear,70.01,6.35,0
2016,19,21,Clear,66.99,4.98,0
2016,19,22,Clear,61.73,0.11,0
2016,19,23,Clear,60.68,6.98,0
2016,20,0,Clear,59.36,5.29,0
2016,20,1,Clear,58.26,0.69,0
2016,20,2,Clear,57.25,2.95,0
2016,20,3,Clear,56.26,1.02,0
2016,20,4,Clear,55.24,5,0
2016,20,5,Clear,54.2,4.76,0
2016,20,6,Clear,53.36,1.64,0
2016,20,7,Clear,53.24,3,0
2016,20,8,Clear,53.61,4.49,0
2016,20,9,Clear,55.02,3,0
2016,20,10,Clear,56.24,3,0
2016,20,11,Clear,59.03,1.23,0
2016,20,12,Clear,63.56,1.33,0
2016,20,13,Clear,64.82,6.77,0
2016,20,14,Clear,68.39,2.01,0
2016,20,15,Clear,67.85,1.93,0
2016,20,16,Clear,71.54,1.11,0
2016,20,17,Clear,75.44,5,0
2016,20,18,Clear,67.39,2.83,0
2016,20,19,Clear,74.38,1.7,0
2016,20,20,Clear,65.53,0.32,0
2016,20,21,Clear,67.93,1.68,0
2016,20,22,Clear,62.11,3.69,0
2016,20,23,Clear,61.64,6.04,0
2016,21,0,Clear,61.54,5.45,0
2016,21,1,Clear,60.58,7.88,0
2016,21,2,Partly Cloudy,58.81,5.82,0
2016,21,3,Clear,56.21,7.78,0
2016,21,4,Clear,55.89,5.92,0
2016,21,5,Clear,54.88,3.82,0
2016,21,6,Clear,54.78,5.73,0
2016,21,7,Clear,53.88,6.58,0
2016,21,8,Clear,54.92,5.82,0
2016,21,9,Clear,56.87,5.64,0
2016,21,10,Clear,57.98,3.5,0
2016,21,11,Partly Cloudy,60.88,5.62,0
2016,21,12,Clear,62.79,3.92,0
2016,21,13,Clear,65.67,1.45,0
2016,21,14,Clear,69.47,2.12,0
2016,21,15,Clear,72.35,2.27,0
2016,21,16,Clear,69.56,6.2,0
2016,21,17,Partly Cloudy,67.2,3.63,0
2016,21,18,Clear,67.05,1.49,0
2016,21,19,Clear,65.2,1.93,0
2016,21,20,Partly Cloudy,61.81,1.93,0
2016,21,21,Clear,64.01,4.48,0
2016,21,22,Clear,65.34,2.76,0
2016,21,23,Clear,62.6,6.52,0
2016,22,0,Clear,61.66,6.23,0
2016,22,1,Clear,59,2.62,0
2016,22,2,Clear,58,2.85,0
2016,22,3,Clear,57,5.38,0
2016,22,4,Partly Cloudy,57.86,5.62,0
2016,22,5,Partly Cloudy,56.92,6.71,0
2016,22,6,Partly Cloudy,56.89,5.84,0
2016,22,7,Partly Cloudy,56.78,6.26,0
2016,22,8,Clear,56.94,3.39,0
2016,22,9,Partly Cloudy,57.77,2.85,0
2016,22,10,Partly Cloudy,56.56,4.55,0
2016,22,11,Clear,58.46,5,0
2016,22,12,Clear,58.15,8.73,0
2016,22,13,Clear,57.11,8.21,0
2016,22,14,Clear,56.21,5.69,0
2016,22,15,Clear,57.76,7.43,0
2016,22,16,Light Rain,57.03,5.87,0.0164
2016,22,17,Clear,56.9,4.19,0
2016,22,18,Clear,57.97,6.47,0
2016,22,19,Clear,57.64,3.62,0
2016,22,20,Clear,57.74,5.71,0
2016,22,21,Clear,56.78,5.62,0
2016,22,22,Clear,55.95,6.27,0
2016,22,23,Partly Cloudy,54.86,5.41,0
2016,23,0,Clear,54.82,6.7,0
2016,23,1,Clear,53.98,5.25,0
2016,23,2,Clear,53.89,6.49,0
2016,23,3,Clear,52.99,5.91,0
2016,23,4,Clear,52.89,6.78,0
2016,23,5,Clear,52.89,6.93,0
2016,23,6,Clear,52.89,7.66,0
2016,23,7,Clear,52.89,7.59,0
2016,23,8,Clear,52.92,6.48,0
2016,23,9,Clear,53.99,4.4,0
2016,23,10,Clear,54.97,9.3,0
2016,23,11,Clear,56.78,7.11,0
2016,23,12,Clear,56.1,7.49,0
2016,23,13,Clear,59.65,5.58,0
2016,23,14,Clear,61.88,5.82,0
2016,23,15,Partly Cloudy,62.89,4.26,0
2016,23,16,Partly Cloudy,63.58,3.93,0
2016,23,17,Clear,60.02,8.41,0
2016,23,18,Clear,58.14,6.22,0
2016,23,19,Clear,58.03,5.58,0
2016,23,20,Drizzle,56.01,10.02,0.0064
2016,23,21,Drizzle,54.89,7.24,0.0064
2016,23,22,Clear,53.94,7.64,0
2016,23,23,Clear,53.94,6.86,0
2016,24,0,Clear,53.01,8.31,0
2016,24,1,Clear,52.94,7.3,0
2016,24,2,Clear,52.94,6.24,0
2016,24,3,Partly Cloudy,52.94,7.05,0
2016,24,4,Clear,52.94,7.31,0
2016,24,5,Clear,52,6.41,0
2016,24,6,Drizzle,51.94,4.07,0.0073
2016,24,7,Clear,51.9,6.54,0
2016,24,8,Clear,50.89,5.63,0
2016,24,9,Light Rain,48.22,4.54,0.01
2016,24,10,Light Rain,48.84,2.7,0.0127
2016,24,11,Light Rain,47.97,3.07,0.05
2016,24,12,Rain,48.82,5.49,0.0809
2016,24,13,Light Rain,47.15,4.77,0.0236
2016,24,14,Light Rain,49.22,2.87,0.01
2016,24,15,Drizzle,51.15,5.16,0.0064
2016,24,16,Clear,53.08,1.33,0
2016,24,17,Clear,50.22,8.04,0
2016,24,18,Clear,50.91,5.44,0
2016,24,19,Partly Cloudy,51.78,2.03,0
2016,24,20,Clear,49.84,2.26,0
2016,24,21,Clear,49.03,3.39,0
2016,24,22,Clear,48.86,5.69,0
2016,24,23,Clear,48.8,4.72,0
2016,25,0,Clear,47.1,3.56,0
2016,25,1,Rain,46.09,3.13,0.0945
2016,25,2,Light Rain,46.9,3.06,0.0527
2016,25,3,Clear,46.96,2.42,0
2016,25,4,Clear,46.06,3.21,0.0036
2016,25,5,Partly Cloudy,46,2.06,0
2016,25,6,Clear,46,1.19,0
2016,25,7,Clear,46.9,2.04,0.0036
2016,25,8,Clear,46.1,2.95,0
2016,25,9,Clear,46.94,3.33,0.0036
2016,25,10,Clear,48.89,2.76,0
2016,25,11,Clear,49.92,1.43,0
2016,25,12,Clear,51.99,3.14,0
2016,25,13,Clear,52.99,4.63,0
2016,25,14,Clear,52.47,5.59,0
2016,25,15,Clear,55.06,7.1,0
2016,25,16,Clear,55.26,9.94,0
2016,25,17,Clear,56.67,5.58,0
2016,25,18,Clear,55.89,6.95,0
2016,25,19,Partly Cloudy,55.93,7.12,0
2016,25,20,Clear,54.95,3.45,0
2016,25,21,Clear,53.91,3.28,0
2016,25,22,Clear,52.85,5.79,0
2016,25,23,Clear,50.81,4.61,0
2016,26,0,Clear,49.87,5.74,0
2016,26,1,Clear,48.7,3.16,0
2016,26,2,Clear,48.62,5.9,0
2016,26,3,Partly Cloudy,46.78,4.88,0
2016,26,4,Clear,45.71,4.87,0
2016,26,5,Clear,45.84,3.15,0
2016,26,6,Partly Cloudy,45.65,2.29,0
2016,26,7,Partly Cloudy,44.94,5.01,0
2016,26,8,Partly Cloudy,46.87,5.07,0
2016,26,9,Partly Cloudy,48.85,3.5,0
2016,26,10,Clear,50.22,4.95,0
2016,26,11,Partly Cloudy,51.99,5.66,0
2016,26,12,Clear,54.8,2.24,0
2016,26,13,Clear,53.42,5.43,0
2016,26,14,Partly Cloudy,54.51,6.22,0
2016,26,15,Partly Cloudy,56.22,0.84,0
2016,26,16,Clear,57.22,4.44,0
2016,26,17,Clear,58.03,2.25,0
2016,26,18,Clear,57.03,2.28,0
2016,26,19,Clear,56.81,4.7,0
2016,26,20,Clear,55.13,4.88,0
2016,26,21,Clear,54.06,4.92,0
2016,26,22,Clear,53.86,5.09,0
2016,26,23,Partly Cloudy,53.05,4.92,0
2016,27,0,Partly Cloudy,52.85,3.75,0
2016,27,1,Clear,51.94,3.06,0
2016,27,2,Clear,50.98,4.74,0
2016,27,3,Clear,50.94,6,0
2016,27,4,Clear,50.9,3,0
2016,27,5,Clear,50.96,4.91,0
2016,27,6,Clear,50.9,4.55,0
2016,27,7,Clear,50.85,0.85,0
2016,27,8,Clear,52.71,2.91,0
2016,27,9,Clear,51.95,2.54,0
2016,27,10,Clear,52.11,6.97,0
2016,27,11,Clear,53.85,5.45,0
2016,27,12,Clear,53.85,5.96,0
2016,27,13,Clear,54.99,3.56,0
2016,27,14,Clear,56,3.35,0
2016,27,15,Clear,56.81,8.41,0
2016,27,16,Clear,55.45,7.6,0
2016,27,17,Clear,57.99,6.93,0
2016,27,18,Clear,56.25,6.04,0
2016,27,19,Clear,57.34,5.96,0
2016,27,20,Clear,57.01,4.06,0
2016,27,21,Clear,55.95,4.49,0
2016,27,22,Clear,55.85,1.85,0
2016,27,23,Clear,55.85,2.3,0
2016,28,0,Clear,54.85,2,0
2016,28,1,Clear,54.71,5.42,0
2016,28,2,Clear,54.65,2.13,0
2016,28,3,Clear,53.93,1.68,0
2016,28,4,Clear,53.81,3,0
2016,28,5,Clear,53.75,3,0
2016,28,6,Clear,52.01,2.12,0
2016,28,7,Clear,52.41,1.7,0
2016,28,8,Clear,52.05,2.3,0
2016,28,9,Clear,53.03,3.64,0
2016,28,10,Clear,53.32,4.55,0
2016,28,11,Clear,55.03,0.62,0
2016,28,12,Partly Cloudy,55.32,4.5,0
2016,28,13,Clear,56.15,1.37,0
2016,28,14,Clear,58.23,1.02,0
2016,28,15,Clear,60.22,5.17,0
2016,28,16,Clear,61.89,4.25,0
2016,28,17,Clear,62.49,5.28,0
2016,28,18,Clear,58.28,4.69,0
2016,28,19,Clear,57.46,6.59,0
2016,28,20,Clear,57.22,8.71,0
2016,28,21,Clear,56.97,7.77,0
2016,28,22,Clear,55.97,5.06,0
2016,28,23,Clear,54.93,5.94,0
2016,29,0,Clear,53.99,0.63,0
2016,29,1,Clear,53.82,3.97,0
2016,29,2,Clear,52.88,4.56,0
2016,29,3,Clear,52.77,4.7,0
2016,29,4,Clear,51.88,3.31,0
2016,29,5,Clear,51,2.11,0
2016,29,6,Clear,51.72,2.65,0
2016,29,7,Clear,50.89,4.71,0
2016,29,8,Clear,50.77,1.65,0
2016,29,9,Light Rain,49.89,3.46,0.0191
2016,29,10,Light Rain,50.78,1.15,0.0136
2016,29,11,Clear,51.98,5.3,0
2016,29,12,Clear,54.72,1.74,0
2016,29,13,Clear,53.2,2.51,0
2016,29,14,Clear,55.03,2.74,0
2016,29,15,Clear,56.92,1.71,0
2016,29,16,Partly Cloudy,57.76,1.9,0
2016,29,17,Partly Cloudy,57.81,3.97,0
2016,29,18,Partly Cloudy,56.46,,0
2016,29,19,Clear,58.06,3.04,0
2016,29,20,Partly Cloudy,57.34,2.73,0
2016,29,21,Clear,55.97,1.74,0
2016,29,22,Partly Cloudy,56.55,1.91,0
2016,29,23,Partly Cloudy,54.73,1.61,0
2016,30,0,Clear,53.57,5.32,0
2016,30,1,Partly Cloudy,52.67,2.18,0
2016,30,2,Partly Cloudy,51.79,6,0
2016,30,3,Clear,51.6,7,0
2016,30,4,Clear,50.6,2.8,0
2016,30,5,Clear,50.6,2.96,0
2016,30,6,Partly Cloudy,49.46,3.1,0
2016,30,7,Partly Cloudy,48.75,2.23,0
2016,30,8,Partly Cloudy,51.66,1.68,0
2016,30,9,Clear,52.87,1.12,0
2016,30,10,Clear,52.33,4.99,0
2016,30,11,Clear,54.37,4.59,0
2016,30,12,Clear,57.06,4.34,0
2016,30,13,Clear,58.21,5.37,0
2016,30,14,Clear,60.92,5.31,0
2016,30,15,Clear,62.94,10.28,0
2016,30,16,Clear,62.57,3.96,0
2016,30,17,Clear,63.86,9.12,0
2016,30,18,Clear,64.83,6.43,0
2016,30,19,Clear,63.28,8.09,0
2016,30,20,Clear,63.75,3.63,0
2016,30,21,Clear,59.97,3.18,0
2016,30,22,Clear,60.49,3.22,0
2016,30,23,Clear,59.55,3.57,0
